0.000000	38869.996532	39713.327851	-187500.022352	-187500.022352	92506.360114	82885.744618	94789.926087	-187500.022352	0.018000	0.496000	0.046000	192.000000	0.000000	144.000000	15.000000	128.000000	1.000000	112.000000	0.000000	0.000000	0.000000	1761332287.872317	0.000000
1.000000	38832.289139	39670.233687	-187500.022352	-187500.022352	92691.298448	83130.630330	94979.893563	-187500.022352	0.018000	0.496000	0.046000	192.000000	0.000000	0.000000	0.000000	0.000000	0.000000	0.000000	0.000000	0.000000	0.000000	1761332288.352428	0.000000
2.000000	38835.038404	39663.081129	-187500.022352	-187500.022352	92676.680407	82950.631732	95122.318878	-187500.022352	0.018000	0.496000	0.046000	192.000000	0.000000	0.000000	0.000000	0.000000	0.000000	0.000000	0.000000	0.000000	0.000000	1761332288.352520	0.000000
3.000000	38863.961561	39694.150054	-187500.022352	-187500.022352	92524.286213	82743.341654	95016.237499	-187500.022352	0.018000	0.496000	0.046000	192.000000	0.000000	0.000000	0.000000	0.000000	0.000000	0.000000	0.000000	0.000000	0.000000	1761332288.352572	0.000000
4.000000	38871.002361	39711.718525	-187500.022352	-187500.022352	92488.836347	82839.342396	94805.818177	-187500.022352	0.018000	0.496000	0.046000	192.000000	0.000000	0.000000	0.000000	0.000000	0.000000	0.000000	0.000000	0.000000	0.000000	1761332288.352618	0.000000
5.000000	38837.072413	39673.653504	-187500.022352	-187500.022352	92672.634741	83124.662414	94957.944150	-187500.022352	0.018000	0.496000	0.046000	192.000000	0.000000	0.000000	0.000000	0.000000	0.000000	0.000000	0.000000	0.000000	0.000000	1761332288.352645	0.000000
6.000000	38835.373680	39656.330902	-187500.022352	-187500.022352	92691.745483	82995.692849	95126.006916	-187500.022352	0.018000	0.496000	0.046000	192.000000	0.000000	0.000000	0.000000	0.000000	0.000000	0.000000	0.000000	0.000000	0.000000	1761332288.352672	0.000000
7.000000	38865.459128	39688.450359	-187500.022352	-187500.022352	92531.349365	82742.492287	95038.075154	-187500.022352	0.036000	0.742000	0.068000	192.000000	1.000000	32.000000	23.000000	48.000000	2.000000	32.000000	0.000000	0.000000	0.000000	1761332288.352701	0.000000
8.000000	38875.562117	39708.633984	-187500.022352	-187500.022352	92465.970512	82785.698209	94821.397343	-187500.022352	0.036000	0.742000	0.068000	192.000000	0.000000	0.000000	0.000000	0.000000	0.000000	0.000000	0.000000	0.000000	0.000000	1761332288.352733	0.000000
9.000000	38838.145296	39673.184117	-187500.022352	-187500.022352	92630.725221	83080.070684	94911.966611	-187500.022352	0.036000	0.742000	0.068000	192.000000	0.000000	0.000000	0.000000	0.000000	0.000000	0.000000	0.000000	0.000000	0.000000	1761332288.352762	0.000000
10.000000	38816.352346	39639.522390	-187500.022352	-187500.022352	92694.315934	83024.459544	95107.432617	-187500.022352	0.036000	0.742000	0.068000	192.000000	0.000000	0.000000	0.000000	0.000000	0.000000	0.000000	0.000000	0.000000	0.000000	1761332288.352790	0.000000
11.000000	38836.178343	39663.148184	-187500.022352	-187500.022352	92560.138412	82769.448491	95091.652285	-187500.022352	0.036000	0.742000	0.068000	192.000000	0.000000	0.000000	0.000000	0.000000	0.000000	0.000000	0.000000	0.000000	0.000000	1761332288.352818	0.000000
12.000000	38873.684570	39712.478484	-187500.022352	-187500.022352	92464.383538	82749.667197	94866.525515	-187500.022352	0.036000	0.742000	0.068000	192.000000	0.000000	0.000000	0.000000	0.000000	0.000000	0.000000	0.000000	0.000000	0.000000	1761332288.352847	0.000000
13.000000	38851.913971	39693.501853	-187500.022352	-187500.022352	92599.343371	83035.188381	94871.152326	-187500.022352	0.036000	0.742000	0.068000	192.000000	0.000000	0.000000	0.000000	0.000000	0.000000	0.000000	0.000000	0.000000	0.000000	1761332288.352875	0.000000
14.000000	38820.599177	39648.396033	-187500.022352	-187500.022352	92705.156530	83066.279658	95079.671750	-187500.022352	0.036000	0.742000	0.068000	192.000000	0.000000	0.000000	0.000000	0.000000	0.000000	0.000000	0.000000	0.000000	0.000000	1761332288.352903	0.000000
15.000000	38842.213314	39668.691417	-187500.022352	-187500.022352	92589.955639	82798.885739	95095.809710	-187500.022352	0.036000	0.742000	0.068000	192.000000	0.000000	0.000000	0.000000	0.000000	0.000000	0.000000	0.000000	0.000000	0.000000	1761332288.352931	0.000000
16.000000	38866.822584	39707.002307	-187500.022352	-187500.022352	92471.379634	82731.249360	94899.717855	-187500.022352	0.036000	0.742000	0.068000	192.000000	0.000000	0.000000	0.000000	0.000000	0.000000	0.000000	0.000000	0.000000	0.000000	1761332288.353254	0.000000
17.000000	38848.270637	39693.770074	-187500.022352	-187500.022352	92571.269580	82994.284689	94850.029927	-187500.022352	0.036000	0.868000	0.074000	192.000000	1.000000	32.000000	27.000000	32.000000	2.000000	80.000000	0.000000	0.000000	0.000000	1761332288.353284	0.000000
18.000000	38817.894616	39648.708957	-187500.022352	-187500.022352	92712.733771	83105.864597	95067.557105	-187500.022352	0.036000	0.868000	0.074000	192.000000	0.000000	0.000000	0.000000	0.000000	0.000000	0.000000	0.000000	0.000000	0.000000	1761332288.353315	0.000000
19.000000	38834.501962	39657.783766	-187500.022352	-187500.022352	92622.969165	82848.417204	95128.510312	-187500.022352	0.036000	0.868000	0.074000	192.000000	0.000000	0.000000	0.000000	0.000000	0.000000	0.000000	0.000000	0.000000	0.000000	1761332288.353343	0.000000
20.000000	38859.312398	39698.575699	-187500.022352	-187500.022352	92479.918001	82727.047232	94962.056871	-187500.022352	0.036000	0.868000	0.074000	192.000000	0.000000	0.000000	0.000000	0.000000	0.000000	0.000000	0.000000	0.000000	0.000000	1761332288.353372	0.000000
21.000000	38847.354215	39697.346353	-187500.022352	-187500.022352	92530.567054	82940.864019	94847.727698	-187500.022352	0.036000	0.868000	0.074000	192.000000	0.000000	0.000000	0.000000	0.000000	0.000000	0.000000	0.000000	0.000000	0.000000	1761332288.353401	0.000000
22.000000	38822.812000	39660.443623	-187500.022352	-187500.022352	92704.597736	83125.109449	95046.434706	-187500.022352	0.036000	0.868000	0.074000	192.000000	0.000000	0.000000	0.000000	0.000000	0.000000	0.000000	0.000000	0.000000	0.000000	1761332288.353429	0.000000
23.000000	38832.445602	39658.297856	-187500.022352	-187500.022352	92640.582340	82880.447254	95126.543358	-187500.022352	0.036000	0.868000	0.074000	192.000000	0.000000	0.000000	0.000000	0.000000	0.000000	0.000000	0.000000	0.000000	0.000000	1761332288.353467	0.000000
24.000000	38848.963541	39686.282240	-187500.022352	-187500.022352	92489.842175	82708.539988	94993.438720	-187500.022352	0.036000	0.868000	0.074000	192.000000	0.000000	0.000000	0.000000	0.000000	0.000000	0.000000	0.000000	0.000000	0.000000	1761332288.353496	0.000000
25.000000	38853.366834	39702.554310	-187500.022352	-187500.022352	92500.861585	82878.659115	94836.663584	-187500.022352	0.036000	0.868000	0.074000	192.000000	0.000000	0.000000	0.000000	0.000000	0.000000	0.000000	0.000000	0.000000	0.000000	1761332288.353524	0.000000
26.000000	38827.729383	39667.216202	-187500.022352	-187500.022352	92679.429672	83125.712946	95005.061627	-187500.022352	0.036000	0.868000	0.074000	192.000000	0.000000	0.000000	0.000000	0.000000	0.000000	0.000000	0.000000	0.000000	0.000000	1761332288.353553	0.000000
27.000000	38823.549607	39651.525277	-187500.022352	-187500.022352	92661.771794	82939.724081	95126.208082	-187500.022352	0.036000	0.930000	0.084000	192.000000	1.000000	32.000000	29.000000	16.000000	2.000000	160.000000	0.000000	0.000000	0.000000	1761332288.353581	0.000000
28.000000	38842.660349	39675.642809	-187500.022352	-187500.022352	92519.257071	82741.553514	95051.709718	-187500.022352	0.036000	0.930000	0.084000	192.000000	0.000000	0.000000	0.000000	0.000000	0.000000	0.000000	0.000000	0.000000	0.000000	1761332288.353611	0.000000
29.000000	38856.786651	39701.481426	-187500.022352	-187500.022352	92480.588553	82838.202457	94855.193180	-187500.022352	0.036000	0.930000	0.084000	192.000000	0.000000	0.000000	0.000000	0.000000	0.000000	0.000000	0.000000	0.000000	0.000000	1761332288.353639	0.000000
30.000000	38821.023860	39663.863440	-187500.022352	-187500.022352	92659.335453	83125.981167	94990.264772	-187500.022352	0.036000	0.930000	0.084000	192.000000	0.000000	0.000000	0.000000	0.000000	0.000000	0.000000	0.000000	0.000000	0.000000	1761332288.353667	0.000000
31.000000	38827.572921	39653.872210	-187500.022352	-187500.022352	92686.716340	83003.694773	95146.414059	-187500.022352	0.036000	0.930000	0.084000	192.000000	0.000000	0.000000	0.000000	0.000000	0.000000	0.000000	0.000000	0.000000	0.000000	1761332288.353760	0.000000
32.000000	38857.725424	39687.243365	-187500.022352	-187500.022352	92541.832333	82764.844032	95088.008951	-187500.022352	0.036000	0.930000	0.084000	192.000000	0.000000	0.000000	0.000000	0.000000	0.000000	0.000000	0.000000	0.000000	0.000000	1761332288.353789	0.000000
33.000000	38874.623343	39718.580510	-187500.022352	-187500.022352	92462.751861	82795.354163	94866.905495	-187500.022352	0.036000	0.930000	0.084000	192.000000	0.000000	0.000000	0.000000	0.000000	0.000000	0.000000	0.000000	0.000000	0.000000	1761332288.353818	0.000000
34.000000	38840.693395	39684.874080	-187500.022352	-187500.022352	92619.169369	83083.244632	94927.232853	-187500.022352	0.036000	0.930000	0.084000	192.000000	0.000000	0.000000	0.000000	0.000000	0.000000	0.000000	0.000000	0.000000	0.000000	1761332288.353846	0.000000
35.000000	38830.612758	39657.873173	-187500.022352	-187500.022352	92694.427692	83038.921122	95112.104131	-187500.022352	0.036000	0.930000	0.084000	192.000000	0.000000	0.000000	0.000000	0.000000	0.000000	0.000000	0.000000	0.000000	0.000000	1761332288.353874	0.000000
36.000000	38853.769166	39686.796330	-187500.022352	-187500.022352	92564.385243	82782.770131	95096.592021	-187500.022352	0.036000	0.930000	0.084000	192.000000	0.000000	0.000000	0.000000	0.000000	0.000000	0.000000	0.000000	0.000000	0.000000	1761332288.353903	0.000000
37.000000	38871.896430	39709.617461	-187500.022352	-187500.022352	92453.498239	82749.510735	94874.080405	-187500.022352	0.042000	0.964000	0.086000	192.000000	1.000000	80.000000	30.000000	32.000000	2.000000	176.000000	0.000000	0.000000	0.000000	1761332288.353931	0.000000
38.000000	38852.271599	39691.065513	-187500.022352	-187500.022352	92587.765168	83037.021224	94875.577971	-187500.022352	0.042000	0.964000	0.086000	192.000000	0.000000	0.000000	0.000000	0.000000	0.000000	0.000000	0.000000	0.000000	0.000000	1761332288.353961	0.000000
39.000000	38834.613721	39662.298818	-187500.022352	-187500.022352	92703.144873	83078.930745	95079.247067	-187500.022352	0.042000	0.964000	0.086000	192.000000	0.000000	0.000000	0.000000	0.000000	0.000000	0.000000	0.000000	0.000000	0.000000	1761332288.353989	0.000000
40.000000	38846.057814	39672.133585	-187500.022352	-187500.022352	92588.391017	82815.180160	95106.493843	-187500.022352	0.042000	0.964000	0.086000	192.000000	0.000000	0.000000	0.000000	0.000000	0.000000	0.000000	0.000000	0.000000	0.000000	1761332288.354017	0.000000
41.000000	38873.662218	39710.355068	-187500.022352	-187500.022352	92456.672186	82729.617683	94901.461291	-187500.022352	0.042000	0.964000	0.086000	192.000000	0.000000	0.000000	0.000000	0.000000	0.000000	0.000000	0.000000	0.000000	0.000000	1761332288.354045	0.000000
42.000000	38857.971294	39700.922632	-187500.022352	-187500.022352	92551.153010	82991.624831	94842.877369	-187500.022352	0.042000	0.964000	0.086000	192.000000	0.000000	0.000000	0.000000	0.000000	0.000000	0.000000	0.000000	0.000000	0.000000	1761332288.354074	0.000000
43.000000	38827.952901	39659.057815	-187500.022352	-187500.022352	92693.958306	83113.128914	95049.206322	-187500.022352	0.042000	0.964000	0.086000	192.000000	0.000000	0.000000	0.000000	0.000000	0.000000	0.000000	0.000000	0.000000	0.000000	1761332288.354102	0.000000
44.000000	38852.048081	39672.222992	-187500.022352	-187500.022352	92608.172310	82854.496879	95101.777625	-187500.022352	0.042000	0.964000	0.086000	192.000000	0.000000	0.000000	0.000000	0.000000	0.000000	0.000000	0.000000	0.000000	0.000000	1761332288.354156	0.000000
45.000000	38879.540727	39713.193740	-187500.022352	-187500.022352	92464.405890	82716.854837	94924.997678	-187500.022352	0.042000	0.964000	0.086000	192.000000	0.000000	0.000000	0.000000	0.000000	0.000000	0.000000	0.000000	0.000000	0.000000	1761332288.354184	0.000000
46.000000	38866.152032	39716.010060	-187500.022352	-187500.022352	92508.841158	82919.316938	94797.145700	-187500.022352	0.042000	0.964000	0.086000	192.000000	0.000000	0.000000	0.000000	0.000000	0.000000	0.000000	0.000000	0.000000	0.000000	1761332288.354210	0.000000
47.000000	38845.633131	39684.404693	-187500.022352	-187500.022352	92685.665808	83117.263987	94990.063607	-187500.022352	0.040000	0.976000	0.090000	192.000000	1.000000	64.000000	30.000000	128.000000	2.000000	208.000000	0.000000	0.000000	0.000000	1761332288.354253	0.000000
48.000000	38851.109308	39674.994609	-187500.022352	-187500.022352	92639.352994	82901.144970	95097.039055	-187500.022352	0.040000	0.976000	0.090000	192.000000	0.000000	0.000000	0.000000	0.000000	0.000000	0.000000	0.000000	0.000000	0.000000	1761332288.354281	0.000000
49.000000	38866.509660	39697.994554	-187500.022352	-187500.022352	92484.611867	82719.179418	94971.913990	-187500.022352	0.040000	0.976000	0.090000	192.000000	0.000000	0.000000	0.000000	0.000000	0.000000	0.000000	0.000000	0.000000	0.000000	1761332288.354308	0.000000
50.000000	38869.884773	39712.411429	-187500.022352	-187500.022352	92485.617696	82868.958458	94808.992125	-187500.022352	0.040000	0.976000	0.090000	192.000000	0.000000	0.000000	0.000000	0.000000	0.000000	0.000000	0.000000	0.000000	0.000000	1761332288.354334	0.000000
51.000000	38848.002416	39685.946964	-187500.022352	-187500.022352	92673.327645	83125.936464	94978.530106	-187500.022352	0.040000	0.976000	0.090000	192.000000	0.000000	0.000000	0.000000	0.000000	0.000000	0.000000	0.000000	0.000000	0.000000	1761332288.354361	0.000000
52.000000	38849.589390	39671.507737	-187500.022352	-187500.022352	92665.459831	82961.762901	95124.934033	-187500.022352	0.040000	0.976000	0.090000	192.000000	0.000000	0.000000	0.000000	0.000000	0.000000	0.000000	0.000000	0.000000	0.000000	1761332288.354387	0.000000
53.000000	38872.701093	39703.917766	-187500.022352	-187500.022352	92504.348457	82735.160915	95024.507645	-187500.022352	0.040000	0.976000	0.090000	192.000000	0.000000	0.000000	0.000000	0.000000	0.000000	0.000000	0.000000	0.000000	0.000000	1761332288.354414	0.000000
54.000000	38884.771035	39730.471638	-187500.022352	-187500.022352	92468.451556	82826.736012	94827.387610	-187500.022352	0.040000	0.976000	0.090000	192.000000	0.000000	0.000000	0.000000	0.000000	0.000000	0.000000	0.000000	0.000000	0.000000	1761332288.354439	0.000000
55.000000	38846.683663	39690.730237	-187500.022352	-187500.022352	92650.059479	83113.665356	94949.897522	-187500.022352	0.040000	0.976000	0.090000	192.000000	0.000000	0.000000	0.000000	0.000000	0.000000	0.000000	0.000000	0.000000	0.000000	1761332288.354465	0.000000
56.000000	38837.206523	39662.678798	-187500.022352	-187500.022352	92684.995256	83015.585901	95129.225567	-187500.022352	0.040000	0.976000	0.090000	192.000000	0.000000	0.000000	0.000000	0.000000	0.000000	0.000000	0.000000	0.000000	0.000000	1761332288.354492	0.000000
57.000000	38870.220050	39698.016906	-187500.022352	-187500.022352	92529.628280	82760.239573	95061.589189	-187500.022352	0.042000	0.982000	0.094000	192.000000	1.000000	80.000000	30.000000	176.000000	2.000000	240.000000	0.000000	0.000000	0.000000	1761332288.354518	0.000000
58.000000	38891.275393	39731.566874	-187500.022352	-187500.022352	92455.241675	82779.082093	94838.138799	-187500.022352	0.042000	0.982000	0.094000	192.000000	0.000000	0.000000	0.000000	0.000000	0.000000	0.000000	0.000000	0.000000	0.000000	1761332288.354546	0.000000
59.000000	38842.995625	39687.712751	-187500.022352	-187500.022352	92610.899223	83068.380722	94901.327181	-187500.022352	0.042000	0.982000	0.094000	192.000000	0.000000	0.000000	0.000000	0.000000	0.000000	0.000000	0.000000	0.000000	0.000000	1761332288.354572	0.000000
60.000000	38835.686604	39664.958675	-187500.022352	-187500.022352	92691.812538	83046.230143	95099.475396	-187500.022352	0.042000	0.982000	0.094000	192.000000	0.000000	0.000000	0.000000	0.000000	0.000000	0.000000	0.000000	0.000000	0.000000	1761332288.354598	0.000000
61.000000	38860.072358	39687.668048	-187500.022352	-187500.022352	92553.656406	82777.472768	95078.867087	-187500.022352	0.042000	0.982000	0.094000	192.000000	0.000000	0.000000	0.000000	0.000000	0.000000	0.000000	0.000000	0.000000	0.000000	1761332288.354625	0.000000
62.000000	38883.921669	39721.933272	-187500.022352	-187500.022352	92445.563369	82736.859648	94865.743204	-187500.022352	0.042000	0.982000	0.094000	192.000000	0.000000	0.000000	0.000000	0.000000	0.000000	0.000000	0.000000	0.000000	0.000000	1761332288.354696	0.000000
63.000000	38858.485384	39703.828359	-187500.022352	-187500.022352	92584.971200	83021.442058	94870.861753	-187500.022352	0.042000	0.982000	0.094000	192.000000	0.000000	0.000000	0.000000	0.000000	0.000000	0.000000	0.000000	0.000000	0.000000	1761332288.354723	0.000000
64.000000	38829.048136	39659.773071	-187500.022352	-187500.022352	92710.543300	83080.830643	95084.343265	-187500.022352	0.042000	0.982000	0.094000	192.000000	0.000000	0.000000	0.000000	0.000000	0.000000	0.000000	0.000000	0.000000	0.000000	1761332288.354750	0.000000
65.000000	38842.883866	39670.948943	-187500.022352	-187500.022352	92588.323961	82807.200588	95096.904945	-187500.022352	0.042000	0.982000	0.094000	192.000000	0.000000	0.000000	0.000000	0.000000	0.000000	0.000000	0.000000	0.000000	0.000000	1761332288.354780	0.000000
66.000000	38875.115082	39711.003269	-187500.022352	-187500.022352	92454.705233	82709.635223	94899.315524	-187500.022352	0.042000	0.982000	0.094000	192.000000	0.000000	0.000000	0.000000	0.000000	0.000000	0.000000	0.000000	0.000000	0.000000	1761332288.354807	0.000000
67.000000	38852.942151	39696.876967	-187500.022352	-187500.022352	92556.070394	82961.114700	94841.983299	-187500.022352	0.038000	0.986000	0.098000	192.000000	1.000000	48.000000	30.000000	208.000000	3.000000	16.000000	0.000000	0.000000	0.000000	1761332288.354833	0.000000
68.000000	38824.153104	39650.944132	-187500.022352	-187500.022352	92721.048620	83111.363126	95070.149907	-187500.022352	0.038000	0.986000	0.098000	192.000000	0.000000	0.000000	0.000000	0.000000	0.000000	0.000000	0.000000	0.000000	0.000000	1761332288.354861	0.000000
69.000000	38829.562226	39657.426138	-187500.022352	-187500.022352	92617.895319	82858.386082	95121.648326	-187500.022352	0.038000	0.986000	0.098000	192.000000	0.000000	0.000000	0.000000	0.000000	0.000000	0.000000	0.000000	0.000000	0.000000	1761332288.354888	0.000000
70.000000	38853.411538	39687.265716	-187500.022352	-187500.022352	92452.671224	82704.226101	94938.744001	-187500.022352	0.038000	0.986000	0.098000	192.000000	0.000000	0.000000	0.000000	0.000000	0.000000	0.000000	0.000000	0.000000	0.000000	1761332288.354915	0.000000
71.000000	38867.806061	39710.042144	-187500.022352	-187500.022352	92517.983021	82905.369449	94821.084418	-187500.022352	0.038000	0.986000	0.098000	192.000000	0.000000	0.000000	0.000000	0.000000	0.000000	0.000000	0.000000	0.000000	0.000000	1761332288.354942	0.000000
72.000000	38820.420363	39656.733234	-187500.022352	-187500.022352	92716.242995	83134.273664	95051.955587	-187500.022352	0.038000	0.986000	0.098000	192.000000	0.000000	0.000000	0.000000	0.000000	0.000000	0.000000	0.000000	0.000000	0.000000	1761332288.354968	0.000000
73.000000	38822.253206	39645.736175	-187500.022352	-187500.022352	92648.874837	82918.132295	95144.089478	-187500.022352	0.038000	0.986000	0.098000	192.000000	0.000000	0.000000	0.000000	0.000000	0.000000	0.000000	0.000000	0.000000	0.000000	1761332288.354995	0.000000
74.000000	38861.726387	39689.120911	-187500.022352	-187500.022352	92465.769346	82705.053115	94970.394071	-187500.022352	0.038000	0.986000	0.098000	192.000000	0.000000	0.000000	0.000000	0.000000	0.000000	0.000000	0.000000	0.000000	0.000000	1761332288.355022	0.000000
75.000000	38862.173422	39698.754513	-187500.022352	-187500.022352	92481.817899	82843.499821	94811.942555	-187500.022352	0.038000	0.986000	0.098000	192.000000	0.000000	0.000000	0.000000	0.000000	0.000000	0.000000	0.000000	0.000000	0.000000	1761332288.355048	0.000000
76.000000	38825.583616	39657.359082	-187500.022352	-187500.022352	92700.082684	83118.806257	95009.241403	-187500.022352	0.038000	0.986000	0.098000	192.000000	0.000000	0.000000	0.000000	0.000000	0.000000	0.000000	0.000000	0.000000	0.000000	1761332288.355075	0.000000
77.000000	38839.352291	39657.917876	-187500.022352	-187500.022352	92676.143965	82949.894124	95120.798960	-187500.022352	0.048000	0.990000	0.094000	192.000000	1.000000	128.000000	30.000000	240.000000	2.000000	240.000000	0.000000	0.000000	0.000000	1761332288.355116	0.000000
78.000000	38873.729274	39699.134493	-187500.022352	-187500.022352	92477.705178	82697.855854	94968.047138	-187500.022352	0.048000	0.990000	0.094000	192.000000	0.000000	0.000000	0.000000	0.000000	0.000000	0.000000	0.000000	0.000000	0.000000	1761332288.355143	0.000000
79.000000	38870.421215	39713.216092	-187500.022352	-187500.022352	92450.346643	82784.513567	94794.485843	-187500.022352	0.048000	0.990000	0.094000	192.000000	0.000000	0.000000	0.000000	0.000000	0.000000	0.000000	0.000000	0.000000	0.000000	1761332288.355165	0.000000
80.000000	38822.052040	39669.540783	-187500.022352	-187500.022352	92679.720244	83114.335908	94991.203545	-187500.022352	0.048000	0.990000	0.094000	192.000000	0.000000	0.000000	0.000000	0.000000	0.000000	0.000000	0.000000	0.000000	0.000000	1761332288.355187	0.000000
81.000000	38817.849912	39652.978140	-187500.022352	-187500.022352	92717.315879	83028.326396	95171.157440	-187500.022352	0.048000	0.990000	0.094000	192.000000	0.000000	0.000000	0.000000	0.000000	0.000000	0.000000	0.000000	0.000000	0.000000	1761332288.355209	0.000000
82.000000	38850.550515	39682.594202	-187500.022352	-187500.022352	92518.295946	82738.178401	95048.289901	-187500.022352	0.048000	0.990000	0.094000	192.000000	0.000000	0.000000	0.000000	0.000000	0.000000	0.000000	0.000000	0.000000	0.000000	1761332288.355231	0.000000
83.000000	38866.375550	39707.136417	-187500.022352	-187500.022352	92435.616843	82745.241552	94829.511026	-187500.022352	0.048000	0.990000	0.094000	192.000000	0.000000	0.000000	0.000000	0.000000	0.000000	0.000000	0.000000	0.000000	0.000000	1761332288.355253	0.000000
84.000000	38832.199732	39673.854670	-187500.022352	-187500.022352	92629.182950	83053.561515	94918.873300	-187500.022352	0.048000	0.990000	0.094000	192.000000	0.000000	0.000000	0.000000	0.000000	0.000000	0.000000	0.000000	0.000000	0.000000	1761332288.355275	0.000000
85.000000	38813.536026	39639.656501	-187500.022352	-187500.022352	92719.685163	83052.242762	95125.939861	-187500.022352	0.048000	0.990000	0.094000	192.000000	0.000000	0.000000	0.000000	0.000000	0.000000	0.000000	0.000000	0.000000	0.000000	1761332288.355297	0.000000
86.000000	38832.087974	39661.002417	-187500.022352	-187500.022352	92542.972272	82763.860555	95066.640683	-187500.022352	0.048000	0.990000	0.094000	192.000000	0.000000	0.000000	0.000000	0.000000	0.000000	0.000000	0.000000	0.000000	0.000000	1761332288.355319	0.000000
87.000000	38860.228820	39700.453246	-187500.022352	-187500.022352	92418.830683	82704.740191	94839.368145	-187500.022352	0.046000	0.996000	0.092000	192.000000	1.000000	112.000000	31.000000	32.000000	2.000000	224.000000	0.000000	0.000000	0.000000	1761332288.355345	0.000000
88.000000	38840.492230	39688.651525	-187500.022352	-187500.022352	92579.472670	82995.894014	94865.251465	-187500.022352	0.046000	0.996000	0.092000	192.000000	0.000000	0.000000	0.000000	0.000000	0.000000	0.000000	0.000000	0.000000	0.000000	1761332288.355368	0.000000
89.000000	38815.771200	39652.240533	-187500.022352	-187500.022352	92713.516082	83072.001704	95084.007988	-187500.022352	0.046000	0.996000	0.092000	192.000000	0.000000	0.000000	0.000000	0.000000	0.000000	0.000000	0.000000	0.000000	0.000000	1761332288.355390	0.000000
90.000000	38825.896540	39659.549553	-187500.022352	-187500.022352	92569.704958	82800.249195	95090.758215	-187500.022352	0.046000	0.996000	0.092000	192.000000	0.000000	0.000000	0.000000	0.000000	0.000000	0.000000	0.000000	0.000000	0.000000	1761332288.355412	0.000000
91.000000	38860.899372	39707.762266	-187500.022352	-187500.022352	92417.288413	82685.383580	94877.813146	-187500.022352	0.046000	0.996000	0.092000	192.000000	0.000000	0.000000	0.000000	0.000000	0.000000	0.000000	0.000000	0.000000	0.000000	1761332288.355434	0.000000
92.000000	38842.190962	39693.904185	-187500.022352	-187500.022352	92536.289100	82944.395595	94848.867637	-187500.022352	0.046000	0.996000	0.092000	192.000000	0.000000	0.000000	0.000000	0.000000	0.000000	0.000000	0.000000	0.000000	0.000000	1761332288.355456	0.000000
93.000000	38810.853816	39646.540838	-187500.022352	-187500.022352	92721.495655	83116.548731	95099.721265	-187500.022352	0.046000	0.996000	0.092000	192.000000	0.000000	0.000000	0.000000	0.000000	0.000000	0.000000	0.000000	0.000000	0.000000	1761332288.355496	0.000000
94.000000	38835.418384	39663.192888	-187500.022352	-187500.022352	92601.019752	82844.349187	95109.421922	-187500.022352	0.046000	0.996000	0.092000	192.000000	0.000000	0.000000	0.000000	0.000000	0.000000	0.000000	0.000000	0.000000	0.000000	1761332288.355528	0.000000
95.000000	38855.780823	39693.635964	-187500.022352	-187500.022352	92419.970622	82669.491490	94901.930678	-187500.022352	0.046000	0.996000	0.092000	192.000000	0.000000	0.000000	0.000000	0.000000	0.000000	0.000000	0.000000	0.000000	0.000000	1761332288.355561	0.000000
96.000000	38847.533029	39694.038295	-187500.022352	-187500.022352	92492.502033	82873.451158	94808.902718	-187500.022352	0.046000	0.996000	0.092000	192.000000	0.000000	0.000000	0.000000	0.000000	0.000000	0.000000	0.000000	0.000000	0.000000	1761332288.355593	0.000000
97.000000	38801.533139	39641.690510	-187500.022352	-187500.022352	92714.454855	83127.769307	95066.886552	-187500.022352	0.048000	1.000000	0.088000	192.000000	1.000000	128.000000	31.000000	64.000000	2.000000	192.000000	0.000000	0.000000	0.000000	1761332288.355626	0.000000
98.000000	38813.737191	39642.025786	-187500.022352	-187500.022352	92645.075040	82914.198388	95154.930074	-187500.022352	0.048000	1.000000	0.088000	192.000000	0.000000	0.000000	0.000000	0.000000	0.000000	0.000000	0.000000	0.000000	0.000000	1761332288.355659	0.000000
99.000000	38851.176363	39688.986801	-187500.022352	-187500.022352	92448.111468	82692.759656	94979.200659	-187500.022352	0.048000	1.000000	0.088000	192.000000	0.000000	0.000000	0.000000	0.000000	0.000000	0.000000	0.000000	0.000000	0.000000	1761332288.355692	0.000000
100.000000	38852.919799	39702.084923	-187500.022352	-187500.022352	92449.050242	82816.878893	94800.856090	-187500.022352	0.048000	1.000000	0.088000	192.000000	0.000000	0.000000	0.000000	0.000000	0.000000	0.000000	0.000000	0.000000	0.000000	1761332288.355725	0.000000
101.000000	38814.877130	39659.773071	-187500.022352	-187500.022352	92674.489936	83113.821818	95002.021790	-187500.022352	0.048000	1.000000	0.088000	192.000000	0.000000	0.000000	0.000000	0.000000	0.000000	0.000000	0.000000	0.000000	0.000000	1761332288.355758	0.000000
102.000000	38807.836331	39641.802268	-187500.022352	-187500.022352	92667.829116	82973.162290	95149.632710	-187500.022352	0.048000	1.000000	0.088000	192.000000	0.000000	0.000000	0.000000	0.000000	0.000000	0.000000	0.000000	0.000000	0.000000	1761332288.355791	0.000000
103.000000	38846.281331	39679.241440	-187500.022352	-187500.022352	92468.362149	82714.932587	95013.778807	-187500.022352	0.048000	1.000000	0.088000	192.000000	0.000000	0.000000	0.000000	0.000000	0.000000	0.000000	0.000000	0.000000	0.000000	1761332288.355854	0.000000
104.000000	38864.945038	39714.221920	-187500.022352	-187500.022352	92425.960890	82775.349352	94812.858976	-187500.022352	0.048000	1.000000	0.088000	192.000000	0.000000	0.000000	0.000000	0.000000	0.000000	0.000000	0.000000	0.000000	0.000000	1761332288.355885	0.000000
105.000000	38827.125886	39678.213260	-187500.022352	-187500.022352	92642.325776	83088.474940	94960.402842	-187500.022352	0.048000	1.000000	0.088000	192.000000	0.000000	0.000000	0.000000	0.000000	0.000000	0.000000	0.000000	0.000000	0.000000	1761332288.355915	0.000000
106.000000	38812.351383	39645.289140	-187500.022352	-187500.022352	92678.557954	83009.081544	95128.689126	-187500.022352	0.048000	1.000000	0.088000	192.000000	0.000000	0.000000	0.000000	0.000000	0.000000	0.000000	0.000000	0.000000	0.000000	1761332288.355946	0.000000
107.000000	38843.196791	39674.704036	-187500.022352	-187500.022352	92492.345571	82735.138564	95044.959491	-187500.022352	0.046000	0.996000	0.092000	192.000000	1.000000	112.000000	31.000000	32.000000	2.000000	224.000000	0.000000	0.000000	0.000000	1761332288.355976	0.000000
108.000000	38865.615590	39707.561100	-187500.022352	-187500.022352	92402.893889	82724.096802	94816.412904	-187500.022352	0.046000	0.996000	0.092000	192.000000	0.000000	0.000000	0.000000	0.000000	0.000000	0.000000	0.000000	0.000000	0.000000	1761332288.356030	0.000000
109.000000	38840.380471	39683.264754	-187500.022352	-187500.022352	92601.064456	83040.016358	94908.077408	-187500.022352	0.046000	0.996000	0.092000	192.000000	0.000000	0.000000	0.000000	0.000000	0.000000	0.000000	0.000000	0.000000	0.000000	1761332288.356060	0.000000
110.000000	38823.482552	39650.050062	-187500.022352	-187500.022352	92699.322724	83051.952189	95110.159529	-187500.022352	0.046000	0.996000	0.092000	192.000000	0.000000	0.000000	0.000000	0.000000	0.000000	0.000000	0.000000	0.000000	0.000000	1761332288.356090	0.000000
111.000000	38838.592331	39662.254114	-187500.022352	-187500.022352	92529.360059	82769.761416	95067.199477	-187500.022352	0.046000	0.996000	0.092000	192.000000	0.000000	0.000000	0.000000	0.000000	0.000000	0.000000	0.000000	0.000000	0.000000	1761332288.356120	0.000000
112.000000	38866.621419	39702.978993	-187500.022352	-187500.022352	92401.373971	82700.448656	94845.716041	-187500.022352	0.046000	0.996000	0.092000	192.000000	0.000000	0.000000	0.000000	0.000000	0.000000	0.000000	0.000000	0.000000	0.000000	1761332288.356165	0.000000
113.000000	38839.866381	39684.024714	-187500.022352	-187500.022352	92560.160763	82988.652049	94865.787907	-187500.022352	0.046000	0.996000	0.092000	192.000000	0.000000	0.000000	0.000000	0.000000	0.000000	0.000000	0.000000	0.000000	0.000000	1761332288.356196	0.000000
114.000000	38809.982098	39645.490306	-187500.022352	-187500.022352	92714.678373	83098.935556	95109.444274	-187500.022352	0.046000	0.996000	0.092000	192.000000	0.000000	0.000000	0.000000	0.000000	0.000000	0.000000	0.000000	0.000000	0.000000	1761332288.356226	0.000000
115.000000	38840.313416	39671.015998	-187500.022352	-187500.022352	92561.010130	82806.619442	95081.772814	-187500.022352	0.046000	0.996000	0.092000	192.000000	0.000000	0.000000	0.000000	0.000000	0.000000	0.000000	0.000000	0.000000	0.000000	1761332288.356256	0.000000
116.000000	38864.855631	39706.331754	-187500.022352	-187500.022352	92400.502253	82676.912269	94864.558561	-187500.022352	0.046000	0.996000	0.092000	192.000000	0.000000	0.000000	0.000000	0.000000	0.000000	0.000000	0.000000	0.000000	0.000000	1761332288.356288	0.000000
117.000000	38847.421270	39693.926536	-187500.022352	-187500.022352	92517.156007	82929.419926	94824.459532	-187500.022352	0.046000	0.990000	0.092000	192.000000	1.000000	112.000000	30.000000	240.000000	2.000000	224.000000	0.000000	0.000000	0.000000	1761332288.356318	0.000000
118.000000	38810.965575	39649.938303	-187500.022352	-187500.022352	92719.036963	83131.457344	95089.797090	-187500.022352	0.046000	0.990000	0.092000	192.000000	0.000000	0.000000	0.000000	0.000000	0.000000	0.000000	0.000000	0.000000	0.000000	1761332288.356350	0.000000
119.000000	38837.631206	39667.886754	-187500.022352	-187500.022352	92605.691267	82869.003161	95114.138140	-187500.022352	0.046000	0.990000	0.092000	192.000000	0.000000	0.000000	0.000000	0.000000	0.000000	0.000000	0.000000	0.000000	0.000000	1761332288.356382	0.000000
120.000000	38868.074282	39700.967336	-187500.022352	-187500.022352	92419.188311	82684.891842	94908.770312	-187500.022352	0.046000	0.990000	0.092000	192.000000	0.000000	0.000000	0.000000	0.000000	0.000000	0.000000	0.000000	0.000000	0.000000	1761332288.356412	0.000000
121.000000	38860.497041	39702.710772	-187500.022352	-187500.022352	92485.640047	82881.654248	94812.188424	-187500.022352	0.046000	0.990000	0.092000	192.000000	0.000000	0.000000	0.000000	0.000000	0.000000	0.000000	0.000000	0.000000	0.000000	1761332288.832602	0.000000
122.000000	38831.193904	39664.690455	-187500.022352	-187500.022352	92708.017553	83137.894647	95046.680575	-187500.022352	0.046000	0.990000	0.092000	192.000000	0.000000	0.000000	0.000000	0.000000	0.000000	0.000000	0.000000	0.000000	0.000000	1761332288.832676	0.000000
123.000000	38838.681738	39658.744891	-187500.022352	-187500.022352	92645.365613	82933.778517	95139.440315	-187500.022352	0.046000	0.990000	0.092000	192.000000	0.000000	0.000000	0.000000	0.000000	0.000000	0.000000	0.000000	0.000000	0.000000	1761332288.832796	0.000000
124.000000	38864.565058	39694.686496	-187500.022352	-187500.022352	92444.915169	82705.276633	94973.098632	-187500.022352	0.046000	0.990000	0.092000	192.000000	0.000000	0.000000	0.000000	0.000000	0.000000	0.000000	0.000000	0.000000	0.000000	1761332288.832816	0.000000
125.000000	38868.141337	39709.639813	-187500.022352	-187500.022352	92447.843247	82826.199570	94810.601450	-187500.022352	0.046000	0.990000	0.092000	192.000000	0.000000	0.000000	0.000000	0.000000	0.000000	0.000000	0.000000	0.000000	0.000000	1761332288.832834	0.000000
126.000000	38825.449506	39662.343521	-187500.022352	-187500.022352	92672.925314	83122.136667	95007.095636	-187500.022352	0.046000	0.990000	0.092000	192.000000	0.000000	0.000000	0.000000	0.000000	0.000000	0.000000	0.000000	0.000000	0.000000	1761332288.832852	0.000000
127.000000	38819.213369	39643.143373	-187500.022352	-187500.022352	92669.527849	82983.712314	95152.829010	-187500.022352	0.044000	0.990000	0.090000	192.000000	1.000000	96.000000	30.000000	240.000000	2.000000	208.000000	0.000000	0.000000	0.000000	1761332288.832870	0.000000
128.000000	38853.858573	39683.622382	-187500.022352	-187500.022352	92467.065748	82718.419459	95012.080075	-187500.022352	0.044000	0.990000	0.090000	192.000000	0.000000	0.000000	0.000000	0.000000	0.000000	0.000000	0.000000	0.000000	0.000000	1761332288.832890	0.000000
129.000000	38870.152994	39706.778789	-187500.022352	-187500.022352	92420.574119	82769.716712	94813.171901	-187500.022352	0.044000	0.990000	0.090000	192.000000	0.000000	0.000000	0.000000	0.000000	0.000000	0.000000	0.000000	0.000000	0.000000	1761332288.832907	0.000000
130.000000	38829.986910	39669.160803	-187500.022352	-187500.022352	92644.493895	83096.812141	94976.004359	-187500.022352	0.044000	0.990000	0.090000	192.000000	0.000000	0.000000	0.000000	0.000000	0.000000	0.000000	0.000000	0.000000	0.000000	1761332288.832924	0.000000
131.000000	38817.738154	39648.798364	-187500.022352	-187500.022352	92700.932050	83047.750061	95171.649178	-187500.022352	0.044000	0.990000	0.090000	192.000000	0.000000	0.000000	0.000000	0.000000	0.000000	0.000000	0.000000	0.000000	0.000000	1761332288.832944	0.000000
132.000000	38845.946055	39676.067492	-187500.022352	-187500.022352	92501.778007	82753.399939	95064.003177	-187500.022352	0.044000	0.990000	0.090000	192.000000	0.000000	0.000000	0.000000	0.000000	0.000000	0.000000	0.000000	0.000000	0.000000	1761332288.832960	0.000000
133.000000	38871.225878	39711.942042	-187500.022352	-187500.022352	92408.414770	82734.892694	94839.032869	-187500.022352	0.044000	0.990000	0.090000	192.000000	0.000000	0.000000	0.000000	0.000000	0.000000	0.000000	0.000000	0.000000	0.000000	1761332288.832977	0.000000
134.000000	38843.844991	39688.450359	-187500.022352	-187500.022352	92604.081941	83049.895829	94924.528292	-187500.022352	0.044000	0.990000	0.090000	192.000000	0.000000	0.000000	0.000000	0.000000	0.000000	0.000000	0.000000	0.000000	0.000000	1761332288.832994	0.000000
135.000000	38827.841142	39655.950922	-187500.022352	-187500.022352	92711.191501	83079.690704	95136.735754	-187500.022352	0.044000	0.990000	0.090000	192.000000	0.000000	0.000000	0.000000	0.000000	0.000000	0.000000	0.000000	0.000000	0.000000	1761332288.833010	0.000000
136.000000	38845.275503	39667.886754	-187500.022352	-187500.022352	92534.970347	82787.262832	95084.522079	-187500.022352	0.044000	0.990000	0.090000	192.000000	0.000000	0.000000	0.000000	0.000000	0.000000	0.000000	0.000000	0.000000	0.000000	1761332288.833027	0.000000
137.000000	38878.758416	39710.422124	-187500.022352	-187500.022352	92406.716038	82715.290214	94872.180506	-187500.022352	0.042000	0.992000	0.098000	192.000000	1.000000	80.000000	31.000000	0.000000	3.000000	16.000000	0.000000	0.000000	0.000000	1761332288.833044	0.000000
138.000000	38849.991721	39690.149091	-187500.022352	-187500.022352	92558.886714	82996.497511	94881.769405	-187500.022352	0.042000	0.992000	0.098000	192.000000	0.000000	0.000000	0.000000	0.000000	0.000000	0.000000	0.000000	0.000000	0.000000	1761332288.833061	0.000000
139.000000	38817.514636	39646.831411	-187500.022352	-187500.022352	92717.964079	83114.827647	95117.915585	-187500.022352	0.042000	0.992000	0.098000	192.000000	0.000000	0.000000	0.000000	0.000000	0.000000	0.000000	0.000000	0.000000	0.000000	1761332288.833103	0.000000
140.000000	38840.156953	39663.192888	-187500.022352	-187500.022352	92574.912915	82831.787507	95106.024457	-187500.022352	0.042000	0.992000	0.098000	192.000000	0.000000	0.000000	0.000000	0.000000	0.000000	0.000000	0.000000	0.000000	0.000000	1761332288.833120	0.000000
141.000000	38866.979047	39696.519339	-187500.022352	-187500.022352	92405.084360	82687.663458	94894.398140	-187500.022352	0.042000	0.992000	0.098000	192.000000	0.000000	0.000000	0.000000	0.000000	0.000000	0.000000	0.000000	0.000000	0.000000	1761332288.833137	0.000000
142.000000	38855.803174	39697.838092	-187500.022352	-187500.022352	92505.823673	82917.707612	94826.962927	-187500.022352	0.042000	0.992000	0.098000	192.000000	0.000000	0.000000	0.000000	0.000000	0.000000	0.000000	0.000000	0.000000	0.000000	1761332288.833153	0.000000
143.000000	38814.005412	39649.781841	-187500.022352	-187500.022352	92713.918413	83129.378632	95080.610523	-187500.022352	0.042000	0.992000	0.098000	192.000000	0.000000	0.000000	0.000000	0.000000	0.000000	0.000000	0.000000	0.000000	0.000000	1761332288.833170	0.000000
144.000000	38835.485439	39661.427100	-187500.022352	-187500.022352	92616.151883	82880.782530	95122.274175	-187500.022352	0.042000	0.992000	0.098000	192.000000	0.000000	0.000000	0.000000	0.000000	0.000000	0.000000	0.000000	0.000000	0.000000	1761332288.833186	0.000000
145.000000	38859.826488	39695.401751	-187500.022352	-187500.022352	92425.558558	82685.830615	94932.574920	-187500.022352	0.042000	0.992000	0.098000	192.000000	0.000000	0.000000	0.000000	0.000000	0.000000	0.000000	0.000000	0.000000	0.000000	1761332288.833202	0.000000
146.000000	38852.115137	39697.279298	-187500.022352	-187500.022352	92467.110451	82854.765100	94807.583965	-187500.022352	0.042000	0.992000	0.098000	192.000000	0.000000	0.000000	0.000000	0.000000	0.000000	0.000000	0.000000	0.000000	0.000000	1761332288.833219	0.000000
147.000000	38819.950976	39654.587466	-187500.022352	-187500.022352	92695.455872	83129.222170	95044.154828	-187500.022352	0.040000	0.992000	0.098000	192.000000	1.000000	64.000000	31.000000	0.000000	3.000000	16.000000	0.000000	0.000000	0.000000	1761332288.833235	0.000000
148.000000	38826.589444	39650.832373	-187500.022352	-187500.022352	92642.169314	82930.626921	95130.589024	-187500.022352	0.040000	0.992000	0.098000	192.000000	0.000000	0.000000	0.000000	0.000000	0.000000	0.000000	0.000000	0.000000	0.000000	1761332288.833252	0.000000
149.000000	38858.015997	39688.495062	-187500.022352	-187500.022352	92449.407870	82697.699392	94979.446528	-187500.022352	0.040000	0.992000	0.098000	192.000000	0.000000	0.000000	0.000000	0.000000	0.000000	0.000000	0.000000	0.000000	0.000000	1761332288.833268	0.000000
150.000000	38870.242401	39707.941080	-187500.022352	-187500.022352	92438.522570	82795.398867	94796.676313	-187500.022352	0.040000	0.992000	0.098000	192.000000	0.000000	0.000000	0.000000	0.000000	0.000000	0.000000	0.000000	0.000000	0.000000	1761332288.833285	0.000000
151.000000	38827.461163	39666.836222	-187500.022352	-187500.022352	92667.426785	83105.328155	94988.878964	-187500.022352	0.040000	0.992000	0.098000	192.000000	0.000000	0.000000	0.000000	0.000000	0.000000	0.000000	0.000000	0.000000	0.000000	1761332288.833301	0.000000
152.000000	38824.935415	39648.686606	-187500.022352	-187500.022352	92676.881573	82991.222500	95143.731850	-187500.022352	0.040000	0.992000	0.098000	192.000000	0.000000	0.000000	0.000000	0.000000	0.000000	0.000000	0.000000	0.000000	0.000000	1761332288.833318	0.000000
153.000000	38857.278390	39681.856594	-187500.022352	-187500.022352	92479.470966	82725.683776	95021.870139	-187500.022352	0.040000	0.992000	0.098000	192.000000	0.000000	0.000000	0.000000	0.000000	0.000000	0.000000	0.000000	0.000000	0.000000	1761332288.833334	0.000000
154.000000	38873.952791	39711.025621	-187500.022352	-187500.022352	92417.690744	82761.804195	94809.752084	-187500.022352	0.040000	0.992000	0.098000	192.000000	0.000000	0.000000	0.000000	0.000000	0.000000	0.000000	0.000000	0.000000	0.000000	1761332288.833487	0.000000
155.000000	38840.939264	39681.230745	-187500.022352	-187500.022352	92636.424915	83087.066780	94947.707051	-187500.022352	0.040000	0.992000	0.098000	192.000000	0.000000	0.000000	0.000000	0.000000	0.000000	0.000000	0.000000	0.000000	0.000000	1761332288.833504	0.000000
156.000000	38828.221122	39655.258018	-187500.022352	-187500.022352	92701.580250	83044.442003	95128.867940	-187500.022352	0.040000	0.992000	0.098000	192.000000	0.000000	0.000000	0.000000	0.000000	0.000000	0.000000	0.000000	0.000000	0.000000	1761332288.833521	0.000000
157.000000	38846.035462	39674.234649	-187500.022352	-187500.022352	92517.066600	82762.497099	95056.023604	-187500.022352	0.040000	0.992000	0.096000	192.000000	1.000000	64.000000	31.000000	0.000000	3.000000	0.000000	0.000000	0.000000	0.000000	1761332288.833538	0.000000
158.000000	38872.946962	39711.651470	-187500.022352	-187500.022352	92409.130026	82725.236741	94821.240881	-187500.022352	0.040000	0.992000	0.096000	192.000000	0.000000	0.000000	0.000000	0.000000	0.000000	0.000000	0.000000	0.000000	0.000000	1761332288.833555	0.000000
159.000000	38843.666177	39688.718580	-187500.022352	-187500.022352	92597.912860	83039.569323	94895.940411	-187500.022352	0.040000	0.992000	0.096000	192.000000	0.000000	0.000000	0.000000	0.000000	0.000000	0.000000	0.000000	0.000000	0.000000	1761332288.833571	0.000000
160.000000	38811.010279	39641.087012	-187500.022352	-187500.022352	92721.070972	83097.505045	95139.663832	-187500.022352	0.040000	0.992000	0.096000	192.000000	0.000000	0.000000	0.000000	0.000000	0.000000	0.000000	0.000000	0.000000	0.000000	1761332288.833587	0.000000
161.000000	38836.468916	39661.605914	-187500.022352	-187500.022352	92550.303644	82798.841035	95089.037131	-187500.022352	0.040000	0.992000	0.096000	192.000000	0.000000	0.000000	0.000000	0.000000	0.000000	0.000000	0.000000	0.000000	0.000000	1761332288.833603	0.000000
162.000000	38856.339616	39688.226841	-187500.022352	-187500.022352	92409.711171	82709.679927	94869.721814	-187500.022352	0.040000	0.992000	0.096000	192.000000	0.000000	0.000000	0.000000	0.000000	0.000000	0.000000	0.000000	0.000000	0.000000	1761332288.833620	0.000000
163.000000	38838.435869	39675.978086	-187500.022352	-187500.022352	92558.573789	82987.556814	94873.745128	-187500.022352	0.040000	0.992000	0.096000	192.000000	0.000000	0.000000	0.000000	0.000000	0.000000	0.000000	0.000000	0.000000	0.000000	1761332288.833636	0.000000
164.000000	38821.426191	39648.060757	-187500.022352	-187500.022352	92732.313899	83129.825667	95116.127445	-187500.022352	0.040000	0.992000	0.096000	192.000000	0.000000	0.000000	0.000000	0.000000	0.000000	0.000000	0.000000	0.000000	0.000000	1761332288.833652	0.000000
165.000000	38840.872209	39660.890658	-187500.022352	-187500.022352	92592.861365	82851.322931	95122.363582	-187500.022352	0.040000	0.992000	0.096000	192.000000	0.000000	0.000000	0.000000	0.000000	0.000000	0.000000	0.000000	0.000000	0.000000	1761332288.833669	0.000000
166.000000	38882.513509	39711.472656	-187500.022352	-187500.022352	92415.656735	82686.657630	94895.739245	-187500.022352	0.040000	0.992000	0.096000	192.000000	0.000000	0.000000	0.000000	0.000000	0.000000	0.000000	0.000000	0.000000	0.000000	1761332288.833685	0.000000
167.000000	38868.677779	39705.795313	-187500.022352	-187500.022352	92511.612774	82917.014708	94829.153398	-187500.022352	0.038000	0.992000	0.104000	192.000000	1.000000	48.000000	31.000000	0.000000	3.000000	64.000000	0.000000	0.000000	0.000000	1761332288.833702	0.000000
168.000000	38835.887770	39665.808042	-187500.022352	-187500.022352	92721.428600	83137.313502	95071.602770	-187500.022352	0.038000	0.992000	0.104000	192.000000	0.000000	0.000000	0.000000	0.000000	0.000000	0.000000	0.000000	0.000000	0.000000	1761332288.833719	0.000000
169.000000	38852.830392	39673.854670	-187500.022352	-187500.022352	92629.384116	82898.507464	95124.352887	-187500.022352	0.038000	0.992000	0.104000	192.000000	0.000000	0.000000	0.000000	0.000000	0.000000	0.000000	0.000000	0.000000	0.000000	1761332288.833747	0.000000
170.000000	38883.295820	39711.405600	-187500.022352	-187500.022352	92430.699459	82693.273746	94938.296966	-187500.022352	0.038000	0.992000	0.104000	192.000000	0.000000	0.000000	0.000000	0.000000	0.000000	0.000000	0.000000	0.000000	0.000000	1761332288.833763	0.000000
171.000000	38873.505756	39713.752534	-187500.022352	-187500.022352	92466.283437	82854.072196	94807.025171	-187500.022352	0.038000	0.992000	0.104000	192.000000	0.000000	0.000000	0.000000	0.000000	0.000000	0.000000	0.000000	0.000000	0.000000	1761332288.833780	0.000000
172.000000	38836.915950	39671.150109	-187500.022352	-187500.022352	92710.185672	83152.043301	95057.990558	-187500.022352	0.038000	0.992000	0.104000	192.000000	0.000000	0.000000	0.000000	0.000000	0.000000	0.000000	0.000000	0.000000	0.000000	1761332288.833796	0.000000
173.000000	38844.113212	39665.830394	-187500.022352	-187500.022352	92665.102204	82965.115662	95160.272141	-187500.022352	0.038000	0.992000	0.104000	192.000000	0.000000	0.000000	0.000000	0.000000	0.000000	0.000000	0.000000	0.000000	0.000000	1761332288.833812	0.000000
174.000000	38875.025675	39701.257908	-187500.022352	-187500.022352	92464.316483	82721.213427	95006.738008	-187500.022352	0.038000	0.992000	0.104000	192.000000	0.000000	0.000000	0.000000	0.000000	0.000000	0.000000	0.000000	0.000000	0.000000	1761332288.833829	0.000000
175.000000	38888.928460	39731.477467	-187500.022352	-187500.022352	92447.977358	82807.401753	94817.642250	-187500.022352	0.038000	0.992000	0.104000	192.000000	0.000000	0.000000	0.000000	0.000000	0.000000	0.000000	0.000000	0.000000	0.000000	1761332288.833845	0.000000
176.000000	38848.069471	39685.008190	-187500.022352	-187500.022352	92684.257648	83128.350452	95010.917784	-187500.022352	0.038000	0.992000	0.104000	192.000000	0.000000	0.000000	0.000000	0.000000	0.000000	0.000000	0.000000	0.000000	0.000000	1761332288.833861	0.000000
177.000000	38843.085032	39663.461109	-187500.022352	-187500.022352	92707.056428	83027.253512	95170.710405	-187500.022352	0.046000	0.996000	0.102000	192.000000	1.000000	112.000000	31.000000	32.000000	3.000000	48.000000	0.000000	0.000000	0.000000	1761332288.833878	0.000000
178.000000	38873.326942	39700.028563	-187500.022352	-187500.022352	92504.974306	82747.543782	95044.668918	-187500.022352	0.046000	0.996000	0.102000	192.000000	0.000000	0.000000	0.000000	0.000000	0.000000	0.000000	0.000000	0.000000	0.000000	1761332288.833895	0.000000
179.000000	38894.963431	39735.523133	-187500.022352	-187500.022352	92434.320442	82767.034503	94826.001802	-187500.022352	0.046000	0.996000	0.102000	192.000000	0.000000	0.000000	0.000000	0.000000	0.000000	0.000000	0.000000	0.000000	0.000000	1761332288.833911	0.000000
180.000000	38856.585486	39695.893490	-187500.022352	-187500.022352	92651.110011	83094.331097	94957.497115	-187500.022352	0.046000	0.996000	0.102000	192.000000	0.000000	0.000000	0.000000	0.000000	0.000000	0.000000	0.000000	0.000000	0.000000	1761332288.833928	0.000000
181.000000	38841.721575	39665.383359	-187500.022352	-187500.022352	92737.678318	83084.317515	95173.705539	-187500.022352	0.046000	0.996000	0.102000	192.000000	0.000000	0.000000	0.000000	0.000000	0.000000	0.000000	0.000000	0.000000	0.000000	1761332288.833944	0.000000
182.000000	38874.712750	39694.351219	-187500.022352	-187500.022352	92542.346423	82782.837186	95081.616352	-187500.022352	0.046000	0.996000	0.102000	192.000000	0.000000	0.000000	0.000000	0.000000	0.000000	0.000000	0.000000	0.000000	0.000000	1761332288.833960	0.000000
183.000000	38902.786541	39733.265607	-187500.022352	-187500.022352	92422.026983	82728.589502	94843.167942	-187500.022352	0.046000	0.996000	0.102000	192.000000	0.000000	0.000000	0.000000	0.000000	0.000000	0.000000	0.000000	0.000000	0.000000	1761332288.833977	0.000000
184.000000	38869.258925	39707.806970	-187500.022352	-187500.022352	92599.589241	83027.767602	94887.469099	-187500.022352	0.046000	0.996000	0.102000	192.000000	0.000000	0.000000	0.000000	0.000000	0.000000	0.000000	0.000000	0.000000	0.000000	1761332288.833993	0.000000
185.000000	38839.486401	39663.706978	-187500.022352	-187500.022352	92735.577254	83104.858769	95123.794094	-187500.022352	0.046000	0.996000	0.102000	192.000000	0.000000	0.000000	0.000000	0.000000	0.000000	0.000000	0.000000	0.000000	0.000000	1761332288.834019	0.000000
186.000000	38866.464957	39686.617516	-187500.022352	-187500.022352	92572.789499	82812.721469	95086.198459	-187500.022352	0.046000	0.996000	0.102000	192.000000	0.000000	0.000000	0.000000	0.000000	0.000000	0.000000	0.000000	0.000000	0.000000	1761332288.834035	0.000000
187.000000	38898.495006	39729.935197	-187500.022352	-187500.022352	92420.328250	82702.840293	94854.790849	-187500.022352	0.048000	0.994000	0.106000	192.000000	1.000000	128.000000	31.000000	16.000000	3.000000	80.000000	0.000000	0.000000	0.000000	1761332288.834052	0.000000
188.000000	38881.641791	39714.758362	-187500.022352	-187500.022352	92554.036385	82969.943639	94831.299166	-187500.022352	0.048000	0.994000	0.106000	192.000000	0.000000	0.000000	0.000000	0.000000	0.000000	0.000000	0.000000	0.000000	0.000000	1761332288.834069	0.000000
189.000000	38851.645750	39672.535917	-187500.022352	-187500.022352	92737.745373	83128.551618	95072.519192	-187500.022352	0.048000	0.994000	0.106000	192.000000	0.000000	0.000000	0.000000	0.000000	0.000000	0.000000	0.000000	0.000000	0.000000	1761332288.834086	0.000000
190.000000	38864.229782	39683.421216	-187500.022352	-187500.022352	92614.788427	82865.918620	95101.844681	-187500.022352	0.048000	0.994000	0.106000	192.000000	0.000000	0.000000	0.000000	0.000000	0.000000	0.000000	0.000000	0.000000	0.000000	1761332288.834102	0.000000
191.000000	38893.421160	39720.189836	-187500.022352	-187500.022352	92433.001689	82700.135732	94893.302905	-187500.022352	0.048000	0.994000	0.106000	192.000000	0.000000	0.000000	0.000000	0.000000	0.000000	0.000000	0.000000	0.000000	0.000000	1761332288.834118	0.000000
192.000000	38875.003323	39710.377420	-187500.022352	-187500.022352	92519.413533	82923.608473	94829.555730	-187500.022352	0.048000	0.994000	0.106000	192.000000	0.000000	0.000000	0.000000	0.000000	0.000000	0.000000	0.000000	0.000000	0.000000	1761332288.834135	0.000000
193.000000	38841.162782	39667.149146	-187500.022352	-187500.022352	92732.045678	83150.188106	95070.418128	-187500.022352	0.048000	0.994000	0.106000	192.000000	0.000000	0.000000	0.000000	0.000000	0.000000	0.000000	0.000000	0.000000	0.000000	1761332288.834152	0.000000
194.000000	38852.092785	39665.763338	-187500.022352	-187500.022352	92648.293692	82913.393726	95127.862111	-187500.022352	0.048000	0.994000	0.106000	192.000000	0.000000	0.000000	0.000000	0.000000	0.000000	0.000000	0.000000	0.000000	0.000000	1761332288.834168	0.000000
195.000000	38886.290954	39704.923595	-187500.022352	-187500.022352	92453.140611	82698.280537	94943.795495	-187500.022352	0.048000	0.994000	0.106000	192.000000	0.000000	0.000000	0.000000	0.000000	0.000000	0.000000	0.000000	0.000000	0.000000	1761332288.834184	0.000000
196.000000	38883.608745	39714.959528	-187500.022352	-187500.022352	92476.721701	82849.959475	94803.985334	-187500.022352	0.048000	0.994000	0.106000	192.000000	0.000000	0.000000	0.000000	0.000000	0.000000	0.000000	0.000000	0.000000	0.000000	1761332288.834201	0.000000
197.000000	38840.134602	39667.417367	-187500.022352	-187500.022352	92708.263422	83139.906304	95021.423104	-187500.022352	0.052000	0.992000	0.102000	192.000000	1.000000	160.000000	31.000000	0.000000	3.000000	48.000000	0.000000	0.000000	0.000000	1761332288.834219	0.000000
198.000000	38842.637997	39658.543725	-187500.022352	-187500.022352	92685.218774	82975.777444	95143.038946	-187500.022352	0.052000	0.992000	0.102000	192.000000	0.000000	0.000000	0.000000	0.000000	0.000000	0.000000	0.000000	0.000000	0.000000	1761332288.834249	0.000000
199.000000	38874.690399	39695.871138	-187500.022352	-187500.022352	92478.576896	82719.671156	94996.545612	-187500.022352	0.052000	0.992000	0.102000	192.000000	0.000000	0.000000	0.000000	0.000000	0.000000	0.000000	0.000000	0.000000	0.000000	1761332288.834277	0.000000
200.000000	38889.978992	39716.881778	-187500.022352	-187500.022352	92447.798544	82793.096637	94804.231203	-187500.022352	0.052000	0.992000	0.102000	192.000000	0.000000	0.000000	0.000000	0.000000	0.000000	0.000000	0.000000	0.000000	0.000000	1761332288.834321	0.000000
201.000000	38857.211334	39682.884775	-187500.022352	-187500.022352	92676.233372	83107.831551	94971.042272	-187500.022352	0.052000	0.992000	0.102000	192.000000	0.000000	0.000000	0.000000	0.000000	0.000000	0.000000	0.000000	0.000000	0.000000	1761332288.834371	0.000000
202.000000	38850.528163	39664.154013	-187500.022352	-187500.022352	92703.435445	83013.954224	95124.285832	-187500.022352	0.052000	0.992000	0.102000	192.000000	0.000000	0.000000	0.000000	0.000000	0.000000	0.000000	0.000000	0.000000	0.000000	1761332288.834400	0.000000
203.000000	38875.651524	39691.736065	-187500.022352	-187500.022352	92507.857681	82742.782860	95024.731162	-187500.022352	0.052000	0.992000	0.102000	192.000000	0.000000	0.000000	0.000000	0.000000	0.000000	0.000000	0.000000	0.000000	0.000000	1761332288.834429	0.000000
204.000000	38884.659277	39712.277319	-187500.022352	-187500.022352	92435.281567	82767.749759	94841.782134	-187500.022352	0.052000	0.992000	0.102000	192.000000	0.000000	0.000000	0.000000	0.000000	0.000000	0.000000	0.000000	0.000000	0.000000	1761332288.834458	0.000000
205.000000	38849.902314	39679.397902	-187500.022352	-187500.022352	92641.141133	83087.692629	94965.074356	-187500.022352	0.052000	0.992000	0.102000	192.000000	0.000000	0.000000	0.000000	0.000000	0.000000	0.000000	0.000000	0.000000	0.000000	1761332288.834486	0.000000
206.000000	38842.079203	39657.604952	-187500.022352	-187500.022352	92725.742486	83074.013361	95158.327539	-187500.022352	0.052000	0.992000	0.102000	192.000000	0.000000	0.000000	0.000000	0.000000	0.000000	0.000000	0.000000	0.000000	0.000000	1761332288.834515	0.000000
207.000000	38869.594201	39682.460091	-187500.022352	-187500.022352	92540.714746	82776.601049	95084.410320	-187500.022352	0.050000	0.990000	0.104000	192.000000	1.000000	144.000000	30.000000	240.000000	3.000000	64.000000	0.000000	0.000000	0.000000	1761332288.834543	0.000000
208.000000	38900.439608	39720.972147	-187500.022352	-187500.022352	92411.856939	82706.215406	94840.418677	-187500.022352	0.050000	0.990000	0.104000	192.000000	0.000000	0.000000	0.000000	0.000000	0.000000	0.000000	0.000000	0.000000	0.000000	1761332288.834574	0.000000
209.000000	38878.020808	39705.325926	-187500.022352	-187500.022352	92583.317171	83006.399334	94873.231038	-187500.022352	0.050000	0.990000	0.104000	192.000000	0.000000	0.000000	0.000000	0.000000	0.000000	0.000000	0.000000	0.000000	0.000000	1761332288.834602	0.000000
210.000000	38835.731308	39657.895524	-187500.022352	-187500.022352	92735.309033	83112.212492	95128.309146	-187500.022352	0.050000	0.990000	0.104000	192.000000	0.000000	0.000000	0.000000	0.000000	0.000000	0.000000	0.000000	0.000000	0.000000	1761332288.834630	0.000000
211.000000	38861.279352	39683.376513	-187500.022352	-187500.022352	92581.014941	82827.741841	95111.835910	-187500.022352	0.050000	0.990000	0.104000	192.000000	0.000000	0.000000	0.000000	0.000000	0.000000	0.000000	0.000000	0.000000	0.000000	1761332288.834658	0.000000
212.000000	38889.755474	39714.736010	-187500.022352	-187500.022352	92418.137779	82700.828636	94884.719835	-187500.022352	0.050000	0.990000	0.104000	192.000000	0.000000	0.000000	0.000000	0.000000	0.000000	0.000000	0.000000	0.000000	0.000000	1761332288.834687	0.000000
213.000000	38868.588372	39698.933327	-187500.022352	-187500.022352	92543.598121	82962.142880	94857.406003	-187500.022352	0.050000	0.990000	0.104000	192.000000	0.000000	0.000000	0.000000	0.000000	0.000000	0.000000	0.000000	0.000000	0.000000	1761332288.834715	0.000000
214.000000	38836.290102	39652.329940	-187500.022352	-187500.022352	92729.408172	83136.061804	95098.134291	-187500.022352	0.050000	0.990000	0.104000	192.000000	0.000000	0.000000	0.000000	0.000000	0.000000	0.000000	0.000000	0.000000	0.000000	1761332288.834743	0.000000
215.000000	38849.544686	39661.918838	-187500.022352	-187500.022352	92614.341392	82869.494899	95120.508387	-187500.022352	0.050000	0.990000	0.104000	192.000000	0.000000	0.000000	0.000000	0.000000	0.000000	0.000000	0.000000	0.000000	0.000000	1761332288.834788	0.000000
216.000000	38879.361913	39704.208339	-187500.022352	-187500.022352	92439.036660	82697.230005	94926.495245	-187500.022352	0.050000	0.990000	0.104000	192.000000	0.000000	0.000000	0.000000	0.000000	0.000000	0.000000	0.000000	0.000000	0.000000	1761332288.834816	0.000000
217.000000	38875.539765	39709.170426	-187500.022352	-187500.022352	92501.822710	82888.695048	94813.238956	-187500.022352	0.054000	0.990000	0.102000	192.000000	1.000000	176.000000	30.000000	240.000000	3.000000	48.000000	0.000000	0.000000	0.000000	1761332288.834845	0.000000
218.000000	38833.205561	39657.180268	-187500.022352	-187500.022352	92715.997126	83135.190086	95044.691270	-187500.022352	0.054000	0.990000	0.102000	192.000000	0.000000	0.000000	0.000000	0.000000	0.000000	0.000000	0.000000	0.000000	0.000000	1761332288.834874	0.000000
219.000000	38841.207485	39653.022844	-187500.022352	-187500.022352	92658.776660	82926.491848	95140.960233	-187500.022352	0.054000	0.990000	0.102000	192.000000	0.000000	0.000000	0.000000	0.000000	0.000000	0.000000	0.000000	0.000000	0.000000	1761332288.834902	0.000000
220.000000	38876.031503	39694.440626	-187500.022352	-187500.022352	92467.311617	82698.347592	94970.282313	-187500.022352	0.054000	0.990000	0.102000	192.000000	0.000000	0.000000	0.000000	0.000000	0.000000	0.000000	0.000000	0.000000	0.000000	1761332288.834930	0.000000
221.000000	38877.685532	39711.159731	-187500.022352	-187500.022352	92472.921905	82827.183047	94806.824005	-187500.022352	0.054000	0.990000	0.102000	192.000000	0.000000	0.000000	0.000000	0.000000	0.000000	0.000000	0.000000	0.000000	0.000000	1761332288.834959	0.000000
222.000000	38847.421270	39677.945039	-187500.022352	-187500.022352	92684.414111	83109.686745	94983.671008	-187500.022352	0.054000	0.990000	0.102000	192.000000	0.000000	0.000000	0.000000	0.000000	0.000000	0.000000	0.000000	0.000000	0.000000	1761332288.834987	0.000000
223.000000	38838.122945	39652.732271	-187500.022352	-187500.022352	92682.491861	82965.138014	95129.985527	-187500.022352	0.054000	0.990000	0.102000	192.000000	0.000000	0.000000	0.000000	0.000000	0.000000	0.000000	0.000000	0.000000	0.000000	1761332288.835015	0.000000
224.000000	38864.855631	39687.891565	-187500.022352	-187500.022352	92517.625394	82735.071508	95052.022642	-187500.022352	0.054000	0.990000	0.102000	192.000000	0.000000	0.000000	0.000000	0.000000	0.000000	0.000000	0.000000	0.000000	0.000000	1761332288.835043	0.000000
225.000000	38888.168500	39722.156790	-187500.022352	-187500.022352	92452.760631	82781.093750	94820.749142	-187500.022352	0.054000	0.990000	0.102000	192.000000	0.000000	0.000000	0.000000	0.000000	0.000000	0.000000	0.000000	0.000000	0.000000	1761332288.835073	0.000000
226.000000	38849.812907	39683.577679	-187500.022352	-187500.022352	92643.465715	83087.625574	94938.855760	-187500.022352	0.054000	0.990000	0.102000	192.000000	0.000000	0.000000	0.000000	0.000000	0.000000	0.000000	0.000000	0.000000	0.000000	1761332288.835104	0.000000
227.000000	38831.529180	39653.849859	-187500.022352	-187500.022352	92707.570518	83024.839523	95136.534588	-187500.022352	0.052000	0.994000	0.100000	192.000000	1.000000	160.000000	31.000000	16.000000	3.000000	32.000000	0.000000	0.000000	0.000000	1761332288.835134	0.000000
228.000000	38852.003378	39676.268658	-187500.022352	-187500.022352	92559.266694	82763.167651	95095.027398	-187500.022352	0.052000	0.994000	0.100000	192.000000	0.000000	0.000000	0.000000	0.000000	0.000000	0.000000	0.000000	0.000000	0.000000	1761332288.835166	0.000000
229.000000	38873.014018	39706.175292	-187500.022352	-187500.022352	92456.269855	82755.903334	94869.587704	-187500.022352	0.052000	0.994000	0.100000	192.000000	0.000000	0.000000	0.000000	0.000000	0.000000	0.000000	0.000000	0.000000	0.000000	1761332288.835196	0.000000
230.000000	38852.293951	39689.277373	-187500.022352	-187500.022352	92602.293802	83054.120309	94899.404931	-187500.022352	0.052000	0.994000	0.100000	192.000000	0.000000	0.000000	0.000000	0.000000	0.000000	0.000000	0.000000	0.000000	0.000000	1761332288.835226	0.000000
231.000000	38825.382450	39650.474745	-187500.022352	-187500.022352	92710.990335	83068.201908	95114.808692	-187500.022352	0.052000	0.994000	0.100000	192.000000	0.000000	0.000000	0.000000	0.000000	0.000000	0.000000	0.000000	0.000000	0.000000	1761332288.835274	0.000000
232.000000	38849.522334	39671.798309	-187500.022352	-187500.022352	92595.722389	82800.383306	95130.678431	-187500.022352	0.052000	0.994000	0.100000	192.000000	0.000000	0.000000	0.000000	0.000000	0.000000	0.000000	0.000000	0.000000	0.000000	1761332288.835304	0.000000
233.000000	38868.588372	39707.516397	-187500.022352	-187500.022352	92464.249428	82746.806174	94931.055001	-187500.022352	0.052000	0.994000	0.100000	192.000000	0.000000	0.000000	0.000000	0.000000	0.000000	0.000000	0.000000	0.000000	0.000000	1761332288.835334	0.000000
234.000000	38852.785689	39698.553347	-187500.022352	-187500.022352	92561.680682	83012.769581	94878.036663	-187500.022352	0.052000	0.994000	0.100000	192.000000	0.000000	0.000000	0.000000	0.000000	0.000000	0.000000	0.000000	0.000000	0.000000	1761332288.835364	0.000000
235.000000	38827.282349	39658.342559	-187500.022352	-187500.022352	92714.723076	83110.670222	95092.725169	-187500.022352	0.052000	0.994000	0.100000	192.000000	0.000000	0.000000	0.000000	0.000000	0.000000	0.000000	0.000000	0.000000	0.000000	1761332288.835395	0.000000
236.000000	38840.581636	39665.472766	-187500.022352	-187500.022352	92628.959433	82850.853545	95156.315882	-187500.022352	0.052000	0.994000	0.100000	192.000000	0.000000	0.000000	0.000000	0.000000	0.000000	0.000000	0.000000	0.000000	0.000000	1761332288.835425	0.000000
237.000000	38866.844936	39704.655374	-187500.022352	-187500.022352	92466.238733	82726.331976	94961.274560	-187500.022352	0.052000	0.994000	0.096000	192.000000	1.000000	160.000000	31.000000	16.000000	3.000000	0.000000	0.000000	0.000000	0.000000	1761332288.835456	0.000000
238.000000	38861.726387	39709.751571	-187500.022352	-187500.022352	92513.535024	82947.346025	94836.484770	-187500.022352	0.052000	0.994000	0.096000	192.000000	0.000000	0.000000	0.000000	0.000000	0.000000	0.000000	0.000000	0.000000	0.000000	1761332288.835487	0.000000
239.000000	38827.997604	39663.237591	-187500.022352	-187500.022352	92699.233317	83130.764440	95062.997349	-187500.022352	0.052000	0.994000	0.096000	192.000000	0.000000	0.000000	0.000000	0.000000	0.000000	0.000000	0.000000	0.000000	0.000000	1761332288.835517	0.000000
240.000000	38835.351328	39657.180268	-187500.022352	-187500.022352	92646.393793	82891.846644	95163.759013	-187500.022352	0.052000	0.994000	0.096000	192.000000	0.000000	0.000000	0.000000	0.000000	0.000000	0.000000	0.000000	0.000000	0.000000	1761332288.835548	0.000000
241.000000	38868.074282	39696.407580	-187500.022352	-187500.022352	92481.594382	82720.989909	95007.252098	-187500.022352	0.052000	0.994000	0.096000	192.000000	0.000000	0.000000	0.000000	0.000000	0.000000	0.000000	0.000000	0.000000	0.000000	1761332289.209021	0.000000
242.000000	38869.482442	39710.355068	-187500.022352	-187500.022352	92485.572992	82893.143045	94832.953195	-187500.022352	0.052000	0.994000	0.096000	192.000000	0.000000	0.000000	0.000000	0.000000	0.000000	0.000000	0.000000	0.000000	0.000000	1761332289.209114	0.000000
243.000000	38835.440735	39669.965466	-187500.022352	-187500.022352	92677.127442	83131.144420	95013.644697	-187500.022352	0.052000	0.994000	0.096000	192.000000	0.000000	0.000000	0.000000	0.000000	0.000000	0.000000	0.000000	0.000000	0.000000	1761332289.209168	0.000000
244.000000	38832.043270	39651.614684	-187500.022352	-187500.022352	92673.931143	82940.260522	95161.970873	-187500.022352	0.052000	0.994000	0.096000	192.000000	0.000000	0.000000	0.000000	0.000000	0.000000	0.000000	0.000000	0.000000	0.000000	1761332289.209218	0.000000
245.000000	38858.015997	39685.008190	-187500.022352	-187500.022352	92515.926661	82733.015148	95058.281131	-187500.022352	0.052000	0.994000	0.096000	192.000000	0.000000	0.000000	0.000000	0.000000	0.000000	0.000000	0.000000	0.000000	0.000000	1761332289.209250	0.000000
246.000000	38864.632114	39709.662164	-187500.022352	-187500.022352	92463.534172	82839.834135	94841.782134	-187500.022352	0.052000	0.994000	0.096000	192.000000	0.000000	0.000000	0.000000	0.000000	0.000000	0.000000	0.000000	0.000000	0.000000	1761332289.209388	0.000000
247.000000	38832.557360	39671.351274	-187500.022352	-187500.022352	92648.673671	83122.807219	94979.781804	-187500.022352	0.054000	0.998000	0.096000	192.000000	1.000000	176.000000	31.000000	48.000000	3.000000	0.000000	0.000000	0.000000	0.000000	1761332289.209420	0.000000
248.000000	38827.371756	39648.060757	-187500.022352	-187500.022352	92691.276096	82993.122398	95157.880504	-187500.022352	0.054000	0.998000	0.096000	192.000000	0.000000	0.000000	0.000000	0.000000	0.000000	0.000000	0.000000	0.000000	0.000000	1761332289.209455	0.000000
249.000000	38853.746814	39678.101501	-187500.022352	-187500.022352	92540.558283	82753.869325	95096.681428	-187500.022352	0.054000	0.998000	0.096000	192.000000	0.000000	0.000000	0.000000	0.000000	0.000000	0.000000	0.000000	0.000000	0.000000	1761332289.209474	0.000000
250.000000	38875.405654	39714.266624	-187500.022352	-187500.022352	92441.294186	82789.676820	94845.581930	-187500.022352	0.054000	0.998000	0.096000	192.000000	0.000000	0.000000	0.000000	0.000000	0.000000	0.000000	0.000000	0.000000	0.000000	1761332289.209493	0.000000
251.000000	38842.995625	39683.041237	-187500.022352	-187500.022352	92605.199528	83089.681934	94922.874263	-187500.022352	0.054000	0.998000	0.096000	192.000000	0.000000	0.000000	0.000000	0.000000	0.000000	0.000000	0.000000	0.000000	0.000000	1761332289.209511	0.000000
252.000000	38832.043270	39659.236629	-187500.022352	-187500.022352	92705.894137	83044.129079	95145.855265	-187500.022352	0.054000	0.998000	0.096000	192.000000	0.000000	0.000000	0.000000	0.000000	0.000000	0.000000	0.000000	0.000000	0.000000	1761332289.209528	0.000000
253.000000	38858.306570	39686.148129	-187500.022352	-187500.022352	92569.324979	82775.796387	95121.156588	-187500.022352	0.054000	0.998000	0.096000	192.000000	0.000000	0.000000	0.000000	0.000000	0.000000	0.000000	0.000000	0.000000	0.000000	1761332289.209546	0.000000
254.000000	38877.618477	39719.049897	-187500.022352	-187500.022352	92439.751916	82753.444642	94873.499259	-187500.022352	0.054000	0.998000	0.096000	192.000000	0.000000	0.000000	0.000000	0.000000	0.000000	0.000000	0.000000	0.000000	0.000000	1761332289.209564	0.000000
255.000000	38856.250209	39700.520301	-187500.022352	-187500.022352	92567.805060	83044.933742	94870.928809	-187500.022352	0.054000	0.998000	0.096000	192.000000	0.000000	0.000000	0.000000	0.000000	0.000000	0.000000	0.000000	0.000000	0.000000	1761332289.209582	0.000000
0.000000	38829.830447	39658.655484	-187500.022352	-187500.022352	92702.586079	83081.076512	95104.862166	-187500.022352	0.054000	0.998000	0.096000	192.000000	0.000000	0.000000	0.000000	0.000000	0.000000	0.000000	0.000000	0.000000	0.000000	1761332289.209600	0.000000
1.000000	38850.148183	39676.872155	-187500.022352	-187500.022352	92603.679610	82822.444477	95151.152629	-187500.022352	0.050000	0.994000	0.096000	192.000000	1.000000	144.000000	31.000000	16.000000	3.000000	0.000000	0.000000	0.000000	0.000000	1761332289.209618	0.000000
2.000000	38884.122835	39718.111124	-187500.022352	-187500.022352	92454.816992	82748.549610	94930.071524	-187500.022352	0.050000	0.994000	0.096000	192.000000	0.000000	0.000000	0.000000	0.000000	0.000000	0.000000	0.000000	0.000000	0.000000	1761332289.209638	0.000000
3.000000	38867.850765	39709.304536	-187500.022352	-187500.022352	92525.269690	82993.927061	94839.658718	-187500.022352	0.050000	0.994000	0.096000	192.000000	0.000000	0.000000	0.000000	0.000000	0.000000	0.000000	0.000000	0.000000	0.000000	1761332289.209657	0.000000
4.000000	38829.539875	39658.767242	-187500.022352	-187500.022352	92696.282887	83113.263024	95073.614427	-187500.022352	0.050000	0.994000	0.096000	192.000000	0.000000	0.000000	0.000000	0.000000	0.000000	0.000000	0.000000	0.000000	0.000000	1761332289.209675	0.000000
5.000000	38841.587465	39665.361007	-187500.022352	-187500.022352	92630.613462	82860.420091	95162.797888	-187500.022352	0.050000	0.994000	0.096000	192.000000	0.000000	0.000000	0.000000	0.000000	0.000000	0.000000	0.000000	0.000000	0.000000	1761332289.209707	0.000000
6.000000	38871.471747	39706.778789	-187500.022352	-187500.022352	92465.612884	82727.136639	94971.891638	-187500.022352	0.050000	0.994000	0.096000	192.000000	0.000000	0.000000	0.000000	0.000000	0.000000	0.000000	0.000000	0.000000	0.000000	1761332289.209726	0.000000
7.000000	38871.739968	39718.155827	-187500.022352	-187500.022352	92494.938373	82937.131278	94825.219491	-187500.022352	0.050000	0.994000	0.096000	192.000000	0.000000	0.000000	0.000000	0.000000	0.000000	0.000000	0.000000	0.000000	0.000000	1761332289.209743	0.000000
8.000000	38841.453355	39675.821623	-187500.022352	-187500.022352	92681.262515	83127.456382	95027.346316	-187500.022352	0.050000	0.994000	0.096000	192.000000	0.000000	0.000000	0.000000	0.000000	0.000000	0.000000	0.000000	0.000000	0.000000	1761332289.209761	0.000000
9.000000	38841.699224	39664.712806	-187500.022352	-187500.022352	92657.144982	82906.084705	95162.082632	-187500.022352	0.050000	0.994000	0.096000	192.000000	0.000000	0.000000	0.000000	0.000000	0.000000	0.000000	0.000000	0.000000	0.000000	1761332289.209779	0.000000
10.000000	38873.729274	39706.667031	-187500.022352	-187500.022352	92487.785815	82725.817886	95013.599993	-187500.022352	0.050000	0.994000	0.096000	192.000000	0.000000	0.000000	0.000000	0.000000	0.000000	0.000000	0.000000	0.000000	0.000000	1761332289.209796	0.000000
11.000000	38882.625268	39727.476505	-187500.022352	-187500.022352	92462.953027	82874.255821	94805.862880	-187500.022352	0.050000	0.990000	0.096000	192.000000	1.000000	144.000000	30.000000	240.000000	3.000000	0.000000	0.000000	0.000000	0.000000	1761332289.209814	0.000000
12.000000	38838.972311	39676.782748	-187500.022352	-187500.022352	92658.240218	83123.857751	94982.553420	-187500.022352	0.050000	0.990000	0.096000	192.000000	0.000000	0.000000	0.000000	0.000000	0.000000	0.000000	0.000000	0.000000	0.000000	1761332289.209833	0.000000
13.000000	38829.651633	39653.626341	-187500.022352	-187500.022352	92680.457852	82958.253677	95176.544210	-187500.022352	0.050000	0.990000	0.096000	192.000000	0.000000	0.000000	0.000000	0.000000	0.000000	0.000000	0.000000	0.000000	0.000000	1761332289.209850	0.000000
14.000000	38867.180212	39699.670935	-187500.022352	-187500.022352	92518.541815	82739.631264	95074.799070	-187500.022352	0.050000	0.990000	0.096000	192.000000	0.000000	0.000000	0.000000	0.000000	0.000000	0.000000	0.000000	0.000000	0.000000	1761332289.209867	0.000000
15.000000	38878.937230	39725.241330	-187500.022352	-187500.022352	92450.458401	82827.764193	94834.741334	-187500.022352	0.050000	0.990000	0.096000	192.000000	0.000000	0.000000	0.000000	0.000000	0.000000	0.000000	0.000000	0.000000	0.000000	1761332289.209885	0.000000
16.000000	38842.101555	39679.174385	-187500.022352	-187500.022352	92626.791314	83109.954966	94947.349423	-187500.022352	0.050000	0.990000	0.096000	192.000000	0.000000	0.000000	0.000000	0.000000	0.000000	0.000000	0.000000	0.000000	0.000000	1761332289.209903	0.000000
17.000000	38833.786706	39655.794460	-187500.022352	-187500.022352	92685.084663	82997.860968	95147.665757	-187500.022352	0.050000	0.990000	0.096000	192.000000	0.000000	0.000000	0.000000	0.000000	0.000000	0.000000	0.000000	0.000000	0.000000	1761332289.209920	0.000000
18.000000	38853.746814	39679.956696	-187500.022352	-187500.022352	92544.559246	82762.519450	95115.836873	-187500.022352	0.050000	0.990000	0.096000	192.000000	0.000000	0.000000	0.000000	0.000000	0.000000	0.000000	0.000000	0.000000	0.000000	1761332289.209938	0.000000
19.000000	38886.134492	39724.950758	-187500.022352	-187500.022352	92434.387497	82782.613669	94856.757803	-187500.022352	0.050000	0.990000	0.096000	192.000000	0.000000	0.000000	0.000000	0.000000	0.000000	0.000000	0.000000	0.000000	0.000000	1761332289.209955	0.000000
20.000000	38843.599122	39677.855632	-187500.022352	-187500.022352	92591.386150	83073.454568	94910.916079	-187500.022352	0.050000	0.990000	0.096000	192.000000	0.000000	0.000000	0.000000	0.000000	0.000000	0.000000	0.000000	0.000000	0.000000	1761332289.209973	0.000000
21.000000	38827.327052	39645.065623	-187500.022352	-187500.022352	92700.239146	83033.176724	95133.919434	-187500.022352	0.040000	0.990000	0.094000	192.000000	1.000000	64.000000	30.000000	240.000000	2.000000	240.000000	0.000000	0.000000	0.000000	1761332289.210000	0.000000
22.000000	38852.673930	39675.888679	-187500.022352	-187500.022352	92580.657313	82764.888735	95128.286794	-187500.022352	0.040000	0.990000	0.094000	192.000000	0.000000	0.000000	0.000000	0.000000	0.000000	0.000000	0.000000	0.000000	0.000000	1761332289.210018	0.000000
23.000000	38883.944021	39721.821513	-187500.022352	-187500.022352	92443.462305	82731.115250	94886.105643	-187500.022352	0.040000	0.990000	0.094000	192.000000	0.000000	0.000000	0.000000	0.000000	0.000000	0.000000	0.000000	0.000000	0.000000	1761332289.210036	0.000000
24.000000	38846.594256	39690.126740	-187500.022352	-187500.022352	92545.520371	82997.436285	94846.297186	-187500.022352	0.040000	0.990000	0.094000	192.000000	0.000000	0.000000	0.000000	0.000000	0.000000	0.000000	0.000000	0.000000	0.000000	1761332289.210075	0.000000
25.000000	38819.705107	39652.575809	-187500.022352	-187500.022352	92702.340210	83059.060044	95094.826233	-187500.022352	0.040000	0.990000	0.094000	192.000000	0.000000	0.000000	0.000000	0.000000	0.000000	0.000000	0.000000	0.000000	0.000000	1761332289.210092	0.000000
26.000000	38833.853761	39659.661312	-187500.022352	-187500.022352	92618.141188	82809.815742	95167.268237	-187500.022352	0.040000	0.990000	0.094000	192.000000	0.000000	0.000000	0.000000	0.000000	0.000000	0.000000	0.000000	0.000000	0.000000	1761332289.210110	0.000000
27.000000	38885.776864	39722.693231	-187500.022352	-187500.022352	92457.946236	82721.749869	94942.342632	-187500.022352	0.040000	0.990000	0.094000	192.000000	0.000000	0.000000	0.000000	0.000000	0.000000	0.000000	0.000000	0.000000	0.000000	1761332289.210128	0.000000
28.000000	38874.332771	39717.798199	-187500.022352	-187500.022352	92512.484492	82963.036950	94830.025116	-187500.022352	0.040000	0.990000	0.094000	192.000000	0.000000	0.000000	0.000000	0.000000	0.000000	0.000000	0.000000	0.000000	0.000000	1761332289.210145	0.000000
29.000000	38819.302776	39646.987873	-187500.022352	-187500.022352	92691.745483	83102.623594	95078.934142	-187500.022352	0.040000	0.990000	0.094000	192.000000	0.000000	0.000000	0.000000	0.000000	0.000000	0.000000	0.000000	0.000000	0.000000	1761332289.210163	0.000000
30.000000	38829.718689	39656.800289	-187500.022352	-187500.022352	92642.169314	82863.683446	95195.833766	-187500.022352	0.040000	0.990000	0.094000	192.000000	0.000000	0.000000	0.000000	0.000000	0.000000	0.000000	0.000000	0.000000	0.000000	1761332289.210180	0.000000
31.000000	38872.611686	39707.292879	-187500.022352	-187500.022352	92472.877201	82719.604101	95014.427008	-187500.022352	0.040000	0.992000	0.092000	192.000000	1.000000	64.000000	31.000000	0.000000	2.000000	224.000000	0.000000	0.000000	0.000000	1761332289.210198	0.000000
32.000000	38888.392018	39731.633929	-187500.022352	-187500.022352	92478.599248	82900.295603	94818.156340	-187500.022352	0.040000	0.992000	0.092000	192.000000	0.000000	0.000000	0.000000	0.000000	0.000000	0.000000	0.000000	0.000000	0.000000	1761332289.210216	0.000000
33.000000	38848.292988	39682.303629	-187500.022352	-187500.022352	92670.399567	83104.970527	95014.717581	-187500.022352	0.040000	0.992000	0.092000	192.000000	0.000000	0.000000	0.000000	0.000000	0.000000	0.000000	0.000000	0.000000	0.000000	1761332289.210234	0.000000
34.000000	38852.472765	39674.435815	-187500.022352	-187500.022352	92662.285884	82898.954499	95163.468440	-187500.022352	0.040000	0.992000	0.092000	192.000000	0.000000	0.000000	0.000000	0.000000	0.000000	0.000000	0.000000	0.000000	0.000000	1761332289.210251	0.000000
35.000000	38881.150053	39713.193740	-187500.022352	-187500.022352	92497.486472	82720.699337	95037.181084	-187500.022352	0.040000	0.992000	0.092000	192.000000	0.000000	0.000000	0.000000	0.000000	0.000000	0.000000	0.000000	0.000000	0.000000	1761332289.210268	0.000000
36.000000	38889.822530	39731.119839	-187500.022352	-187500.022352	92444.177561	82842.024606	94800.006723	-187500.022352	0.040000	0.992000	0.092000	192.000000	0.000000	0.000000	0.000000	0.000000	0.000000	0.000000	0.000000	0.000000	0.000000	1761332289.210294	0.000000
37.000000	38853.433890	39688.740932	-187500.022352	-187500.022352	92634.860293	83091.246556	94949.383432	-187500.022352	0.040000	0.992000	0.092000	192.000000	0.000000	0.000000	0.000000	0.000000	0.000000	0.000000	0.000000	0.000000	0.000000	1761332289.210310	0.000000
38.000000	38842.190962	39667.104443	-187500.022352	-187500.022352	92670.801898	82938.628845	95143.061297	-187500.022352	0.040000	0.992000	0.092000	192.000000	0.000000	0.000000	0.000000	0.000000	0.000000	0.000000	0.000000	0.000000	0.000000	1761332289.210327	0.000000
39.000000	38881.351218	39712.366725	-187500.022352	-187500.022352	92527.996603	82737.932532	95080.163488	-187500.022352	0.040000	0.992000	0.092000	192.000000	0.000000	0.000000	0.000000	0.000000	0.000000	0.000000	0.000000	0.000000	0.000000	1761332289.210344	0.000000
40.000000	38901.646602	39742.921560	-187500.022352	-187500.022352	92440.958910	82807.602919	94824.481884	-187500.022352	0.040000	0.992000	0.092000	192.000000	0.000000	0.000000	0.000000	0.000000	0.000000	0.000000	0.000000	0.000000	0.000000	1761332289.210360	0.000000
41.000000	38867.537840	39705.080057	-187500.022352	-187500.022352	92614.319040	83091.090094	94924.796513	-187500.022352	0.036000	1.000000	0.088000	192.000000	1.000000	32.000000	31.000000	64.000000	2.000000	192.000000	0.000000	0.000000	0.000000	1761332289.210377	0.000000
42.000000	38848.851782	39677.050969	-187500.022352	-187500.022352	92694.472396	83000.565529	95142.502504	-187500.022352	0.036000	1.000000	0.088000	192.000000	0.000000	0.000000	0.000000	0.000000	0.000000	0.000000	0.000000	0.000000	0.000000	1761332289.210394	0.000000
43.000000	38877.864346	39714.713659	-187500.022352	-187500.022352	92561.568923	82766.945096	95119.122579	-187500.022352	0.036000	1.000000	0.088000	192.000000	0.000000	0.000000	0.000000	0.000000	0.000000	0.000000	0.000000	0.000000	0.000000	1761332289.210411	0.000000
44.000000	38894.561099	39743.860333	-187500.022352	-187500.022352	92440.198951	82786.145244	94865.631445	-187500.022352	0.036000	1.000000	0.088000	192.000000	0.000000	0.000000	0.000000	0.000000	0.000000	0.000000	0.000000	0.000000	0.000000	1761332289.210428	0.000000
45.000000	38854.171497	39700.073266	-187500.022352	-187500.022352	92581.685493	83069.028922	94892.677056	-187500.022352	0.036000	1.000000	0.088000	192.000000	0.000000	0.000000	0.000000	0.000000	0.000000	0.000000	0.000000	0.000000	0.000000	1761332289.210444	0.000000
46.000000	38836.200695	39663.997550	-187500.022352	-187500.022352	92713.270213	83061.429329	95135.975794	-187500.022352	0.036000	1.000000	0.088000	192.000000	0.000000	0.000000	0.000000	0.000000	0.000000	0.000000	0.000000	0.000000	0.000000	1761332289.210461	0.000000
47.000000	38863.179250	39690.193795	-187500.022352	-187500.022352	92602.316153	82809.771038	95164.384862	-187500.022352	0.036000	1.000000	0.088000	192.000000	0.000000	0.000000	0.000000	0.000000	0.000000	0.000000	0.000000	0.000000	0.000000	1761332289.210478	0.000000
48.000000	38894.024657	39734.718470	-187500.022352	-187500.022352	92455.174620	82766.140433	94928.261033	-187500.022352	0.036000	1.000000	0.088000	192.000000	0.000000	0.000000	0.000000	0.000000	0.000000	0.000000	0.000000	0.000000	0.000000	1761332289.210495	0.000000
49.000000	38864.229782	39710.086848	-187500.022352	-187500.022352	92552.494115	83028.885189	94880.115376	-187500.022352	0.036000	1.000000	0.088000	192.000000	0.000000	0.000000	0.000000	0.000000	0.000000	0.000000	0.000000	0.000000	0.000000	1761332289.210511	0.000000
50.000000	38843.017977	39670.278391	-187500.022352	-187500.022352	92715.952422	83094.867539	95114.696934	-187500.022352	0.036000	1.000000	0.088000	192.000000	0.000000	0.000000	0.000000	0.000000	0.000000	0.000000	0.000000	0.000000	0.000000	1761332289.210528	0.000000
51.000000	38866.554364	39691.132568	-187500.022352	-187500.022352	92632.468657	82841.152887	95176.991245	-187500.022352	0.042000	0.996000	0.086000	192.000000	1.000000	80.000000	31.000000	32.000000	2.000000	176.000000	0.000000	0.000000	0.000000	1761332289.210554	0.000000
52.000000	38888.347314	39725.464848	-187500.022352	-187500.022352	92459.019120	82734.244494	94950.880998	-187500.022352	0.042000	0.996000	0.086000	192.000000	0.000000	0.000000	0.000000	0.000000	0.000000	0.000000	0.000000	0.000000	0.000000	1761332289.210572	0.000000
53.000000	38877.014980	39722.849694	-187500.022352	-187500.022352	92512.640955	82967.194374	94828.572253	-187500.022352	0.042000	0.996000	0.086000	192.000000	0.000000	0.000000	0.000000	0.000000	0.000000	0.000000	0.000000	0.000000	0.000000	1761332289.210588	0.000000
54.000000	38845.364910	39678.034446	-187500.022352	-187500.022352	92710.140969	83130.652682	95074.553201	-187500.022352	0.042000	0.996000	0.086000	192.000000	0.000000	0.000000	0.000000	0.000000	0.000000	0.000000	0.000000	0.000000	0.000000	1761332289.210605	0.000000
55.000000	38841.363948	39664.645751	-187500.022352	-187500.022352	92659.111936	82889.052676	95198.694789	-187500.022352	0.042000	0.996000	0.086000	192.000000	0.000000	0.000000	0.000000	0.000000	0.000000	0.000000	0.000000	0.000000	0.000000	1761332289.210622	0.000000
56.000000	38872.678742	39701.369667	-187500.022352	-187500.022352	92490.043341	82743.721633	95039.438610	-187500.022352	0.042000	0.996000	0.086000	192.000000	0.000000	0.000000	0.000000	0.000000	0.000000	0.000000	0.000000	0.000000	0.000000	1761332289.210638	0.000000
57.000000	38895.343410	39734.629063	-187500.022352	-187500.022352	92489.752768	82917.774667	94839.837532	-187500.022352	0.042000	0.996000	0.086000	192.000000	0.000000	0.000000	0.000000	0.000000	0.000000	0.000000	0.000000	0.000000	0.000000	1761332289.210655	0.000000
58.000000	38855.087919	39683.823548	-187500.022352	-187500.022352	92683.430634	83123.678937	95024.038258	-187500.022352	0.042000	0.996000	0.086000	192.000000	0.000000	0.000000	0.000000	0.000000	0.000000	0.000000	0.000000	0.000000	0.000000	1761332289.210672	0.000000
59.000000	38843.889695	39664.601048	-187500.022352	-187500.022352	92685.822271	82935.387842	95196.213746	-187500.022352	0.042000	0.996000	0.086000	192.000000	0.000000	0.000000	0.000000	0.000000	0.000000	0.000000	0.000000	0.000000	0.000000	1761332289.210688	0.000000
60.000000	38886.536823	39719.005194	-187500.022352	-187500.022352	92532.064621	82761.267753	95089.595925	-187500.022352	0.042000	0.996000	0.086000	192.000000	0.000000	0.000000	0.000000	0.000000	0.000000	0.000000	0.000000	0.000000	0.000000	1761332289.210705	0.000000
61.000000	38899.590242	39743.703871	-187500.022352	-187500.022352	92477.414605	82873.093530	94853.650910	-187500.022352	0.050000	0.996000	0.084000	192.000000	1.000000	144.000000	31.000000	32.000000	2.000000	160.000000	0.000000	0.000000	0.000000	1761332289.210722	0.000000
62.000000	38859.602971	39699.782693	-187500.022352	-187500.022352	92665.258666	83133.871333	95002.424121	-187500.022352	0.050000	0.996000	0.084000	192.000000	0.000000	0.000000	0.000000	0.000000	0.000000	0.000000	0.000000	0.000000	0.000000	1761332289.210751	0.000000
63.000000	38845.923703	39666.277428	-187500.022352	-187500.022352	92703.480149	82987.579165	95186.043702	-187500.022352	0.050000	0.996000	0.084000	192.000000	0.000000	0.000000	0.000000	0.000000	0.000000	0.000000	0.000000	0.000000	0.000000	1761332289.210768	0.000000
64.000000	38875.606820	39700.520301	-187500.022352	-187500.022352	92550.102478	82770.946058	95118.787303	-187500.022352	0.050000	0.996000	0.084000	192.000000	0.000000	0.000000	0.000000	0.000000	0.000000	0.000000	0.000000	0.000000	0.000000	1761332289.210785	0.000000
65.000000	38898.740876	39739.412336	-187500.022352	-187500.022352	92448.267931	82817.214169	94845.537227	-187500.022352	0.050000	0.996000	0.084000	192.000000	0.000000	0.000000	0.000000	0.000000	0.000000	0.000000	0.000000	0.000000	0.000000	1761332289.210802	0.000000
66.000000	38867.493137	39706.823493	-187500.022352	-187500.022352	92620.711639	83101.148379	94933.625452	-187500.022352	0.050000	0.996000	0.084000	192.000000	0.000000	0.000000	0.000000	0.000000	0.000000	0.000000	0.000000	0.000000	0.000000	1761332289.210819	0.000000
67.000000	38850.416404	39673.519394	-187500.022352	-187500.022352	92712.957288	83024.683061	95156.517047	-187500.022352	0.050000	0.996000	0.084000	192.000000	0.000000	0.000000	0.000000	0.000000	0.000000	0.000000	0.000000	0.000000	0.000000	1761332289.210845	0.000000
68.000000	38870.577678	39699.335658	-187500.022352	-187500.022352	92578.556249	82783.351276	95146.302300	-187500.022352	0.050000	0.996000	0.084000	192.000000	0.000000	0.000000	0.000000	0.000000	0.000000	0.000000	0.000000	0.000000	0.000000	1761332289.210862	0.000000
69.000000	38894.337582	39737.199514	-187500.022352	-187500.022352	92456.381614	82795.689439	94910.670210	-187500.022352	0.050000	0.996000	0.084000	192.000000	0.000000	0.000000	0.000000	0.000000	0.000000	0.000000	0.000000	0.000000	0.000000	1761332289.210879	0.000000
70.000000	38879.451320	39724.235502	-187500.022352	-187500.022352	92589.821528	83073.141643	94911.631335	-187500.022352	0.050000	0.996000	0.084000	192.000000	0.000000	0.000000	0.000000	0.000000	0.000000	0.000000	0.000000	0.000000	0.000000	1761332289.210896	0.000000
71.000000	38849.857610	39674.927554	-187500.022352	-187500.022352	92714.119579	83063.128062	95126.141027	-187500.022352	0.054000	0.994000	0.082000	192.000000	1.000000	176.000000	31.000000	16.000000	2.000000	144.000000	0.000000	0.000000	0.000000	1761332289.210913	0.000000
72.000000	38863.045140	39688.673876	-187500.022352	-187500.022352	92607.881738	82815.202512	95169.704577	-187500.022352	0.054000	0.994000	0.082000	192.000000	0.000000	0.000000	0.000000	0.000000	0.000000	0.000000	0.000000	0.000000	0.000000	1761332289.210930	0.000000
73.000000	38903.278280	39749.135345	-187500.022352	-187500.022352	92465.434070	82763.547631	94937.492304	-187500.022352	0.054000	0.994000	0.082000	192.000000	0.000000	0.000000	0.000000	0.000000	0.000000	0.000000	0.000000	0.000000	0.000000	1761332289.210948	0.000000
74.000000	38892.035352	39739.613502	-187500.022352	-187500.022352	92563.491173	83025.085393	94875.488564	-187500.022352	0.054000	0.994000	0.082000	192.000000	0.000000	0.000000	0.000000	0.000000	0.000000	0.000000	0.000000	0.000000	0.000000	1761332289.210964	0.000000
75.000000	38855.736119	39684.203527	-187500.022352	-187500.022352	92737.320690	83114.648833	95130.991355	-187500.022352	0.054000	0.994000	0.082000	192.000000	0.000000	0.000000	0.000000	0.000000	0.000000	0.000000	0.000000	0.000000	0.000000	1761332289.210981	0.000000
76.000000	38881.328867	39704.588318	-187500.022352	-187500.022352	92666.622122	82868.444367	95210.138882	-187500.022352	0.054000	0.994000	0.082000	192.000000	0.000000	0.000000	0.000000	0.000000	0.000000	0.000000	0.000000	0.000000	0.000000	1761332289.675686	0.000000
77.000000	38902.071285	39736.774830	-187500.022352	-187500.022352	92495.452463	82753.556401	94990.376531	-187500.022352	0.054000	0.994000	0.082000	192.000000	0.000000	0.000000	0.000000	0.000000	0.000000	0.000000	0.000000	0.000000	0.000000	1761332289.675806	0.000000
78.000000	38893.041181	39740.351110	-187500.022352	-187500.022352	92536.289100	82969.273087	94845.224302	-187500.022352	0.054000	0.994000	0.082000	192.000000	0.000000	0.000000	0.000000	0.000000	0.000000	0.000000	0.000000	0.000000	0.000000	1761332289.676036	0.000000
79.000000	38853.433890	39689.366780	-187500.022352	-187500.022352	92737.790076	83147.528249	95093.283962	-187500.022352	0.054000	0.994000	0.082000	192.000000	0.000000	0.000000	0.000000	0.000000	0.000000	0.000000	0.000000	0.000000	0.000000	1761332289.676112	0.000000
80.000000	38869.974180	39694.708847	-187500.022352	-187500.022352	92700.708532	82918.579330	95217.447903	-187500.022352	0.054000	0.994000	0.082000	192.000000	0.000000	0.000000	0.000000	0.000000	0.000000	0.000000	0.000000	0.000000	0.000000	1761332289.676183	0.000000
81.000000	38900.372553	39739.948778	-187500.022352	-187500.022352	92524.733248	82758.004398	95043.707793	-187500.022352	0.056000	0.998000	0.084000	192.000000	1.000000	192.000000	31.000000	48.000000	2.000000	160.000000	0.000000	0.000000	0.000000	1761332289.676252	0.000000
82.000000	38907.189835	39757.830174	-187500.022352	-187500.022352	92514.674963	82930.425755	94850.275797	-187500.022352	0.056000	0.998000	0.084000	192.000000	0.000000	0.000000	0.000000	0.000000	0.000000	0.000000	0.000000	0.000000	0.000000	1761332289.676379	0.000000
83.000000	38886.648582	39727.722374	-187500.022352	-187500.022352	92713.583137	83157.675941	95040.310328	-187500.022352	0.056000	0.998000	0.084000	192.000000	0.000000	0.000000	0.000000	0.000000	0.000000	0.000000	0.000000	0.000000	0.000000	1761332289.676425	0.000000
84.000000	38874.377474	39704.096580	-187500.022352	-187500.022352	92711.280908	82964.646276	95198.761844	-187500.022352	0.056000	0.998000	0.084000	192.000000	0.000000	0.000000	0.000000	0.000000	0.000000	0.000000	0.000000	0.000000	0.000000	1761332289.676468	0.000000
85.000000	38893.287050	39733.578531	-187500.022352	-187500.022352	92536.400859	82768.599125	95083.069215	-187500.022352	0.056000	0.998000	0.084000	192.000000	0.000000	0.000000	0.000000	0.000000	0.000000	0.000000	0.000000	0.000000	0.000000	1761332289.676511	0.000000
86.000000	38912.107219	39761.540563	-187500.022352	-187500.022352	92477.056977	82875.686333	94851.326329	-187500.022352	0.056000	0.998000	0.084000	192.000000	0.000000	0.000000	0.000000	0.000000	0.000000	0.000000	0.000000	0.000000	0.000000	1761332289.676553	0.000000
87.000000	38878.423140	39719.653394	-187500.022352	-187500.022352	92662.621160	83135.503010	94983.671008	-187500.022352	0.056000	0.998000	0.084000	192.000000	0.000000	0.000000	0.000000	0.000000	0.000000	0.000000	0.000000	0.000000	0.000000	1761332289.676596	0.000000
88.000000	38868.074282	39689.903222	-187500.022352	-187500.022352	92713.717248	83002.688945	95184.166155	-187500.022352	0.056000	0.998000	0.084000	192.000000	0.000000	0.000000	0.000000	0.000000	0.000000	0.000000	0.000000	0.000000	0.000000	1761332289.676638	0.000000
89.000000	38890.940117	39722.402659	-187500.022352	-187500.022352	92556.584484	82776.198718	95125.179902	-187500.022352	0.056000	0.998000	0.084000	192.000000	0.000000	0.000000	0.000000	0.000000	0.000000	0.000000	0.000000	0.000000	0.000000	1761332289.676681	0.000000
90.000000	38919.282129	39769.676598	-187500.022352	-187500.022352	92460.136707	82825.886646	94872.471079	-187500.022352	0.056000	0.998000	0.084000	192.000000	0.000000	0.000000	0.000000	0.000000	0.000000	0.000000	0.000000	0.000000	0.000000	1761332289.676724	0.000000
91.000000	38896.326887	39745.156735	-187500.022352	-187500.022352	92622.432723	83103.696478	94928.328088	-187500.022352	0.054000	1.004000	0.084000	192.000000	1.000000	176.000000	31.000000	96.000000	2.000000	160.000000	0.000000	0.000000	0.000000	1761332289.676767	0.000000
92.000000	38868.521317	39697.055781	-187500.022352	-187500.022352	92714.276041	83037.870590	95143.664794	-187500.022352	0.054000	1.004000	0.084000	192.000000	0.000000	0.000000	0.000000	0.000000	0.000000	0.000000	0.000000	0.000000	0.000000	1761332289.676896	0.000000
93.000000	38886.983858	39717.887606	-187500.022352	-187500.022352	92591.944944	82804.585434	95152.627844	-187500.022352	0.054000	1.004000	0.084000	192.000000	0.000000	0.000000	0.000000	0.000000	0.000000	0.000000	0.000000	0.000000	0.000000	1761332289.676942	0.000000
94.000000	38922.858408	39766.390892	-187500.022352	-187500.022352	92460.516687	82790.973221	94893.392312	-187500.022352	0.054000	1.004000	0.084000	192.000000	0.000000	0.000000	0.000000	0.000000	0.000000	0.000000	0.000000	0.000000	0.000000	1761332289.676978	0.000000
95.000000	38904.977012	39746.274322	-187500.022352	-187500.022352	92594.694208	83070.772358	94891.894745	-187500.022352	0.054000	1.004000	0.084000	192.000000	0.000000	0.000000	0.000000	0.000000	0.000000	0.000000	0.000000	0.000000	0.000000	1761332289.677012	0.000000
96.000000	38875.852689	39705.437685	-187500.022352	-187500.022352	92740.494638	83094.420504	95140.647309	-187500.022352	0.054000	1.004000	0.084000	192.000000	0.000000	0.000000	0.000000	0.000000	0.000000	0.000000	0.000000	0.000000	0.000000	1761332289.677046	0.000000
97.000000	38886.089788	39713.596071	-187500.022352	-187500.022352	92643.197494	82847.366672	95200.281763	-187500.022352	0.054000	1.004000	0.084000	192.000000	0.000000	0.000000	0.000000	0.000000	0.000000	0.000000	0.000000	0.000000	0.000000	1761332289.677144	0.000000
98.000000	38920.824399	39757.561953	-187500.022352	-187500.022352	92483.494280	82773.516509	94962.347443	-187500.022352	0.054000	1.004000	0.084000	192.000000	0.000000	0.000000	0.000000	0.000000	0.000000	0.000000	0.000000	0.000000	0.000000	1761332289.677178	0.000000
99.000000	38897.042143	39742.251008	-187500.022352	-187500.022352	92560.451336	83017.418744	94876.539096	-187500.022352	0.054000	1.004000	0.084000	192.000000	0.000000	0.000000	0.000000	0.000000	0.000000	0.000000	0.000000	0.000000	0.000000	1761332289.677212	0.000000
100.000000	38864.363893	39694.708847	-187500.022352	-187500.022352	92729.765800	83114.201798	95113.892271	-187500.022352	0.054000	1.004000	0.084000	192.000000	0.000000	0.000000	0.000000	0.000000	0.000000	0.000000	0.000000	0.000000	0.000000	1761332289.677244	0.000000
101.000000	38875.428006	39697.882795	-187500.022352	-187500.022352	92653.255779	82857.380254	95191.117548	-187500.022352	0.052000	0.986000	0.084000	192.000000	1.000000	160.000000	30.000000	208.000000	2.000000	160.000000	0.000000	0.000000	0.000000	1761332289.677278	0.000000
102.000000	38897.623288	39732.304482	-187500.022352	-187500.022352	92481.728492	82739.564209	94994.489252	-187500.022352	0.052000	0.986000	0.084000	192.000000	0.000000	0.000000	0.000000	0.000000	0.000000	0.000000	0.000000	0.000000	0.000000	1761332289.677313	0.000000
103.000000	38895.410466	39740.015833	-187500.022352	-187500.022352	92512.104513	82948.821241	94848.130029	-187500.022352	0.052000	0.986000	0.084000	192.000000	0.000000	0.000000	0.000000	0.000000	0.000000	0.000000	0.000000	0.000000	0.000000	1761332289.677346	0.000000
104.000000	38870.443567	39701.637888	-187500.022352	-187500.022352	92700.149739	83113.039507	95051.866180	-187500.022352	0.052000	0.986000	0.084000	192.000000	0.000000	0.000000	0.000000	0.000000	0.000000	0.000000	0.000000	0.000000	0.000000	1761332289.677378	0.000000
105.000000	38876.076207	39698.352182	-187500.022352	-187500.022352	92662.934084	82883.911775	95170.755109	-187500.022352	0.052000	0.986000	0.084000	192.000000	0.000000	0.000000	0.000000	0.000000	0.000000	0.000000	0.000000	0.000000	0.000000	1761332289.677412	0.000000
106.000000	38899.433780	39729.488162	-187500.022352	-187500.022352	92494.156062	82729.036537	95026.631060	-187500.022352	0.052000	0.986000	0.084000	192.000000	0.000000	0.000000	0.000000	0.000000	0.000000	0.000000	0.000000	0.000000	0.000000	1761332289.677444	0.000000
107.000000	38901.892472	39741.759269	-187500.022352	-187500.022352	92475.268838	82883.688257	94823.945442	-187500.022352	0.052000	0.986000	0.084000	192.000000	0.000000	0.000000	0.000000	0.000000	0.000000	0.000000	0.000000	0.000000	0.000000	1761332289.677477	0.000000
108.000000	38866.822584	39696.988725	-187500.022352	-187500.022352	92674.534640	83117.196932	95006.894470	-187500.022352	0.052000	0.986000	0.084000	192.000000	0.000000	0.000000	0.000000	0.000000	0.000000	0.000000	0.000000	0.000000	0.000000	1761332289.677509	0.000000
109.000000	38860.944076	39683.711789	-187500.022352	-187500.022352	92695.902907	82953.224534	95201.242888	-187500.022352	0.052000	0.986000	0.084000	192.000000	0.000000	0.000000	0.000000	0.000000	0.000000	0.000000	0.000000	0.000000	0.000000	1761332289.677541	0.000000
110.000000	38887.274431	39720.279243	-187500.022352	-187500.022352	92530.388240	82758.697302	95108.527852	-187500.022352	0.052000	0.986000	0.084000	192.000000	0.000000	0.000000	0.000000	0.000000	0.000000	0.000000	0.000000	0.000000	0.000000	1761332289.677574	0.000000
111.000000	38906.742800	39749.716490	-187500.022352	-187500.022352	92456.560428	82845.533829	94853.293282	-187500.022352	0.052000	0.986000	0.084000	192.000000	0.000000	0.000000	0.000000	0.000000	0.000000	0.000000	0.000000	0.000000	0.000000	1761332289.677625	0.000000
112.000000	38868.431910	39706.912900	-187500.022352	-187500.022352	92640.202360	83110.781981	94975.289103	-187500.022352	0.054000	0.984000	0.078000	192.000000	1.000000	176.000000	30.000000	192.000000	2.000000	112.000000	0.000000	0.000000	0.000000	1761332289.677659	0.000000
113.000000	38854.953808	39677.296838	-187500.022352	-187500.022352	92701.066160	82984.315811	95168.899914	-187500.022352	0.054000	0.984000	0.078000	192.000000	0.000000	0.000000	0.000000	0.000000	0.000000	0.000000	0.000000	0.000000	0.000000	1761332289.677715	0.000000
114.000000	38877.953753	39709.013964	-187500.022352	-187500.022352	92559.601970	82768.532070	95138.501541	-187500.022352	0.054000	0.984000	0.078000	192.000000	0.000000	0.000000	0.000000	0.000000	0.000000	0.000000	0.000000	0.000000	0.000000	1761332289.677751	0.000000
115.000000	38901.534844	39742.809801	-187500.022352	-187500.022352	92447.575026	82797.477579	94875.488564	-187500.022352	0.054000	0.984000	0.078000	192.000000	0.000000	0.000000	0.000000	0.000000	0.000000	0.000000	0.000000	0.000000	0.000000	1761332289.677784	0.000000
116.000000	38878.356085	39719.072249	-187500.022352	-187500.022352	92611.860348	83078.595469	94927.992812	-187500.022352	0.054000	0.984000	0.078000	192.000000	0.000000	0.000000	0.000000	0.000000	0.000000	0.000000	0.000000	0.000000	0.000000	1761332289.677817	0.000000
117.000000	38861.368759	39687.265716	-187500.022352	-187500.022352	92722.747352	83041.715090	95164.720138	-187500.022352	0.054000	0.984000	0.078000	192.000000	0.000000	0.000000	0.000000	0.000000	0.000000	0.000000	0.000000	0.000000	0.000000	1761332289.677849	0.000000
118.000000	38882.334695	39711.316193	-187500.022352	-187500.022352	92598.069322	82800.472713	95178.488812	-187500.022352	0.054000	0.984000	0.078000	192.000000	0.000000	0.000000	0.000000	0.000000	0.000000	0.000000	0.000000	0.000000	0.000000	1761332289.677882	0.000000
119.000000	38917.046954	39756.354959	-187500.022352	-187500.022352	92451.419527	82764.665218	94913.531233	-187500.022352	0.054000	0.984000	0.078000	192.000000	0.000000	0.000000	0.000000	0.000000	0.000000	0.000000	0.000000	0.000000	0.000000	1761332289.677914	0.000000
120.000000	38891.565966	39732.840923	-187500.022352	-187500.022352	92573.057720	83033.109669	94890.665399	-187500.022352	0.054000	0.984000	0.078000	192.000000	0.000000	0.000000	0.000000	0.000000	0.000000	0.000000	0.000000	0.000000	0.000000	1761332289.677947	0.000000
121.000000	38858.217163	39684.024714	-187500.022352	-187500.022352	92722.635594	83072.582850	95139.216797	-187500.022352	0.054000	0.984000	0.078000	192.000000	0.000000	0.000000	0.000000	0.000000	0.000000	0.000000	0.000000	0.000000	0.000000	1761332289.677980	0.000000
122.000000	38869.594201	39695.155882	-187500.022352	-187500.022352	92625.047877	82825.439611	95198.627734	-187500.022352	0.056000	0.994000	0.082000	192.000000	1.000000	192.000000	31.000000	16.000000	2.000000	144.000000	0.000000	0.000000	0.000000	1761332289.678013	0.000000
123.000000	38893.354105	39730.181066	-187500.022352	-187500.022352	92461.656625	82743.989854	94964.314397	-187500.022352	0.056000	0.994000	0.082000	192.000000	0.000000	0.000000	0.000000	0.000000	0.000000	0.000000	0.000000	0.000000	0.000000	1761332289.678047	0.000000
124.000000	38879.853652	39721.039202	-187500.022352	-187500.022352	92531.058792	82979.800758	94862.010463	-187500.022352	0.056000	0.994000	0.082000	192.000000	0.000000	0.000000	0.000000	0.000000	0.000000	0.000000	0.000000	0.000000	0.000000	1761332289.678080	0.000000
125.000000	38851.042253	39676.536879	-187500.022352	-187500.022352	92714.656021	83097.817969	95100.369465	-187500.022352	0.056000	0.994000	0.082000	192.000000	0.000000	0.000000	0.000000	0.000000	0.000000	0.000000	0.000000	0.000000	0.000000	1761332289.678114	0.000000
126.000000	38865.436776	39683.935307	-187500.022352	-187500.022352	92663.559933	82870.456024	95215.212728	-187500.022352	0.056000	0.994000	0.082000	192.000000	0.000000	0.000000	0.000000	0.000000	0.000000	0.000000	0.000000	0.000000	0.000000	1761332289.678147	0.000000
127.000000	38899.970222	39729.912845	-187500.022352	-187500.022352	92484.567164	82736.993758	95014.136435	-187500.022352	0.056000	0.994000	0.082000	192.000000	0.000000	0.000000	0.000000	0.000000	0.000000	0.000000	0.000000	0.000000	0.000000	1761332289.678180	0.000000
128.000000	38898.159730	39740.775793	-187500.022352	-187500.022352	92498.492300	82922.468534	94834.115485	-187500.022352	0.056000	0.994000	0.082000	192.000000	0.000000	0.000000	0.000000	0.000000	0.000000	0.000000	0.000000	0.000000	0.000000	1761332289.678231	0.000000
129.000000	38852.450413	39683.711789	-187500.022352	-187500.022352	92695.321762	83105.708135	95048.535770	-187500.022352	0.056000	0.994000	0.082000	192.000000	0.000000	0.000000	0.000000	0.000000	0.000000	0.000000	0.000000	0.000000	0.000000	1761332289.678265	0.000000
130.000000	38855.825526	39676.112196	-187500.022352	-187500.022352	92684.324704	82904.609490	95209.893013	-187500.022352	0.056000	0.994000	0.082000	192.000000	0.000000	0.000000	0.000000	0.000000	0.000000	0.000000	0.000000	0.000000	0.000000	1761332289.678299	0.000000
131.000000	38893.599974	39721.955624	-187500.022352	-187500.022352	92504.683734	82723.649767	95048.356956	-187500.022352	0.056000	0.994000	0.082000	192.000000	0.000000	0.000000	0.000000	0.000000	0.000000	0.000000	0.000000	0.000000	0.000000	1761332289.678332	0.000000
132.000000	38893.667030	39734.427897	-187500.022352	-187500.022352	92470.642027	82860.397739	94827.477017	-187500.022352	0.052000	1.002000	0.076000	192.000000	1.000000	160.000000	31.000000	80.000000	2.000000	96.000000	0.000000	0.000000	0.000000	1761332289.678366	0.000000
133.000000	38852.048081	39685.187004	-187500.022352	-187500.022352	92667.292674	83100.276661	95006.290973	-187500.022352	0.052000	1.002000	0.076000	192.000000	0.000000	0.000000	0.000000	0.000000	0.000000	0.000000	0.000000	0.000000	0.000000	1761332289.678401	0.000000
134.000000	38848.561209	39668.199678	-187500.022352	-187500.022352	92696.059370	82941.646331	95200.058246	-187500.022352	0.052000	1.002000	0.076000	192.000000	0.000000	0.000000	0.000000	0.000000	0.000000	0.000000	0.000000	0.000000	0.000000	1761332289.678437	0.000000
135.000000	38886.022733	39716.658260	-187500.022352	-187500.022352	92535.842065	82741.262942	95103.118730	-187500.022352	0.052000	1.002000	0.076000	192.000000	0.000000	0.000000	0.000000	0.000000	0.000000	0.000000	0.000000	0.000000	0.000000	1761332289.678471	0.000000
136.000000	38897.712695	39740.284054	-187500.022352	-187500.022352	92450.570160	82816.700079	94844.062012	-187500.022352	0.052000	1.002000	0.076000	192.000000	0.000000	0.000000	0.000000	0.000000	0.000000	0.000000	0.000000	0.000000	0.000000	1761332289.678506	0.000000
137.000000	38860.698207	39704.521263	-187500.022352	-187500.022352	92631.127552	83082.618783	94949.472839	-187500.022352	0.052000	1.002000	0.076000	192.000000	0.000000	0.000000	0.000000	0.000000	0.000000	0.000000	0.000000	0.000000	0.000000	1761332289.678540	0.000000
138.000000	38856.071395	39683.689437	-187500.022352	-187500.022352	92701.848471	82974.704561	95148.783344	-187500.022352	0.052000	1.002000	0.076000	192.000000	0.000000	0.000000	0.000000	0.000000	0.000000	0.000000	0.000000	0.000000	0.000000	1761332289.678589	0.000000
139.000000	38871.069416	39700.252080	-187500.022352	-187500.022352	92559.981949	82755.858631	95127.348021	-187500.022352	0.052000	1.002000	0.076000	192.000000	0.000000	0.000000	0.000000	0.000000	0.000000	0.000000	0.000000	0.000000	0.000000	1761332289.678624	0.000000
140.000000	38901.110160	39744.732051	-187500.022352	-187500.022352	92442.635291	82776.958677	94867.196067	-187500.022352	0.052000	1.002000	0.076000	192.000000	0.000000	0.000000	0.000000	0.000000	0.000000	0.000000	0.000000	0.000000	0.000000	1761332289.678661	0.000000
141.000000	38867.515489	39713.037278	-187500.022352	-187500.022352	92595.834147	83055.975503	94902.847100	-187500.022352	0.052000	1.002000	0.076000	192.000000	0.000000	0.000000	0.000000	0.000000	0.000000	0.000000	0.000000	0.000000	0.000000	1761332289.678690	0.000000
142.000000	38841.162782	39669.384321	-187500.022352	-187500.022352	92727.709440	83045.134907	95168.654045	-187500.022352	0.050000	1.004000	0.072000	192.000000	1.000000	144.000000	31.000000	96.000000	2.000000	64.000000	0.000000	0.000000	0.000000	1761332289.678719	0.000000
143.000000	38872.254058	39700.810874	-187500.022352	-187500.022352	92602.293802	82793.521320	95170.285722	-187500.022352	0.050000	1.004000	0.072000	192.000000	0.000000	0.000000	0.000000	0.000000	0.000000	0.000000	0.000000	0.000000	0.000000	1761332289.678775	0.000000
144.000000	38900.439608	39738.518267	-187500.022352	-187500.022352	92454.325253	82756.506831	94916.124036	-187500.022352	0.050000	1.004000	0.072000	192.000000	0.000000	0.000000	0.000000	0.000000	0.000000	0.000000	0.000000	0.000000	0.000000	1761332289.678805	0.000000
145.000000	38874.690399	39712.545539	-187500.022352	-187500.022352	92562.462993	83017.642262	94879.109547	-187500.022352	0.050000	1.004000	0.072000	192.000000	0.000000	0.000000	0.000000	0.000000	0.000000	0.000000	0.000000	0.000000	0.000000	1761332289.678836	0.000000
146.000000	38848.740023	39671.507737	-187500.022352	-187500.022352	92726.725963	83077.388475	95136.556940	-187500.022352	0.050000	1.004000	0.072000	192.000000	0.000000	0.000000	0.000000	0.000000	0.000000	0.000000	0.000000	0.000000	0.000000	1761332289.678866	0.000000
147.000000	38858.977122	39682.840071	-187500.022352	-187500.022352	92647.243160	82845.310312	95230.233101	-187500.022352	0.050000	1.004000	0.072000	192.000000	0.000000	0.000000	0.000000	0.000000	0.000000	0.000000	0.000000	0.000000	0.000000	1761332289.678896	0.000000
148.000000	38898.047971	39735.567836	-187500.022352	-187500.022352	92466.953989	82738.804250	94977.457223	-187500.022352	0.050000	1.004000	0.072000	192.000000	0.000000	0.000000	0.000000	0.000000	0.000000	0.000000	0.000000	0.000000	0.000000	1761332289.678927	0.000000
149.000000	38884.033428	39728.750554	-187500.022352	-187500.022352	92526.052001	82971.038875	94863.597436	-187500.022352	0.050000	1.004000	0.072000	192.000000	0.000000	0.000000	0.000000	0.000000	0.000000	0.000000	0.000000	0.000000	0.000000	1761332289.678959	0.000000
150.000000	38849.321169	39678.459129	-187500.022352	-187500.022352	92713.046695	83095.582795	95100.302410	-187500.022352	0.050000	1.004000	0.072000	192.000000	0.000000	0.000000	0.000000	0.000000	0.000000	0.000000	0.000000	0.000000	0.000000	1761332289.678989	0.000000
151.000000	38860.809965	39682.482443	-187500.022352	-187500.022352	92657.301445	82856.843812	95204.483891	-187500.022352	0.050000	1.004000	0.072000	192.000000	0.000000	0.000000	0.000000	0.000000	0.000000	0.000000	0.000000	0.000000	0.000000	1761332289.679018	0.000000
152.000000	38895.701038	39730.985729	-187500.022352	-187500.022352	92487.562297	82725.214389	95020.104351	-187500.022352	0.048000	0.998000	0.064000	192.000000	1.000000	128.000000	31.000000	48.000000	2.000000	0.000000	0.000000	0.000000	0.000000	1761332289.679047	0.000000
153.000000	38888.861405	39732.527999	-187500.022352	-187500.022352	92496.413588	82907.448162	94839.971642	-187500.022352	0.048000	0.998000	0.064000	192.000000	0.000000	0.000000	0.000000	0.000000	0.000000	0.000000	0.000000	0.000000	0.000000	1761332289.679080	0.000000
154.000000	38849.768203	39680.515490	-187500.022352	-187500.022352	92693.555974	83105.954004	95055.956549	-187500.022352	0.048000	0.998000	0.064000	192.000000	0.000000	0.000000	0.000000	0.000000	0.000000	0.000000	0.000000	0.000000	0.000000	1761332289.679110	0.000000
155.000000	38862.575753	39684.449397	-187500.022352	-187500.022352	92686.716340	82903.961289	95204.930926	-187500.022352	0.048000	0.998000	0.064000	192.000000	0.000000	0.000000	0.000000	0.000000	0.000000	0.000000	0.000000	0.000000	0.000000	1761332289.679142	0.000000
156.000000	38892.437684	39727.722374	-187500.022352	-187500.022352	92518.340649	82730.109421	95069.099375	-187500.022352	0.048000	0.998000	0.064000	192.000000	0.000000	0.000000	0.000000	0.000000	0.000000	0.000000	0.000000	0.000000	0.000000	1761332289.679172	0.000000
157.000000	38901.221919	39745.961397	-187500.022352	-187500.022352	92477.638123	82858.274324	94845.179599	-187500.022352	0.048000	0.998000	0.064000	192.000000	0.000000	0.000000	0.000000	0.000000	0.000000	0.000000	0.000000	0.000000	0.000000	1761332289.679203	0.000000
158.000000	38865.168555	39702.844882	-187500.022352	-187500.022352	92669.527849	83100.924862	94995.495080	-187500.022352	0.048000	0.998000	0.064000	192.000000	0.000000	0.000000	0.000000	0.000000	0.000000	0.000000	0.000000	0.000000	0.000000	1761332289.679236	0.000000
159.000000	38852.942151	39677.520356	-187500.022352	-187500.022352	92710.140969	82955.727930	95196.593725	-187500.022352	0.048000	0.998000	0.064000	192.000000	0.000000	0.000000	0.000000	0.000000	0.000000	0.000000	0.000000	0.000000	0.000000	1761332289.679487	0.000000
160.000000	38886.648582	39720.011022	-187500.022352	-187500.022352	92556.405670	82749.354273	95121.357753	-187500.022352	0.048000	0.998000	0.064000	192.000000	0.000000	0.000000	0.000000	0.000000	0.000000	0.000000	0.000000	0.000000	0.000000	1761332289.679576	0.000000
161.000000	38906.429876	39750.968188	-187500.022352	-187500.022352	92458.795602	82806.127704	94845.358413	-187500.022352	0.048000	0.998000	0.064000	192.000000	0.000000	0.000000	0.000000	0.000000	0.000000	0.000000	0.000000	0.000000	0.000000	1761332289.679612	0.000000
162.000000	38863.447471	39703.470731	-187500.022352	-187500.022352	92637.453096	83086.910318	94948.869341	-187500.022352	0.046000	0.994000	0.064000	192.000000	1.000000	112.000000	31.000000	16.000000	2.000000	0.000000	0.000000	0.000000	0.000000	1761332289.679646	0.000000
163.000000	38851.310474	39675.039312	-187500.022352	-187500.022352	92723.820236	83003.404200	95168.318769	-187500.022352	0.046000	0.994000	0.064000	192.000000	0.000000	0.000000	0.000000	0.000000	0.000000	0.000000	0.000000	0.000000	0.000000	1761332289.679682	0.000000
164.000000	38872.097596	39698.843920	-187500.022352	-187500.022352	92589.977990	82775.327000	95150.795001	-187500.022352	0.046000	0.994000	0.064000	192.000000	0.000000	0.000000	0.000000	0.000000	0.000000	0.000000	0.000000	0.000000	0.000000	1761332289.679715	0.000000
165.000000	38904.708791	39744.441479	-187500.022352	-187500.022352	92463.645931	82782.233689	94882.059977	-187500.022352	0.046000	0.994000	0.064000	192.000000	0.000000	0.000000	0.000000	0.000000	0.000000	0.000000	0.000000	0.000000	0.000000	1761332289.679748	0.000000
166.000000	38876.657352	39715.205397	-187500.022352	-187500.022352	92599.276316	83049.895829	94892.721759	-187500.022352	0.046000	0.994000	0.064000	192.000000	0.000000	0.000000	0.000000	0.000000	0.000000	0.000000	0.000000	0.000000	0.000000	1761332289.679781	0.000000
167.000000	38855.378491	39677.833280	-187500.022352	-187500.022352	92734.839646	83047.481841	95140.066164	-187500.022352	0.046000	0.994000	0.064000	192.000000	0.000000	0.000000	0.000000	0.000000	0.000000	0.000000	0.000000	0.000000	0.000000	1761332289.679814	0.000000
168.000000	38873.036369	39697.391057	-187500.022352	-187500.022352	92628.870026	82814.397849	95187.295400	-187500.022352	0.046000	0.994000	0.064000	192.000000	0.000000	0.000000	0.000000	0.000000	0.000000	0.000000	0.000000	0.000000	0.000000	1761332289.679847	0.000000
169.000000	38905.848730	39743.703871	-187500.022352	-187500.022352	92467.088099	82755.948038	94927.881053	-187500.022352	0.046000	0.994000	0.064000	192.000000	0.000000	0.000000	0.000000	0.000000	0.000000	0.000000	0.000000	0.000000	0.000000	1761332289.679880	0.000000
170.000000	38886.000381	39732.215075	-187500.022352	-187500.022352	92558.931417	83006.868721	94858.054204	-187500.022352	0.046000	0.994000	0.064000	192.000000	0.000000	0.000000	0.000000	0.000000	0.000000	0.000000	0.000000	0.000000	0.000000	1761332289.679913	0.000000
171.000000	38857.256038	39691.356086	-187500.022352	-187500.022352	92729.296414	83079.489539	95106.560899	-187500.022352	0.046000	0.994000	0.064000	192.000000	0.000000	0.000000	0.000000	0.000000	0.000000	0.000000	0.000000	0.000000	0.000000	1761332289.679945	0.000000
172.000000	38872.343465	39705.370629	-187500.022352	-187500.022352	92649.455982	82832.413355	95175.024292	-187500.022352	0.038000	0.992000	0.062000	192.000000	1.000000	48.000000	31.000000	0.000000	1.000000	240.000000	0.000000	0.000000	0.000000	1761332289.679982	0.000000
173.000000	38897.377419	39738.607673	-187500.022352	-187500.022352	92481.549678	82740.704148	94962.705071	-187500.022352	0.038000	0.992000	0.062000	192.000000	0.000000	0.000000	0.000000	0.000000	0.000000	0.000000	0.000000	0.000000	0.000000	1761332289.680017	0.000000
174.000000	38885.642753	39730.717508	-187500.022352	-187500.022352	92540.781801	82971.642372	94857.249541	-187500.022352	0.038000	0.992000	0.062000	192.000000	0.000000	0.000000	0.000000	0.000000	0.000000	0.000000	0.000000	0.000000	0.000000	1761332289.680081	0.000000
175.000000	38848.963541	39683.063589	-187500.022352	-187500.022352	92732.962100	83118.202760	95094.714474	-187500.022352	0.038000	0.992000	0.062000	192.000000	0.000000	0.000000	0.000000	0.000000	0.000000	0.000000	0.000000	0.000000	0.000000	1761332289.680115	0.000000
176.000000	38859.759433	39687.623344	-187500.022352	-187500.022352	92690.002047	82887.465702	95213.759865	-187500.022352	0.038000	0.992000	0.062000	192.000000	0.000000	0.000000	0.000000	0.000000	0.000000	0.000000	0.000000	0.000000	0.000000	1761332289.680151	0.000000
177.000000	38894.806969	39735.567836	-187500.022352	-187500.022352	92505.890728	82730.243531	95012.974145	-187500.022352	0.038000	0.992000	0.062000	192.000000	0.000000	0.000000	0.000000	0.000000	0.000000	0.000000	0.000000	0.000000	0.000000	1761332289.680185	0.000000
178.000000	38895.298707	39746.497839	-187500.022352	-187500.022352	92500.928640	82896.786379	94808.478035	-187500.022352	0.038000	0.992000	0.062000	192.000000	0.000000	0.000000	0.000000	0.000000	0.000000	0.000000	0.000000	0.000000	0.000000	1761332289.680219	0.000000
179.000000	38849.365872	39690.909051	-187500.022352	-187500.022352	92704.374219	83115.006461	95020.953717	-187500.022352	0.038000	0.992000	0.062000	192.000000	0.000000	0.000000	0.000000	0.000000	0.000000	0.000000	0.000000	0.000000	0.000000	1761332289.680252	0.000000
180.000000	38846.169573	39674.324056	-187500.022352	-187500.022352	92708.911623	82926.514200	95198.270106	-187500.022352	0.038000	0.992000	0.062000	192.000000	0.000000	0.000000	0.000000	0.000000	0.000000	0.000000	0.000000	0.000000	0.000000	1761332289.680285	0.000000
181.000000	38886.134492	39720.905092	-187500.022352	-187500.022352	92537.920778	82737.753718	95066.908904	-187500.022352	0.038000	0.992000	0.062000	192.000000	0.000000	0.000000	0.000000	0.000000	0.000000	0.000000	0.000000	0.000000	0.000000	1761332289.680318	0.000000
182.000000	38902.652431	39748.643607	-187500.022352	-187500.022352	92480.297980	82844.639760	94813.708343	-187500.022352	0.044000	0.996000	0.064000	192.000000	1.000000	96.000000	31.000000	32.000000	2.000000	0.000000	0.000000	0.000000	0.000000	1761332289.680351	0.000000
183.000000	38862.933381	39704.297746	-187500.022352	-187500.022352	92670.868954	83102.243614	94963.062699	-187500.022352	0.044000	0.996000	0.064000	192.000000	0.000000	0.000000	0.000000	0.000000	0.000000	0.000000	0.000000	0.000000	0.000000	1761332289.680385	0.000000
184.000000	38844.940227	39673.072359	-187500.022352	-187500.022352	92726.055411	82980.314848	95192.749225	-187500.022352	0.044000	0.996000	0.064000	192.000000	0.000000	0.000000	0.000000	0.000000	0.000000	0.000000	0.000000	0.000000	0.000000	1761332289.680418	0.000000
185.000000	38872.611686	39706.018830	-187500.022352	-187500.022352	92562.552400	82761.893602	95120.329573	-187500.022352	0.044000	0.996000	0.064000	192.000000	0.000000	0.000000	0.000000	0.000000	0.000000	0.000000	0.000000	0.000000	0.000000	1761332289.680451	0.000000
186.000000	38891.655373	39738.674729	-187500.022352	-187500.022352	92454.884047	82805.948890	94844.978433	-187500.022352	0.044000	0.996000	0.064000	192.000000	0.000000	0.000000	0.000000	0.000000	0.000000	0.000000	0.000000	0.000000	0.000000	1761332289.680484	0.000000
187.000000	38866.509660	39714.937176	-187500.022352	-187500.022352	92625.114933	83076.472053	94916.034629	-187500.022352	0.044000	0.996000	0.064000	192.000000	0.000000	0.000000	0.000000	0.000000	0.000000	0.000000	0.000000	0.000000	0.000000	1761332289.680518	0.000000
188.000000	38843.979102	39677.788577	-187500.022352	-187500.022352	92729.497579	83017.932834	95169.212838	-187500.022352	0.044000	0.996000	0.064000	192.000000	0.000000	0.000000	0.000000	0.000000	0.000000	0.000000	0.000000	0.000000	0.000000	1761332289.680552	0.000000
189.000000	38869.080111	39700.520301	-187500.022352	-187500.022352	92596.102368	82781.138454	95155.131239	-187500.022352	0.044000	0.996000	0.064000	192.000000	0.000000	0.000000	0.000000	0.000000	0.000000	0.000000	0.000000	0.000000	0.000000	1761332289.680606	0.000000
190.000000	38898.182082	39739.412336	-187500.022352	-187500.022352	92457.007463	82772.555384	94879.221306	-187500.022352	0.044000	0.996000	0.064000	192.000000	0.000000	0.000000	0.000000	0.000000	0.000000	0.000000	0.000000	0.000000	0.000000	1761332289.680639	0.000000
191.000000	38877.953753	39722.536769	-187500.022352	-187500.022352	92593.174290	83053.270942	94891.268896	-187500.022352	0.044000	0.996000	0.064000	192.000000	0.000000	0.000000	0.000000	0.000000	0.000000	0.000000	0.000000	0.000000	0.000000	1761332289.680673	0.000000
192.000000	38850.841087	39679.822586	-187500.022352	-187500.022352	92730.056373	83059.484727	95138.188617	-187500.022352	0.044000	0.998000	0.064000	192.000000	1.000000	96.000000	31.000000	48.000000	2.000000	0.000000	0.000000	0.000000	0.000000	1761332289.680706	0.000000
193.000000	38860.586448	39688.070379	-187500.022352	-187500.022352	92625.874892	82814.621367	95182.422719	-187500.022352	0.044000	0.998000	0.064000	192.000000	0.000000	0.000000	0.000000	0.000000	0.000000	0.000000	0.000000	0.000000	0.000000	1761332289.680742	0.000000
194.000000	38892.236518	39733.220903	-187500.022352	-187500.022352	92462.260123	82746.202677	94923.030725	-187500.022352	0.044000	0.998000	0.064000	192.000000	0.000000	0.000000	0.000000	0.000000	0.000000	0.000000	0.000000	0.000000	0.000000	1761332289.680775	0.000000
195.000000	38872.544631	39718.625214	-187500.022352	-187500.022352	92557.500906	83001.772523	94856.824858	-187500.022352	0.044000	0.998000	0.064000	192.000000	0.000000	0.000000	0.000000	0.000000	0.000000	0.000000	0.000000	0.000000	0.000000	1761332289.680806	0.000000
196.000000	38833.429078	39663.192888	-187500.022352	-187500.022352	92736.694841	83096.298050	95120.173111	-187500.022352	0.044000	0.998000	0.064000	192.000000	0.000000	0.000000	0.000000	0.000000	0.000000	0.000000	0.000000	0.000000	0.000000	1761332290.156873	0.000000
197.000000	38852.852744	39680.113158	-187500.022352	-187500.022352	92664.252837	82849.937123	95204.461539	-187500.022352	0.044000	0.998000	0.064000	192.000000	0.000000	0.000000	0.000000	0.000000	0.000000	0.000000	0.000000	0.000000	0.000000	1761332290.156943	0.000000
198.000000	38882.714675	39722.357955	-187500.022352	-187500.022352	92483.226059	82728.298930	94973.322150	-187500.022352	0.044000	0.998000	0.064000	192.000000	0.000000	0.000000	0.000000	0.000000	0.000000	0.000000	0.000000	0.000000	0.000000	1761332290.156982	0.000000
199.000000	38879.138396	39727.007118	-187500.022352	-187500.022352	92523.526254	82941.467517	94829.689840	-187500.022352	0.044000	0.998000	0.064000	192.000000	0.000000	0.000000	0.000000	0.000000	0.000000	0.000000	0.000000	0.000000	0.000000	1761332290.157018	0.000000
200.000000	38843.710881	39680.068455	-187500.022352	-187500.022352	92717.785265	83104.657603	95058.281131	-187500.022352	0.044000	0.998000	0.064000	192.000000	0.000000	0.000000	0.000000	0.000000	0.000000	0.000000	0.000000	0.000000	0.000000	1761332290.157042	0.000000
201.000000	38854.618532	39681.476615	-187500.022352	-187500.022352	92686.962210	82891.019629	95198.203051	-187500.022352	0.044000	0.998000	0.064000	192.000000	0.000000	0.000000	0.000000	0.000000	0.000000	0.000000	0.000000	0.000000	0.000000	1761332290.157066	0.000000
202.000000	38890.336620	39723.743763	-187500.022352	-187500.022352	92502.336800	82732.054023	95015.768113	-187500.022352	0.050000	0.994000	0.060000	192.000000	1.000000	144.000000	31.000000	16.000000	1.000000	224.000000	0.000000	0.000000	0.000000	1761332290.157138	0.000000
203.000000	38892.527091	39736.752479	-187500.022352	-187500.022352	92482.980190	82892.383086	94802.398360	-187500.022352	0.050000	0.994000	0.060000	192.000000	0.000000	0.000000	0.000000	0.000000	0.000000	0.000000	0.000000	0.000000	0.000000	1761332290.157164	0.000000
204.000000	38849.097651	39686.863385	-187500.022352	-187500.022352	92685.576401	83119.968548	95008.414389	-187500.022352	0.050000	0.994000	0.060000	192.000000	0.000000	0.000000	0.000000	0.000000	0.000000	0.000000	0.000000	0.000000	0.000000	1761332290.157182	0.000000
205.000000	38843.040328	39667.149146	-187500.022352	-187500.022352	92696.327591	82935.924284	95184.948466	-187500.022352	0.050000	0.994000	0.060000	192.000000	0.000000	0.000000	0.000000	0.000000	0.000000	0.000000	0.000000	0.000000	0.000000	1761332290.162705	0.000000
206.000000	38867.068454	39701.146150	-187500.022352	-187500.022352	92526.119056	82749.868363	95078.710625	-187500.022352	0.050000	0.994000	0.060000	192.000000	0.000000	0.000000	0.000000	0.000000	0.000000	0.000000	0.000000	0.000000	0.000000	1761332290.162740	0.000000
207.000000	38890.738951	39740.507572	-187500.022352	-187500.022352	92460.427280	82845.265608	94825.711230	-187500.022352	0.050000	0.994000	0.060000	192.000000	0.000000	0.000000	0.000000	0.000000	0.000000	0.000000	0.000000	0.000000	0.000000	1761332290.162765	0.000000
208.000000	38844.515544	39689.746760	-187500.022352	-187500.022352	92646.505552	83103.540016	94963.822659	-187500.022352	0.050000	0.994000	0.060000	192.000000	0.000000	0.000000	0.000000	0.000000	0.000000	0.000000	0.000000	0.000000	0.000000	1761332290.162790	0.000000
209.000000	38832.490305	39662.544687	-187500.022352	-187500.022352	92706.542338	82981.968878	95183.897934	-187500.022352	0.050000	0.994000	0.060000	192.000000	0.000000	0.000000	0.000000	0.000000	0.000000	0.000000	0.000000	0.000000	0.000000	1761332290.162829	0.000000
210.000000	38862.084015	39697.569871	-187500.022352	-187500.022352	92551.510638	82769.157919	95130.253748	-187500.022352	0.050000	0.994000	0.060000	192.000000	0.000000	0.000000	0.000000	0.000000	0.000000	0.000000	0.000000	0.000000	0.000000	1761332290.162900	0.000000
211.000000	38888.168500	39739.032357	-187500.022352	-187500.022352	92437.717907	82802.618480	94854.343814	-187500.022352	0.050000	0.994000	0.060000	192.000000	0.000000	0.000000	0.000000	0.000000	0.000000	0.000000	0.000000	0.000000	0.000000	1761332290.162924	0.000000
212.000000	38852.562172	39702.643717	-187500.022352	-187500.022352	92598.382246	83073.678085	94915.967574	-187500.022352	0.054000	0.994000	0.070000	192.000000	1.000000	176.000000	31.000000	16.000000	2.000000	48.000000	0.000000	0.000000	0.000000	1761332290.162943	0.000000
213.000000	38830.813924	39661.494155	-187500.022352	-187500.022352	92713.292565	83030.382756	95170.665702	-187500.022352	0.054000	0.994000	0.070000	192.000000	0.000000	0.000000	0.000000	0.000000	0.000000	0.000000	0.000000	0.000000	0.000000	1761332290.162962	0.000000
214.000000	38857.166631	39688.070379	-187500.022352	-187500.022352	92581.551383	82785.631154	95164.921303	-187500.022352	0.054000	0.994000	0.070000	192.000000	0.000000	0.000000	0.000000	0.000000	0.000000	0.000000	0.000000	0.000000	0.000000	1761332290.162979	0.000000
215.000000	38890.180157	39733.913807	-187500.022352	-187500.022352	92429.358355	82753.042311	94874.885067	-187500.022352	0.054000	0.994000	0.070000	192.000000	0.000000	0.000000	0.000000	0.000000	0.000000	0.000000	0.000000	0.000000	0.000000	1761332290.162997	0.000000
216.000000	38861.659332	39707.270528	-187500.022352	-187500.022352	92557.567961	83023.319605	94860.132916	-187500.022352	0.054000	0.994000	0.070000	192.000000	0.000000	0.000000	0.000000	0.000000	0.000000	0.000000	0.000000	0.000000	0.000000	1761332290.163014	0.000000
217.000000	38831.372718	39658.744891	-187500.022352	-187500.022352	92714.901890	83060.043521	95126.744524	-187500.022352	0.054000	0.994000	0.070000	192.000000	0.000000	0.000000	0.000000	0.000000	0.000000	0.000000	0.000000	0.000000	0.000000	1761332290.163031	0.000000
218.000000	38855.937285	39681.141338	-187500.022352	-187500.022352	92611.860348	82807.871140	95166.709443	-187500.022352	0.054000	0.994000	0.070000	192.000000	0.000000	0.000000	0.000000	0.000000	0.000000	0.000000	0.000000	0.000000	0.000000	1761332290.163048	0.000000
219.000000	38891.610669	39732.639758	-187500.022352	-187500.022352	92449.184352	82736.703186	94919.655611	-187500.022352	0.054000	0.994000	0.070000	192.000000	0.000000	0.000000	0.000000	0.000000	0.000000	0.000000	0.000000	0.000000	0.000000	1761332290.163065	0.000000
220.000000	38870.018884	39715.719487	-187500.022352	-187500.022352	92528.667155	82976.738569	94830.136875	-187500.022352	0.054000	0.994000	0.070000	192.000000	0.000000	0.000000	0.000000	0.000000	0.000000	0.000000	0.000000	0.000000	0.000000	1761332290.163111	0.000000
221.000000	38841.609817	39671.753606	-187500.022352	-187500.022352	92706.140006	83077.611992	95070.418128	-187500.022352	0.054000	0.994000	0.070000	192.000000	0.000000	0.000000	0.000000	0.000000	0.000000	0.000000	0.000000	0.000000	0.000000	1761332290.163128	0.000000
222.000000	38848.538858	39673.631152	-187500.022352	-187500.022352	92646.058517	82849.937123	95182.623885	-187500.022352	0.050000	0.994000	0.064000	192.000000	1.000000	144.000000	31.000000	16.000000	2.000000	0.000000	0.000000	0.000000	0.000000	1761332290.163145	0.000000
223.000000	38882.625268	39717.977013	-187500.022352	-187500.022352	92470.239695	82728.768316	94982.106385	-187500.022352	0.050000	0.994000	0.064000	192.000000	0.000000	0.000000	0.000000	0.000000	0.000000	0.000000	0.000000	0.000000	0.000000	1761332290.163163	0.000000
224.000000	38872.119948	39717.552330	-187500.022352	-187500.022352	92498.849928	82929.442278	94828.572253	-187500.022352	0.050000	0.994000	0.064000	192.000000	0.000000	0.000000	0.000000	0.000000	0.000000	0.000000	0.000000	0.000000	0.000000	1761332290.163180	0.000000
225.000000	38823.370793	39654.609818	-187500.022352	-187500.022352	92696.126425	83098.868501	95043.014889	-187500.022352	0.050000	0.994000	0.064000	192.000000	0.000000	0.000000	0.000000	0.000000	0.000000	0.000000	0.000000	0.000000	0.000000	1761332290.163197	0.000000
226.000000	38822.812000	39643.746870	-187500.022352	-187500.022352	92670.578381	82882.391856	95177.505336	-187500.022352	0.050000	0.994000	0.064000	192.000000	0.000000	0.000000	0.000000	0.000000	0.000000	0.000000	0.000000	0.000000	0.000000	1761332290.163214	0.000000
227.000000	38842.392128	39677.676818	-187500.022352	-187500.022352	92497.978210	82728.969482	95035.124723	-187500.022352	0.050000	0.994000	0.064000	192.000000	0.000000	0.000000	0.000000	0.000000	0.000000	0.000000	0.000000	0.000000	0.000000	1761332290.163231	0.000000
228.000000	38838.748793	39685.678743	-187500.022352	-187500.022352	92474.106547	82879.508481	94835.568349	-187500.022352	0.050000	0.994000	0.064000	192.000000	0.000000	0.000000	0.000000	0.000000	0.000000	0.000000	0.000000	0.000000	0.000000	1761332290.163248	0.000000
229.000000	38811.524369	39650.117117	-187500.022352	-187500.022352	92678.110919	83107.451571	95011.208357	-187500.022352	0.050000	0.994000	0.064000	192.000000	0.000000	0.000000	0.000000	0.000000	0.000000	0.000000	0.000000	0.000000	0.000000	1761332290.163265	0.000000
230.000000	38813.714840	39644.395071	-187500.022352	-187500.022352	92699.255669	82937.645368	95182.914458	-187500.022352	0.050000	0.994000	0.064000	192.000000	0.000000	0.000000	0.000000	0.000000	0.000000	0.000000	0.000000	0.000000	0.000000	1761332290.163282	0.000000
231.000000	38844.739061	39682.527147	-187500.022352	-187500.022352	92524.889711	82737.664311	95071.647474	-187500.022352	0.050000	0.994000	0.064000	192.000000	0.000000	0.000000	0.000000	0.000000	0.000000	0.000000	0.000000	0.000000	0.000000	1761332290.163298	0.000000
232.000000	38860.899372	39712.187912	-187500.022352	-187500.022352	92452.313596	82830.088774	94831.321517	-187500.022352	0.046000	0.998000	0.066000	192.000000	1.000000	112.000000	31.000000	48.000000	2.000000	16.000000	0.000000	0.000000	0.000000	1761332290.163315	0.000000
233.000000	38827.572921	39673.362931	-187500.022352	-187500.022352	92637.453096	83091.917109	94953.920836	-187500.022352	0.046000	0.998000	0.066000	192.000000	0.000000	0.000000	0.000000	0.000000	0.000000	0.000000	0.000000	0.000000	0.000000	1761332290.163333	0.000000
234.000000	38818.073430	39648.172515	-187500.022352	-187500.022352	92700.574422	82978.146729	95155.958254	-187500.022352	0.046000	0.998000	0.066000	192.000000	0.000000	0.000000	0.000000	0.000000	0.000000	0.000000	0.000000	0.000000	0.000000	1761332290.163350	0.000000
235.000000	38841.878038	39674.882850	-187500.022352	-187500.022352	92559.423156	82767.146262	95124.978736	-187500.022352	0.046000	0.998000	0.066000	192.000000	0.000000	0.000000	0.000000	0.000000	0.000000	0.000000	0.000000	0.000000	0.000000	1761332290.163423	0.000000
236.000000	38867.537840	39714.110162	-187500.022352	-187500.022352	92459.130878	82810.329832	94885.949181	-187500.022352	0.046000	0.998000	0.066000	192.000000	0.000000	0.000000	0.000000	0.000000	0.000000	0.000000	0.000000	0.000000	0.000000	1761332290.163440	0.000000
237.000000	38846.303683	39694.351219	-187500.022352	-187500.022352	92620.085790	83087.066780	94940.554493	-187500.022352	0.046000	0.998000	0.066000	192.000000	0.000000	0.000000	0.000000	0.000000	0.000000	0.000000	0.000000	0.000000	0.000000	1761332290.163457	0.000000
238.000000	38835.776011	39666.769167	-187500.022352	-187500.022352	92730.637518	83039.189343	95164.451917	-187500.022352	0.046000	0.998000	0.066000	192.000000	0.000000	0.000000	0.000000	0.000000	0.000000	0.000000	0.000000	0.000000	0.000000	1761332290.163475	0.000000
239.000000	38860.921724	39690.484368	-187500.022352	-187500.022352	92591.453206	82787.575756	95148.604530	-187500.022352	0.046000	0.998000	0.066000	192.000000	0.000000	0.000000	0.000000	0.000000	0.000000	0.000000	0.000000	0.000000	0.000000	1761332290.163492	0.000000
240.000000	38885.910974	39728.392926	-187500.022352	-187500.022352	92447.731489	82764.799328	94895.247507	-187500.022352	0.046000	0.998000	0.066000	192.000000	0.000000	0.000000	0.000000	0.000000	0.000000	0.000000	0.000000	0.000000	0.000000	1761332290.163509	0.000000
241.000000	38863.693340	39709.192778	-187500.022352	-187500.022352	92570.621380	83032.461468	94877.611980	-187500.022352	0.046000	0.998000	0.066000	192.000000	0.000000	0.000000	0.000000	0.000000	0.000000	0.000000	0.000000	0.000000	0.000000	1761332290.163526	0.000000
242.000000	38835.127811	39666.053911	-187500.022352	-187500.022352	92722.166207	83071.308800	95120.843663	-187500.022352	0.042000	1.002000	0.070000	192.000000	1.000000	80.000000	31.000000	80.000000	2.000000	48.000000	0.000000	0.000000	0.000000	1761332290.163543	0.000000
243.000000	38853.836221	39683.935307	-187500.022352	-187500.022352	92627.841845	82831.139306	95181.126318	-187500.022352	0.042000	1.002000	0.070000	192.000000	0.000000	0.000000	0.000000	0.000000	0.000000	0.000000	0.000000	0.000000	0.000000	1761332290.163560	0.000000
244.000000	38885.016904	39727.834133	-187500.022352	-187500.022352	92459.533210	82749.264866	94951.886827	-187500.022352	0.042000	1.002000	0.070000	192.000000	0.000000	0.000000	0.000000	0.000000	0.000000	0.000000	0.000000	0.000000	0.000000	1761332290.163577	0.000000
245.000000	38876.076207	39724.324909	-187500.022352	-187500.022352	92532.846932	82986.416875	94856.266064	-187500.022352	0.042000	1.002000	0.070000	192.000000	0.000000	0.000000	0.000000	0.000000	0.000000	0.000000	0.000000	0.000000	0.000000	1761332290.163594	0.000000
246.000000	38847.689491	39680.806062	-187500.022352	-187500.022352	92712.733771	83097.058010	95086.041997	-187500.022352	0.042000	1.002000	0.070000	192.000000	0.000000	0.000000	0.000000	0.000000	0.000000	0.000000	0.000000	0.000000	0.000000	1761332290.163611	0.000000
247.000000	38864.743872	39691.646658	-187500.022352	-187500.022352	92639.621215	82845.153850	95159.735699	-187500.022352	0.042000	1.002000	0.070000	192.000000	0.000000	0.000000	0.000000	0.000000	0.000000	0.000000	0.000000	0.000000	0.000000	1761332290.163628	0.000000
248.000000	38894.069361	39731.544522	-187500.022352	-187500.022352	92459.399099	82717.011299	94952.803249	-187500.022352	0.042000	1.002000	0.070000	192.000000	0.000000	0.000000	0.000000	0.000000	0.000000	0.000000	0.000000	0.000000	0.000000	1761332290.163646	0.000000
249.000000	38884.748684	39730.739859	-187500.022352	-187500.022352	92497.754693	82929.129354	94817.530491	-187500.022352	0.042000	1.002000	0.070000	192.000000	0.000000	0.000000	0.000000	0.000000	0.000000	0.000000	0.000000	0.000000	0.000000	1761332290.163662	0.000000
250.000000	38837.452392	39672.915897	-187500.022352	-187500.022352	92709.649230	83130.898551	95069.479355	-187500.022352	0.042000	1.002000	0.070000	192.000000	0.000000	0.000000	0.000000	0.000000	0.000000	0.000000	0.000000	0.000000	0.000000	1761332290.163679	0.000000
251.000000	38850.639922	39671.507737	-187500.022352	-187500.022352	92669.952532	82912.857284	95195.342028	-187500.022352	0.042000	1.002000	0.070000	192.000000	0.000000	0.000000	0.000000	0.000000	0.000000	0.000000	0.000000	0.000000	0.000000	1761332290.163721	0.000000
252.000000	38882.647620	39716.345336	-187500.022352	-187500.022352	92479.068634	82732.568113	95021.423104	-187500.022352	0.042000	0.998000	0.070000	192.000000	1.000000	80.000000	31.000000	48.000000	2.000000	48.000000	0.000000	0.000000	0.000000	1761332290.163738	0.000000
253.000000	38891.610669	39739.479392	-187500.022352	-187500.022352	92466.641064	82879.329667	94823.990145	-187500.022352	0.042000	0.998000	0.070000	192.000000	0.000000	0.000000	0.000000	0.000000	0.000000	0.000000	0.000000	0.000000	0.000000	1761332290.163757	0.000000
254.000000	38850.416404	39687.600993	-187500.022352	-187500.022352	92674.936971	83114.760591	95005.598069	-187500.022352	0.042000	0.998000	0.070000	192.000000	0.000000	0.000000	0.000000	0.000000	0.000000	0.000000	0.000000	0.000000	0.000000	1761332290.163774	0.000000
255.000000	38846.773070	39670.233687	-187500.022352	-187500.022352	92686.716340	82943.054490	95167.022367	-187500.022352	0.042000	0.998000	0.070000	192.000000	0.000000	0.000000	0.000000	0.000000	0.000000	0.000000	0.000000	0.000000	0.000000	1761332290.163790	0.000000
0.000000	38876.120910	39707.136417	-187500.022352	-187500.022352	92512.439789	82735.764412	95064.271398	-187500.022352	0.042000	0.998000	0.070000	192.000000	0.000000	0.000000	0.000000	0.000000	0.000000	0.000000	0.000000	0.000000	0.000000	1761332290.163810	0.000000
1.000000	38892.772960	39735.500781	-187500.022352	-187500.022352	92452.090079	82828.926483	94846.498352	-187500.022352	0.042000	0.998000	0.070000	192.000000	0.000000	0.000000	0.000000	0.000000	0.000000	0.000000	0.000000	0.000000	0.000000	1761332290.163831	0.000000
2.000000	38862.173422	39701.034391	-187500.022352	-187500.022352	92653.300482	83106.959833	94981.994627	-187500.022352	0.042000	0.998000	0.070000	192.000000	0.000000	0.000000	0.000000	0.000000	0.000000	0.000000	0.000000	0.000000	0.000000	1761332290.163848	0.000000
3.000000	38850.774032	39676.559231	-187500.022352	-187500.022352	92717.092361	83001.683116	95180.344007	-187500.022352	0.042000	0.998000	0.070000	192.000000	0.000000	0.000000	0.000000	0.000000	0.000000	0.000000	0.000000	0.000000	0.000000	1761332290.163865	0.000000
4.000000	38878.892526	39709.840978	-187500.022352	-187500.022352	92543.195789	82758.630247	95106.695009	-187500.022352	0.042000	0.998000	0.070000	192.000000	0.000000	0.000000	0.000000	0.000000	0.000000	0.000000	0.000000	0.000000	0.000000	1761332290.163882	0.000000
5.000000	38906.206358	39749.917656	-187500.022352	-187500.022352	92437.360279	82785.184119	94854.343814	-187500.022352	0.042000	0.998000	0.070000	192.000000	0.000000	0.000000	0.000000	0.000000	0.000000	0.000000	0.000000	0.000000	0.000000	1761332290.163900	0.000000
6.000000	38869.683608	39711.539711	-187500.022352	-187500.022352	92616.911842	83078.103730	94930.406801	-187500.022352	0.044000	0.992000	0.072000	192.000000	1.000000	96.000000	31.000000	0.000000	2.000000	64.000000	0.000000	0.000000	0.000000	1761332290.163916	0.000000
7.000000	38847.175401	39671.217164	-187500.022352	-187500.022352	92730.749277	83046.833640	95155.511219	-187500.022352	0.044000	0.992000	0.072000	192.000000	0.000000	0.000000	0.000000	0.000000	0.000000	0.000000	0.000000	0.000000	0.000000	1761332290.163937	0.000000
8.000000	38864.967390	39692.160749	-187500.022352	-187500.022352	92583.026598	82787.866329	95131.572501	-187500.022352	0.044000	0.992000	0.072000	192.000000	0.000000	0.000000	0.000000	0.000000	0.000000	0.000000	0.000000	0.000000	0.000000	1761332290.163956	0.000000
9.000000	38887.877928	39727.476505	-187500.022352	-187500.022352	92440.802448	82754.741043	94882.775233	-187500.022352	0.044000	0.992000	0.072000	192.000000	0.000000	0.000000	0.000000	0.000000	0.000000	0.000000	0.000000	0.000000	0.000000	1761332290.163975	0.000000
10.000000	38863.626285	39703.582490	-187500.022352	-187500.022352	92576.365778	83023.766640	94869.811221	-187500.022352	0.044000	0.992000	0.072000	192.000000	0.000000	0.000000	0.000000	0.000000	0.000000	0.000000	0.000000	0.000000	0.000000	1761332290.164017	0.000000
11.000000	38834.010224	39656.666178	-187500.022352	-187500.022352	92735.778419	83081.411789	95124.710515	-187500.022352	0.044000	0.992000	0.072000	192.000000	0.000000	0.000000	0.000000	0.000000	0.000000	0.000000	0.000000	0.000000	0.000000	1761332290.164037	0.000000
12.000000	38853.456241	39671.217164	-187500.022352	-187500.022352	92623.393848	82817.549445	95155.980606	-187500.022352	0.044000	0.992000	0.072000	192.000000	0.000000	0.000000	0.000000	0.000000	0.000000	0.000000	0.000000	0.000000	0.000000	1761332290.164055	0.000000
13.000000	38889.084922	39719.295766	-187500.022352	-187500.022352	92446.591550	82716.631319	94906.378675	-187500.022352	0.044000	0.992000	0.072000	192.000000	0.000000	0.000000	0.000000	0.000000	0.000000	0.000000	0.000000	0.000000	0.000000	1761332290.164072	0.000000
14.000000	38873.416349	39711.249138	-187500.022352	-187500.022352	92536.333804	82964.601572	94835.300128	-187500.022352	0.044000	0.992000	0.072000	192.000000	0.000000	0.000000	0.000000	0.000000	0.000000	0.000000	0.000000	0.000000	0.000000	1761332290.164090	0.000000
15.000000	38827.952901	39657.783766	-187500.022352	-187500.022352	92732.805637	83104.814065	95094.915640	-187500.022352	0.044000	0.992000	0.072000	192.000000	0.000000	0.000000	0.000000	0.000000	0.000000	0.000000	0.000000	0.000000	0.000000	1761332290.164106	0.000000
16.000000	38841.028671	39669.697245	-187500.022352	-187500.022352	92662.040015	82865.426882	95180.679283	-187500.022352	0.046000	0.988000	0.062000	192.000000	1.000000	112.000000	30.000000	224.000000	1.000000	240.000000	0.000000	0.000000	0.000000	1761332290.164126	0.000000
17.000000	38878.490195	39719.072249	-187500.022352	-187500.022352	92470.865544	82717.279520	94966.951903	-187500.022352	0.046000	0.988000	0.062000	192.000000	0.000000	0.000000	0.000000	0.000000	0.000000	0.000000	0.000000	0.000000	0.000000	1761332290.164144	0.000000
18.000000	38872.365817	39721.352127	-187500.022352	-187500.022352	92496.748864	82910.644461	94813.864805	-187500.022352	0.046000	0.988000	0.062000	192.000000	0.000000	0.000000	0.000000	0.000000	0.000000	0.000000	0.000000	0.000000	0.000000	1761332290.164161	0.000000
19.000000	38828.690508	39663.997550	-187500.022352	-187500.022352	92713.784303	83125.802353	95057.543523	-187500.022352	0.046000	0.988000	0.062000	192.000000	0.000000	0.000000	0.000000	0.000000	0.000000	0.000000	0.000000	0.000000	0.000000	1761332290.164178	0.000000
20.000000	38836.625378	39663.237591	-187500.022352	-187500.022352	92692.416035	82923.608473	95198.940658	-187500.022352	0.046000	0.988000	0.062000	192.000000	0.000000	0.000000	0.000000	0.000000	0.000000	0.000000	0.000000	0.000000	0.000000	1761332290.164195	0.000000
21.000000	38868.141337	39707.114066	-187500.022352	-187500.022352	92499.073446	82734.490363	95028.799180	-187500.022352	0.046000	0.988000	0.062000	192.000000	0.000000	0.000000	0.000000	0.000000	0.000000	0.000000	0.000000	0.000000	0.000000	1761332290.164215	0.000000
22.000000	38871.024712	39719.787505	-187500.022352	-187500.022352	92471.849021	82868.623181	94819.408038	-187500.022352	0.046000	0.988000	0.062000	192.000000	0.000000	0.000000	0.000000	0.000000	0.000000	0.000000	0.000000	0.000000	0.000000	1761332290.164232	0.000000
23.000000	38834.524314	39674.458167	-187500.022352	-187500.022352	92689.644419	83128.395155	95012.035371	-187500.022352	0.046000	0.988000	0.062000	192.000000	0.000000	0.000000	0.000000	0.000000	0.000000	0.000000	0.000000	0.000000	0.000000	1761332290.164251	0.000000
24.000000	38834.725479	39661.516507	-187500.022352	-187500.022352	92712.823178	82964.690979	95172.856173	-187500.022352	0.046000	0.988000	0.062000	192.000000	0.000000	0.000000	0.000000	0.000000	0.000000	0.000000	0.000000	0.000000	0.000000	1761332290.164268	0.000000
25.000000	38866.956695	39702.196682	-187500.022352	-187500.022352	92535.797362	82742.246418	95053.877837	-187500.022352	0.046000	0.988000	0.062000	192.000000	0.000000	0.000000	0.000000	0.000000	0.000000	0.000000	0.000000	0.000000	0.000000	1761332290.164412	0.000000
26.000000	38878.691361	39726.671842	-187500.022352	-187500.022352	92457.365091	82814.129628	94813.954212	-187500.022352	0.044000	0.992000	0.064000	192.000000	1.000000	96.000000	31.000000	0.000000	2.000000	0.000000	0.000000	0.000000	0.000000	1761332290.164436	0.000000
27.000000	38838.569979	39680.359027	-187500.022352	-187500.022352	92663.939913	83105.551673	94955.038423	-187500.022352	0.044000	0.992000	0.064000	192.000000	0.000000	0.000000	0.000000	0.000000	0.000000	0.000000	0.000000	0.000000	0.000000	1761332290.164460	0.000000
28.000000	38825.561264	39653.291065	-187500.022352	-187500.022352	92742.886274	83015.675308	95174.689016	-187500.022352	0.044000	0.992000	0.064000	192.000000	0.000000	0.000000	0.000000	0.000000	0.000000	0.000000	0.000000	0.000000	0.000000	1761332290.164479	0.000000
29.000000	38858.865363	39691.579603	-187500.022352	-187500.022352	92576.991627	82770.588430	95118.273213	-187500.022352	0.044000	0.992000	0.064000	192.000000	0.000000	0.000000	0.000000	0.000000	0.000000	0.000000	0.000000	0.000000	0.000000	1761332290.164499	0.000000
30.000000	38880.814777	39726.940063	-187500.022352	-187500.022352	92450.659567	82778.545651	94857.629521	-187500.022352	0.044000	0.992000	0.064000	192.000000	0.000000	0.000000	0.000000	0.000000	0.000000	0.000000	0.000000	0.000000	0.000000	1761332290.164516	0.000000
31.000000	38848.829430	39698.508644	-187500.022352	-187500.022352	92621.113970	83071.666428	94916.727533	-187500.022352	0.044000	0.992000	0.064000	192.000000	0.000000	0.000000	0.000000	0.000000	0.000000	0.000000	0.000000	0.000000	0.000000	1761332290.164536	0.000000
32.000000	38823.773125	39659.348388	-187500.022352	-187500.022352	92748.764783	83067.151376	95164.563675	-187500.022352	0.044000	0.992000	0.064000	192.000000	0.000000	0.000000	0.000000	0.000000	0.000000	0.000000	0.000000	0.000000	0.000000	1761332290.164553	0.000000
33.000000	38848.807078	39685.276411	-187500.022352	-187500.022352	92601.645601	82801.947928	95148.604530	-187500.022352	0.044000	0.992000	0.064000	192.000000	0.000000	0.000000	0.000000	0.000000	0.000000	0.000000	0.000000	0.000000	0.000000	1761332290.164570	0.000000
34.000000	38876.344428	39723.609653	-187500.022352	-187500.022352	92440.869503	82742.514639	94883.758710	-187500.022352	0.044000	0.992000	0.064000	192.000000	0.000000	0.000000	0.000000	0.000000	0.000000	0.000000	0.000000	0.000000	0.000000	1761332290.164587	0.000000
35.000000	38859.267695	39711.629118	-187500.022352	-187500.022352	92575.047025	83018.670442	94872.404024	-187500.022352	0.044000	0.992000	0.064000	192.000000	0.000000	0.000000	0.000000	0.000000	0.000000	0.000000	0.000000	0.000000	0.000000	1761332290.164604	0.000000
36.000000	38824.913064	39664.891620	-187500.022352	-187500.022352	92748.250693	83101.416600	95139.060335	-187500.022352	0.052000	0.990000	0.060000	192.000000	1.000000	160.000000	30.000000	240.000000	1.000000	224.000000	0.000000	0.000000	0.000000	1761332290.164622	0.000000
37.000000	38842.369776	39680.515490	-187500.022352	-187500.022352	92639.732974	82838.895361	95178.108833	-187500.022352	0.052000	0.990000	0.060000	192.000000	0.000000	0.000000	0.000000	0.000000	0.000000	0.000000	0.000000	0.000000	0.000000	1761332290.164639	0.000000
38.000000	38875.293896	39724.302557	-187500.022352	-187500.022352	92457.767422	82728.969482	94940.800362	-187500.022352	0.052000	0.990000	0.060000	192.000000	0.000000	0.000000	0.000000	0.000000	0.000000	0.000000	0.000000	0.000000	0.000000	1761332290.164657	0.000000
39.000000	38869.996532	39724.324909	-187500.022352	-187500.022352	92534.523312	82958.454842	94842.206817	-187500.022352	0.052000	0.990000	0.060000	192.000000	0.000000	0.000000	0.000000	0.000000	0.000000	0.000000	0.000000	0.000000	0.000000	1761332290.164676	0.000000
40.000000	38841.162782	39684.091769	-187500.022352	-187500.022352	92737.521856	83112.458362	95090.422939	-187500.022352	0.052000	0.990000	0.060000	192.000000	0.000000	0.000000	0.000000	0.000000	0.000000	0.000000	0.000000	0.000000	0.000000	1761332290.164693	0.000000
41.000000	38850.036424	39684.427045	-187500.022352	-187500.022352	92673.998198	82879.575536	95189.910554	-187500.022352	0.052000	0.990000	0.060000	192.000000	0.000000	0.000000	0.000000	0.000000	0.000000	0.000000	0.000000	0.000000	0.000000	1761332290.164728	0.000000
42.000000	38879.719541	39724.660185	-187500.022352	-187500.022352	92485.617696	82730.399994	94999.808967	-187500.022352	0.052000	0.990000	0.060000	192.000000	0.000000	0.000000	0.000000	0.000000	0.000000	0.000000	0.000000	0.000000	0.000000	1761332290.164745	0.000000
43.000000	38884.055779	39737.221865	-187500.022352	-187500.022352	92498.916983	82903.648365	94829.913357	-187500.022352	0.052000	0.990000	0.060000	192.000000	0.000000	0.000000	0.000000	0.000000	0.000000	0.000000	0.000000	0.000000	0.000000	1761332290.164762	0.000000
44.000000	38847.622436	39688.293897	-187500.022352	-187500.022352	92715.013649	83116.816952	95048.044032	-187500.022352	0.052000	0.990000	0.060000	192.000000	0.000000	0.000000	0.000000	0.000000	0.000000	0.000000	0.000000	0.000000	0.000000	1761332290.164781	0.000000
45.000000	38848.270637	39679.554365	-187500.022352	-187500.022352	92700.015628	82910.532702	95181.640408	-187500.022352	0.052000	0.990000	0.060000	192.000000	0.000000	0.000000	0.000000	0.000000	0.000000	0.000000	0.000000	0.000000	0.000000	1761332290.164798	0.000000
46.000000	38880.144224	39718.982842	-187500.022352	-187500.022352	92511.813940	82713.479723	95027.212206	-187500.022352	0.046000	0.992000	0.066000	192.000000	1.000000	112.000000	31.000000	0.000000	2.000000	16.000000	0.000000	0.000000	0.000000	1761332290.164818	0.000000
47.000000	38882.513509	39734.807877	-187500.022352	-187500.022352	92482.689617	82846.226733	94834.003727	-187500.022352	0.046000	0.992000	0.066000	192.000000	0.000000	0.000000	0.000000	0.000000	0.000000	0.000000	0.000000	0.000000	0.000000	1761332290.164836	0.000000
48.000000	38852.852744	39697.659278	-187500.022352	-187500.022352	92689.733826	83100.500178	95000.077188	-187500.022352	0.046000	0.992000	0.066000	192.000000	0.000000	0.000000	0.000000	0.000000	0.000000	0.000000	0.000000	0.000000	0.000000	1761332290.164855	0.000000
49.000000	38850.416404	39681.454263	-187500.022352	-187500.022352	92725.898948	82956.242020	95180.165193	-187500.022352	0.046000	0.992000	0.066000	192.000000	0.000000	0.000000	0.000000	0.000000	0.000000	0.000000	0.000000	0.000000	0.000000	1761332290.164874	0.000000
50.000000	38877.484367	39713.305499	-187500.022352	-187500.022352	92548.493153	82729.640034	95081.549297	-187500.022352	0.046000	0.992000	0.066000	192.000000	0.000000	0.000000	0.000000	0.000000	0.000000	0.000000	0.000000	0.000000	0.000000	1761332290.164891	0.000000
51.000000	38900.260794	39748.151868	-187500.022352	-187500.022352	92451.531285	82774.365875	94809.930898	-187500.022352	0.046000	0.992000	0.066000	192.000000	0.000000	0.000000	0.000000	0.000000	0.000000	0.000000	0.000000	0.000000	0.000000	1761332290.164911	0.000000
52.000000	38858.418329	39704.342449	-187500.022352	-187500.022352	92650.953549	83072.962829	94934.653632	-187500.022352	0.046000	0.992000	0.066000	192.000000	0.000000	0.000000	0.000000	0.000000	0.000000	0.000000	0.000000	0.000000	0.000000	1761332290.164928	0.000000
53.000000	38837.810020	39669.943115	-187500.022352	-187500.022352	92747.691899	83013.395430	95179.092309	-187500.022352	0.046000	0.992000	0.066000	192.000000	0.000000	0.000000	0.000000	0.000000	0.000000	0.000000	0.000000	0.000000	0.000000	1761332290.164948	0.000000
54.000000	38871.829375	39706.510568	-187500.022352	-187500.022352	92579.606781	82754.450471	95113.512291	-187500.022352	0.046000	0.992000	0.066000	192.000000	0.000000	0.000000	0.000000	0.000000	0.000000	0.000000	0.000000	0.000000	0.000000	1761332290.164965	0.000000
55.000000	38887.095617	39734.271435	-187500.022352	-187500.022352	92444.691651	82745.353311	94843.682032	-187500.022352	0.046000	0.992000	0.066000	192.000000	0.000000	0.000000	0.000000	0.000000	0.000000	0.000000	0.000000	0.000000	0.000000	1761332290.164982	0.000000
56.000000	38856.518430	39705.728257	-187500.022352	-187500.022352	92616.308345	83044.062024	94899.293172	-187500.022352	0.046000	0.996000	0.070000	192.000000	1.000000	112.000000	31.000000	32.000000	2.000000	48.000000	0.000000	0.000000	0.000000	1761332290.165012	0.000000
57.000000	38832.982043	39667.015036	-187500.022352	-187500.022352	92753.704519	83048.890000	95144.134181	-187500.022352	0.046000	0.996000	0.070000	192.000000	0.000000	0.000000	0.000000	0.000000	0.000000	0.000000	0.000000	0.000000	0.000000	1761332290.165033	0.000000
58.000000	38855.669064	39689.076208	-187500.022352	-187500.022352	92621.225729	82790.257965	95145.318823	-187500.022352	0.046000	0.996000	0.070000	192.000000	0.000000	0.000000	0.000000	0.000000	0.000000	0.000000	0.000000	0.000000	0.000000	1761332290.165050	0.000000
59.000000	38873.393997	39722.581473	-187500.022352	-187500.022352	92465.165849	82736.591427	94907.697428	-187500.022352	0.046000	0.996000	0.070000	192.000000	0.000000	0.000000	0.000000	0.000000	0.000000	0.000000	0.000000	0.000000	0.000000	1761332290.165067	0.000000
60.000000	38857.568962	39708.499874	-187500.022352	-187500.022352	92569.369682	82992.228328	94861.965759	-187500.022352	0.046000	0.996000	0.070000	192.000000	0.000000	0.000000	0.000000	0.000000	0.000000	0.000000	0.000000	0.000000	0.000000	1761332290.165084	0.000000
61.000000	38831.283311	39665.003379	-187500.022352	-187500.022352	92749.614149	83088.452588	95121.447160	-187500.022352	0.046000	0.996000	0.070000	192.000000	0.000000	0.000000	0.000000	0.000000	0.000000	0.000000	0.000000	0.000000	0.000000	1761332290.636769	0.000000
62.000000	38835.798363	39664.109309	-187500.022352	-187500.022352	92655.826230	82840.884667	95189.329408	-187500.022352	0.046000	0.996000	0.070000	192.000000	0.000000	0.000000	0.000000	0.000000	0.000000	0.000000	0.000000	0.000000	0.000000	1761332290.636818	0.000000
63.000000	38873.684570	39714.132513	-187500.022352	-187500.022352	92466.886934	82718.084183	94949.249321	-187500.022352	0.046000	0.996000	0.070000	192.000000	0.000000	0.000000	0.000000	0.000000	0.000000	0.000000	0.000000	0.000000	0.000000	1761332290.636837	0.000000
64.000000	38867.783710	39718.178179	-187500.022352	-187500.022352	92529.717687	82941.556924	94834.629576	-187500.022352	0.046000	0.996000	0.070000	192.000000	0.000000	0.000000	0.000000	0.000000	0.000000	0.000000	0.000000	0.000000	0.000000	1761332290.636855	0.000000
65.000000	38828.578750	39669.227859	-187500.022352	-187500.022352	92735.800771	83114.626481	95084.790300	-187500.022352	0.046000	0.996000	0.070000	192.000000	0.000000	0.000000	0.000000	0.000000	0.000000	0.000000	0.000000	0.000000	0.000000	1761332290.636872	0.000000
66.000000	38839.329939	39673.452338	-187500.022352	-187500.022352	92676.568648	82881.475434	95182.109795	-187500.022352	0.044000	0.994000	0.074000	192.000000	1.000000	96.000000	31.000000	16.000000	2.000000	80.000000	0.000000	0.000000	0.000000	1761332290.636889	0.000000
67.000000	38861.704035	39705.482388	-187500.022352	-187500.022352	92492.859661	82725.639072	94999.428987	-187500.022352	0.044000	0.994000	0.074000	192.000000	0.000000	0.000000	0.000000	0.000000	0.000000	0.000000	0.000000	0.000000	0.000000	1761332290.636907	0.000000
68.000000	38858.306570	39709.326888	-187500.022352	-187500.022352	92502.962649	82895.869958	94830.740372	-187500.022352	0.044000	0.994000	0.074000	192.000000	0.000000	0.000000	0.000000	0.000000	0.000000	0.000000	0.000000	0.000000	0.000000	1761332290.636924	0.000000
69.000000	38819.526293	39662.343521	-187500.022352	-187500.022352	92717.606451	83125.154153	95047.351128	-187500.022352	0.044000	0.994000	0.074000	192.000000	0.000000	0.000000	0.000000	0.000000	0.000000	0.000000	0.000000	0.000000	0.000000	1761332290.636940	0.000000
70.000000	38821.806171	39652.911085	-187500.022352	-187500.022352	92702.161396	82926.178923	95187.273048	-187500.022352	0.044000	0.994000	0.074000	192.000000	0.000000	0.000000	0.000000	0.000000	0.000000	0.000000	0.000000	0.000000	0.000000	1761332290.636957	0.000000
71.000000	38856.071395	39694.462978	-187500.022352	-187500.022352	92508.349420	82715.960767	95030.520264	-187500.022352	0.044000	0.994000	0.074000	192.000000	0.000000	0.000000	0.000000	0.000000	0.000000	0.000000	0.000000	0.000000	0.000000	1761332290.637017	0.000000
72.000000	38864.699169	39717.127647	-187500.022352	-187500.022352	92466.842230	82833.866219	94813.730695	-187500.022352	0.044000	0.994000	0.074000	192.000000	0.000000	0.000000	0.000000	0.000000	0.000000	0.000000	0.000000	0.000000	0.000000	1761332290.637034	0.000000
73.000000	38834.770183	39681.029580	-187500.022352	-187500.022352	92686.470471	83106.624556	94980.519412	-187500.022352	0.044000	0.994000	0.074000	192.000000	0.000000	0.000000	0.000000	0.000000	0.000000	0.000000	0.000000	0.000000	0.000000	1761332290.637051	0.000000
74.000000	38827.483514	39659.460146	-187500.022352	-187500.022352	92729.519931	82968.244906	95161.009748	-187500.022352	0.044000	0.994000	0.074000	192.000000	0.000000	0.000000	0.000000	0.000000	0.000000	0.000000	0.000000	0.000000	0.000000	1761332290.637067	0.000000
75.000000	38850.304645	39690.931403	-187500.022352	-187500.022352	92546.526199	82728.142468	95067.445346	-187500.022352	0.044000	0.994000	0.074000	192.000000	0.000000	0.000000	0.000000	0.000000	0.000000	0.000000	0.000000	0.000000	0.000000	1761332290.637084	0.000000
76.000000	38868.409558	39721.575644	-187500.022352	-187500.022352	92449.340814	82776.019904	94819.028058	-187500.022352	0.040000	1.000000	0.076000	192.000000	1.000000	64.000000	31.000000	64.000000	2.000000	96.000000	0.000000	0.000000	0.000000	1761332290.637100	0.000000
77.000000	38839.352291	39691.065513	-187500.022352	-187500.022352	92642.370479	83068.783053	94918.850949	-187500.022352	0.040000	1.000000	0.076000	192.000000	0.000000	0.000000	0.000000	0.000000	0.000000	0.000000	0.000000	0.000000	0.000000	1761332290.637117	0.000000
78.000000	38819.302776	39653.000492	-187500.022352	-187500.022352	92743.534475	83008.656860	95145.497637	-187500.022352	0.040000	1.000000	0.076000	192.000000	0.000000	0.000000	0.000000	0.000000	0.000000	0.000000	0.000000	0.000000	0.000000	1761332290.637134	0.000000
79.000000	38850.394052	39688.472711	-187500.022352	-187500.022352	92584.345351	82754.204602	95103.118730	-187500.022352	0.040000	1.000000	0.076000	192.000000	0.000000	0.000000	0.000000	0.000000	0.000000	0.000000	0.000000	0.000000	0.000000	1761332290.637150	0.000000
80.000000	38875.562117	39728.527037	-187500.022352	-187500.022352	92449.340814	82744.056910	94846.967739	-187500.022352	0.040000	1.000000	0.076000	192.000000	0.000000	0.000000	0.000000	0.000000	0.000000	0.000000	0.000000	0.000000	0.000000	1761332290.637167	0.000000
81.000000	38849.343520	39701.816702	-187500.022352	-187500.022352	92611.346258	83042.855029	94884.518669	-187500.022352	0.040000	1.000000	0.076000	192.000000	0.000000	0.000000	0.000000	0.000000	0.000000	0.000000	0.000000	0.000000	0.000000	1761332290.637183	0.000000
82.000000	38830.523351	39665.539821	-187500.022352	-187500.022352	92755.336196	83071.353504	95135.148780	-187500.022352	0.040000	1.000000	0.076000	192.000000	0.000000	0.000000	0.000000	0.000000	0.000000	0.000000	0.000000	0.000000	0.000000	1761332290.637199	0.000000
83.000000	38851.154012	39683.577679	-187500.022352	-187500.022352	92624.779657	82812.296785	95157.008786	-187500.022352	0.040000	1.000000	0.076000	192.000000	0.000000	0.000000	0.000000	0.000000	0.000000	0.000000	0.000000	0.000000	0.000000	1761332290.637216	0.000000
84.000000	38886.179195	39732.103316	-187500.022352	-187500.022352	92452.671224	82734.088032	94904.970515	-187500.022352	0.040000	1.000000	0.076000	192.000000	0.000000	0.000000	0.000000	0.000000	0.000000	0.000000	0.000000	0.000000	0.000000	1761332290.637232	0.000000
85.000000	38871.203526	39720.882740	-187500.022352	-187500.022352	92556.025691	82988.964974	94844.911378	-187500.022352	0.040000	1.000000	0.076000	192.000000	0.000000	0.000000	0.000000	0.000000	0.000000	0.000000	0.000000	0.000000	0.000000	1761332290.637249	0.000000
86.000000	38837.295930	39672.714731	-187500.022352	-187500.022352	92746.864885	83107.809199	95114.518120	-187500.022352	0.034000	0.998000	0.078000	192.000000	1.000000	16.000000	31.000000	48.000000	2.000000	112.000000	0.000000	0.000000	0.000000	1761332290.637265	0.000000
87.000000	38852.651579	39685.499929	-187500.022352	-187500.022352	92652.942855	82855.122728	95180.925152	-187500.022352	0.034000	0.998000	0.078000	192.000000	0.000000	0.000000	0.000000	0.000000	0.000000	0.000000	0.000000	0.000000	0.000000	1761332290.637292	0.000000
88.000000	38887.922631	39732.259778	-187500.022352	-187500.022352	92473.257181	82725.393203	94954.747850	-187500.022352	0.034000	0.998000	0.078000	192.000000	0.000000	0.000000	0.000000	0.000000	0.000000	0.000000	0.000000	0.000000	0.000000	1761332290.637308	0.000000
89.000000	38889.844881	39741.491049	-187500.022352	-187500.022352	92526.297870	82937.958293	94821.553805	-187500.022352	0.034000	0.998000	0.078000	192.000000	0.000000	0.000000	0.000000	0.000000	0.000000	0.000000	0.000000	0.000000	0.000000	1761332290.637324	0.000000
90.000000	38857.144279	39697.145188	-187500.022352	-187500.022352	92731.531588	83113.374783	95048.222846	-187500.022352	0.034000	0.998000	0.078000	192.000000	0.000000	0.000000	0.000000	0.000000	0.000000	0.000000	0.000000	0.000000	0.000000	1761332290.637341	0.000000
91.000000	38860.206468	39693.434798	-187500.022352	-187500.022352	92683.117710	82888.695048	95159.154553	-187500.022352	0.034000	0.998000	0.078000	192.000000	0.000000	0.000000	0.000000	0.000000	0.000000	0.000000	0.000000	0.000000	0.000000	1761332290.637357	0.000000
92.000000	38889.822530	39733.086793	-187500.022352	-187500.022352	92497.844100	82726.868418	94992.075264	-187500.022352	0.034000	0.998000	0.078000	192.000000	0.000000	0.000000	0.000000	0.000000	0.000000	0.000000	0.000000	0.000000	0.000000	1761332290.637373	0.000000
93.000000	38889.867233	39743.413299	-187500.022352	-187500.022352	92496.033608	82883.911775	94809.394456	-187500.022352	0.034000	0.998000	0.078000	192.000000	0.000000	0.000000	0.000000	0.000000	0.000000	0.000000	0.000000	0.000000	0.000000	1761332290.637389	0.000000
94.000000	38855.624361	39699.201548	-187500.022352	-187500.022352	92712.934937	83124.170676	95013.778807	-187500.022352	0.034000	0.998000	0.078000	192.000000	0.000000	0.000000	0.000000	0.000000	0.000000	0.000000	0.000000	0.000000	0.000000	1761332290.637406	0.000000
95.000000	38851.757509	39683.756493	-187500.022352	-187500.022352	92718.232300	82949.424738	95175.426623	-187500.022352	0.034000	0.998000	0.078000	192.000000	0.000000	0.000000	0.000000	0.000000	0.000000	0.000000	0.000000	0.000000	0.000000	1761332290.637422	0.000000
96.000000	38877.864346	39718.178179	-187500.022352	-187500.022352	92530.388240	82741.955846	95046.568816	-187500.022352	0.030000	0.996000	0.074000	192.000000	0.000000	240.000000	31.000000	32.000000	2.000000	80.000000	0.000000	0.000000	0.000000	1761332290.637438	0.000000
97.000000	38887.922631	39740.328758	-187500.022352	-187500.022352	92472.631332	82842.851620	94827.365259	-187500.022352	0.030000	0.996000	0.074000	192.000000	0.000000	0.000000	0.000000	0.000000	0.000000	0.000000	0.000000	0.000000	0.000000	1761332290.637455	0.000000
98.000000	38857.501907	39705.482388	-187500.022352	-187500.022352	92679.228506	83115.855827	94978.284237	-187500.022352	0.030000	0.996000	0.074000	192.000000	0.000000	0.000000	0.000000	0.000000	0.000000	0.000000	0.000000	0.000000	0.000000	1761332290.637472	0.000000
99.000000	38851.377529	39684.605859	-187500.022352	-187500.022352	92725.697783	82987.512110	95161.903818	-187500.022352	0.030000	0.996000	0.074000	192.000000	0.000000	0.000000	0.000000	0.000000	0.000000	0.000000	0.000000	0.000000	0.000000	1761332290.637488	0.000000
100.000000	38875.919744	39716.278281	-187500.022352	-187500.022352	92548.493153	82749.980122	95079.984674	-187500.022352	0.030000	0.996000	0.074000	192.000000	0.000000	0.000000	0.000000	0.000000	0.000000	0.000000	0.000000	0.000000	0.000000	1761332290.637504	0.000000
101.000000	38905.736972	39758.813650	-187500.022352	-187500.022352	92438.008480	82774.790558	94805.661715	-187500.022352	0.030000	0.996000	0.074000	192.000000	0.000000	0.000000	0.000000	0.000000	0.000000	0.000000	0.000000	0.000000	0.000000	1761332290.637521	0.000000
102.000000	38865.302666	39715.428914	-187500.022352	-187500.022352	92630.032316	83071.509966	94899.248469	-187500.022352	0.030000	0.996000	0.074000	192.000000	0.000000	0.000000	0.000000	0.000000	0.000000	0.000000	0.000000	0.000000	0.000000	1761332290.637546	0.000000
103.000000	38843.219142	39676.760397	-187500.022352	-187500.022352	92737.566559	83040.284579	95148.604530	-187500.022352	0.030000	0.996000	0.074000	192.000000	0.000000	0.000000	0.000000	0.000000	0.000000	0.000000	0.000000	0.000000	0.000000	1761332290.637562	0.000000
104.000000	38865.436776	39699.514472	-187500.022352	-187500.022352	92579.204450	82776.533994	95112.975849	-187500.022352	0.030000	0.996000	0.074000	192.000000	0.000000	0.000000	0.000000	0.000000	0.000000	0.000000	0.000000	0.000000	0.000000	1761332290.637578	0.000000
105.000000	38899.724352	39745.939046	-187500.022352	-187500.022352	92437.382631	82743.654578	94843.614977	-187500.022352	0.030000	0.996000	0.074000	192.000000	0.000000	0.000000	0.000000	0.000000	0.000000	0.000000	0.000000	0.000000	0.000000	1761332290.637595	0.000000
106.000000	38879.607782	39730.136362	-187500.022352	-187500.022352	92578.824470	83023.118439	94842.542093	-187500.022352	0.038000	0.998000	0.084000	192.000000	1.000000	48.000000	31.000000	48.000000	2.000000	160.000000	0.000000	0.000000	0.000000	1761332290.637611	0.000000
107.000000	38843.599122	39675.039312	-187500.022352	-187500.022352	92741.187542	83080.763588	95115.836873	-187500.022352	0.038000	0.998000	0.084000	192.000000	0.000000	0.000000	0.000000	0.000000	0.000000	0.000000	0.000000	0.000000	0.000000	1761332290.637628	0.000000
108.000000	38859.692378	39687.668048	-187500.022352	-187500.022352	92614.542558	82813.190855	95135.931091	-187500.022352	0.038000	0.998000	0.084000	192.000000	0.000000	0.000000	0.000000	0.000000	0.000000	0.000000	0.000000	0.000000	0.000000	1761332290.637644	0.000000
109.000000	38885.821567	39727.387098	-187500.022352	-187500.022352	92447.284454	82729.081241	94898.935544	-187500.022352	0.038000	0.998000	0.084000	192.000000	0.000000	0.000000	0.000000	0.000000	0.000000	0.000000	0.000000	0.000000	0.000000	1761332290.637660	0.000000
110.000000	38874.310419	39722.715583	-187500.022352	-187500.022352	92540.290062	82973.765787	94819.184520	-187500.022352	0.038000	0.998000	0.084000	192.000000	0.000000	0.000000	0.000000	0.000000	0.000000	0.000000	0.000000	0.000000	0.000000	1761332290.637676	0.000000
111.000000	38836.044232	39669.876059	-187500.022352	-187500.022352	92729.318765	83096.476864	95072.563895	-187500.022352	0.038000	0.998000	0.084000	192.000000	0.000000	0.000000	0.000000	0.000000	0.000000	0.000000	0.000000	0.000000	0.000000	1761332290.637695	0.000000
112.000000	38854.126794	39681.342504	-187500.022352	-187500.022352	92652.875799	82850.764138	95146.257597	-187500.022352	0.038000	0.998000	0.084000	192.000000	0.000000	0.000000	0.000000	0.000000	0.000000	0.000000	0.000000	0.000000	0.000000	1761332290.637711	0.000000
113.000000	38883.608745	39721.128609	-187500.022352	-187500.022352	92466.015216	82713.680889	94929.959766	-187500.022352	0.038000	0.998000	0.084000	192.000000	0.000000	0.000000	0.000000	0.000000	0.000000	0.000000	0.000000	0.000000	0.000000	1761332290.637727	0.000000
114.000000	38873.572811	39721.799162	-187500.022352	-187500.022352	92512.551548	82920.658043	94799.470282	-187500.022352	0.038000	0.998000	0.084000	192.000000	0.000000	0.000000	0.000000	0.000000	0.000000	0.000000	0.000000	0.000000	0.000000	1761332290.637744	0.000000
115.000000	38826.365927	39665.383359	-187500.022352	-187500.022352	92726.882425	83121.354356	95049.139267	-187500.022352	0.038000	0.998000	0.084000	192.000000	0.000000	0.000000	0.000000	0.000000	0.000000	0.000000	0.000000	0.000000	0.000000	1761332290.637760	0.000000
116.000000	38833.049099	39659.147222	-187500.022352	-187500.022352	92684.190593	82894.819426	95167.223533	-187500.022352	0.048000	0.998000	0.084000	192.000000	1.000000	128.000000	31.000000	48.000000	2.000000	160.000000	0.000000	0.000000	0.000000	1761332290.637776	0.000000
117.000000	38867.090805	39705.281222	-187500.022352	-187500.022352	92495.474815	82718.330052	94999.272525	-187500.022352	0.048000	0.998000	0.084000	192.000000	0.000000	0.000000	0.000000	0.000000	0.000000	0.000000	0.000000	0.000000	0.000000	1761332290.637794	0.000000
118.000000	38874.623343	39724.436667	-187500.022352	-187500.022352	92476.565239	82855.659170	94797.078645	-187500.022352	0.048000	0.998000	0.084000	192.000000	0.000000	0.000000	0.000000	0.000000	0.000000	0.000000	0.000000	0.000000	0.000000	1761332290.637818	0.000000
119.000000	38838.637035	39678.436777	-187500.022352	-187500.022352	92704.508329	83107.317460	94996.724426	-187500.022352	0.048000	0.998000	0.084000	192.000000	0.000000	0.000000	0.000000	0.000000	0.000000	0.000000	0.000000	0.000000	0.000000	1761332290.637834	0.000000
120.000000	38837.698261	39663.572867	-187500.022352	-187500.022352	92722.680297	82945.937865	95173.146745	-187500.022352	0.048000	0.998000	0.084000	192.000000	0.000000	0.000000	0.000000	0.000000	0.000000	0.000000	0.000000	0.000000	0.000000	1761332290.637850	0.000000
121.000000	38867.157861	39703.850711	-187500.022352	-187500.022352	92533.897464	82730.869380	95050.770944	-187500.022352	0.048000	0.998000	0.084000	192.000000	0.000000	0.000000	0.000000	0.000000	0.000000	0.000000	0.000000	0.000000	0.000000	1761332290.637866	0.000000
122.000000	38875.964448	39725.218979	-187500.022352	-187500.022352	92464.495297	82816.610672	94821.374991	-187500.022352	0.048000	0.998000	0.084000	192.000000	0.000000	0.000000	0.000000	0.000000	0.000000	0.000000	0.000000	0.000000	0.000000	1761332290.637882	0.000000
123.000000	38845.253151	39688.048028	-187500.022352	-187500.022352	92669.661959	83091.894757	94956.245417	-187500.022352	0.048000	0.998000	0.084000	192.000000	0.000000	0.000000	0.000000	0.000000	0.000000	0.000000	0.000000	0.000000	0.000000	1761332290.637899	0.000000
124.000000	38834.211389	39663.416405	-187500.022352	-187500.022352	92740.204065	82995.536386	95173.459670	-187500.022352	0.048000	0.998000	0.084000	192.000000	0.000000	0.000000	0.000000	0.000000	0.000000	0.000000	0.000000	0.000000	0.000000	1761332290.637915	0.000000
125.000000	38867.448433	39702.867234	-187500.022352	-187500.022352	92558.305568	82745.353311	95084.902058	-187500.022352	0.048000	0.998000	0.084000	192.000000	0.000000	0.000000	0.000000	0.000000	0.000000	0.000000	0.000000	0.000000	0.000000	1761332290.637931	0.000000
126.000000	38884.972201	39733.019737	-187500.022352	-187500.022352	92446.233922	82768.621477	94827.789942	-187500.022352	0.044000	1.000000	0.088000	192.000000	1.000000	96.000000	31.000000	64.000000	2.000000	192.000000	0.000000	0.000000	0.000000	1761332290.637947	0.000000
127.000000	38859.111233	39710.310365	-187500.022352	-187500.022352	92635.284976	83075.265059	94915.051152	-187500.022352	0.044000	1.000000	0.088000	192.000000	0.000000	0.000000	0.000000	0.000000	0.000000	0.000000	0.000000	0.000000	0.000000	1761332290.637964	0.000000
128.000000	38821.605005	39658.677835	-187500.022352	-187500.022352	92751.335234	83054.992027	95164.653082	-187500.022352	0.044000	1.000000	0.088000	192.000000	0.000000	0.000000	0.000000	0.000000	0.000000	0.000000	0.000000	0.000000	0.000000	1761332290.637980	0.000000
129.000000	38844.403785	39679.911993	-187500.022352	-187500.022352	92608.686400	82797.902262	95154.348928	-187500.022352	0.044000	1.000000	0.088000	192.000000	0.000000	0.000000	0.000000	0.000000	0.000000	0.000000	0.000000	0.000000	0.000000	1761332290.637997	0.000000
130.000000	38880.926535	39727.856484	-187500.022352	-187500.022352	92461.298998	82751.097709	94893.280553	-187500.022352	0.044000	1.000000	0.088000	192.000000	0.000000	0.000000	0.000000	0.000000	0.000000	0.000000	0.000000	0.000000	0.000000	1761332290.638013	0.000000
131.000000	38860.050006	39709.840978	-187500.022352	-187500.022352	92594.090711	83018.983366	94875.622675	-187500.022352	0.044000	1.000000	0.088000	192.000000	0.000000	0.000000	0.000000	0.000000	0.000000	0.000000	0.000000	0.000000	0.000000	1761332290.638029	0.000000
132.000000	38835.887770	39673.027655	-187500.022352	-187500.022352	92761.818202	83093.571138	95143.955367	-187500.022352	0.044000	1.000000	0.088000	192.000000	0.000000	0.000000	0.000000	0.000000	0.000000	0.000000	0.000000	0.000000	0.000000	1761332290.638045	0.000000
133.000000	38854.439718	39688.897394	-187500.022352	-187500.022352	92649.008947	82836.280207	95181.305132	-187500.022352	0.044000	1.000000	0.088000	192.000000	0.000000	0.000000	0.000000	0.000000	0.000000	0.000000	0.000000	0.000000	0.000000	1761332290.638069	0.000000
134.000000	38883.496986	39726.604787	-187500.022352	-187500.022352	92470.865544	82735.227971	94942.052059	-187500.022352	0.044000	1.000000	0.088000	192.000000	0.000000	0.000000	0.000000	0.000000	0.000000	0.000000	0.000000	0.000000	0.000000	1761332290.638086	0.000000
135.000000	38873.550460	39723.922577	-187500.022352	-187500.022352	92563.178249	82990.216671	94880.629466	-187500.022352	0.044000	1.000000	0.088000	192.000000	0.000000	0.000000	0.000000	0.000000	0.000000	0.000000	0.000000	0.000000	0.000000	1761332290.638102	0.000000
136.000000	38852.226895	39688.785635	-187500.022352	-187500.022352	92755.291492	83125.042394	95126.029268	-187500.022352	0.044000	0.996000	0.096000	192.000000	1.000000	96.000000	31.000000	32.000000	3.000000	0.000000	0.000000	0.000000	0.000000	1761332290.638118	0.000000
137.000000	38865.034445	39697.011077	-187500.022352	-187500.022352	92676.546297	82884.716437	95212.418760	-187500.022352	0.044000	0.996000	0.096000	192.000000	0.000000	0.000000	0.000000	0.000000	0.000000	0.000000	0.000000	0.000000	0.000000	1761332290.638134	0.000000
138.000000	38897.802102	39743.167429	-187500.022352	-187500.022352	92483.427225	82736.591427	95007.609726	-187500.022352	0.044000	0.996000	0.096000	192.000000	0.000000	0.000000	0.000000	0.000000	0.000000	0.000000	0.000000	0.000000	0.000000	1761332290.638150	0.000000
139.000000	38903.747666	39759.260685	-187500.022352	-187500.022352	92515.837254	82930.291644	94853.740317	-187500.022352	0.044000	0.996000	0.096000	192.000000	0.000000	0.000000	0.000000	0.000000	0.000000	0.000000	0.000000	0.000000	0.000000	1761332290.638221	0.000000
140.000000	38865.593239	39710.913862	-187500.022352	-187500.022352	92731.308071	83130.362109	95079.649398	-187500.022352	0.044000	0.996000	0.096000	192.000000	0.000000	0.000000	0.000000	0.000000	0.000000	0.000000	0.000000	0.000000	0.000000	1761332290.638237	0.000000
141.000000	38865.772052	39698.016906	-187500.022352	-187500.022352	92694.003009	82914.399554	95204.126263	-187500.022352	0.044000	0.996000	0.096000	192.000000	0.000000	0.000000	0.000000	0.000000	0.000000	0.000000	0.000000	0.000000	0.000000	1761332290.638253	0.000000
142.000000	38903.993536	39745.492011	-187500.022352	-187500.022352	92500.682771	82727.896598	95036.622290	-187500.022352	0.044000	0.996000	0.096000	192.000000	0.000000	0.000000	0.000000	0.000000	0.000000	0.000000	0.000000	0.000000	0.000000	1761332290.638270	0.000000
143.000000	38912.621309	39767.575534	-187500.022352	-187500.022352	92478.107509	82868.913754	94837.401192	-187500.022352	0.044000	0.996000	0.096000	192.000000	0.000000	0.000000	0.000000	0.000000	0.000000	0.000000	0.000000	0.000000	0.000000	1761332290.638286	0.000000
144.000000	38875.383303	39719.116952	-187500.022352	-187500.022352	92697.176957	83131.144420	95034.431819	-187500.022352	0.044000	0.996000	0.096000	192.000000	0.000000	0.000000	0.000000	0.000000	0.000000	0.000000	0.000000	0.000000	0.000000	1761332290.638302	0.000000
145.000000	38872.857555	39700.341487	-187500.022352	-187500.022352	92714.231338	82973.721084	95207.680191	-187500.022352	0.044000	0.996000	0.096000	192.000000	0.000000	0.000000	0.000000	0.000000	0.000000	0.000000	0.000000	0.000000	0.000000	1761332290.638318	0.000000
146.000000	38885.776864	39719.943967	-187500.022352	-187500.022352	92523.012164	82748.035520	95100.458872	-187500.022352	0.042000	0.990000	0.094000	192.000000	1.000000	80.000000	30.000000	240.000000	2.000000	240.000000	0.000000	0.000000	0.000000	1761332290.638335	0.000000
147.000000	38919.393887	39769.922467	-187500.022352	-187500.022352	92456.359262	82822.802105	94856.176657	-187500.022352	0.042000	0.990000	0.094000	192.000000	0.000000	0.000000	0.000000	0.000000	0.000000	0.000000	0.000000	0.000000	0.000000	1761332290.638352	0.000000
148.000000	38871.516451	39720.413353	-187500.022352	-187500.022352	92659.402509	83111.005498	94993.818700	-187500.022352	0.042000	0.990000	0.094000	192.000000	0.000000	0.000000	0.000000	0.000000	0.000000	0.000000	0.000000	0.000000	0.000000	1761332290.638377	0.000000
149.000000	38845.700186	39676.313362	-187500.022352	-187500.022352	92725.496617	83010.869683	95203.075731	-187500.022352	0.042000	0.990000	0.094000	192.000000	0.000000	0.000000	0.000000	0.000000	0.000000	0.000000	0.000000	0.000000	0.000000	1761332290.638393	0.000000
150.000000	38883.027599	39717.418220	-187500.022352	-187500.022352	92556.986816	82766.252192	95137.875693	-187500.022352	0.042000	0.990000	0.094000	192.000000	0.000000	0.000000	0.000000	0.000000	0.000000	0.000000	0.000000	0.000000	0.000000	1761332290.638409	0.000000
151.000000	38909.804989	39759.417148	-187500.022352	-187500.022352	92438.231997	82773.292991	94877.321407	-187500.022352	0.042000	0.990000	0.094000	192.000000	0.000000	0.000000	0.000000	0.000000	0.000000	0.000000	0.000000	0.000000	0.000000	1761332290.638426	0.000000
152.000000	38872.589335	39724.168447	-187500.022352	-187500.022352	92618.610575	83064.737387	94943.370812	-187500.022352	0.042000	0.990000	0.094000	192.000000	0.000000	0.000000	0.000000	0.000000	0.000000	0.000000	0.000000	0.000000	0.000000	1761332290.638442	0.000000
153.000000	38846.728366	39680.850766	-187500.022352	-187500.022352	92749.412984	83056.310780	95184.233211	-187500.022352	0.042000	0.990000	0.094000	192.000000	0.000000	0.000000	0.000000	0.000000	0.000000	0.000000	0.000000	0.000000	0.000000	1761332290.638458	0.000000
154.000000	38881.842957	39713.596071	-187500.022352	-187500.022352	92606.540633	82796.248233	95166.642388	-187500.022352	0.042000	0.990000	0.094000	192.000000	0.000000	0.000000	0.000000	0.000000	0.000000	0.000000	0.000000	0.000000	0.000000	1761332290.638474	0.000000
155.000000	38915.325870	39761.406453	-187500.022352	-187500.022352	92457.119221	82745.666235	94905.797530	-187500.022352	0.042000	0.990000	0.094000	192.000000	0.000000	0.000000	0.000000	0.000000	0.000000	0.000000	0.000000	0.000000	0.000000	1761332290.638490	0.000000
156.000000	38890.962469	39742.027490	-187500.022352	-187500.022352	92581.439624	83008.455695	94870.370015	-187500.022352	0.044000	0.990000	0.092000	192.000000	1.000000	96.000000	30.000000	240.000000	2.000000	224.000000	0.000000	0.000000	0.000000	1761332290.638516	0.000000
157.000000	38848.136526	39684.427045	-187500.022352	-187500.022352	92757.549019	83097.840321	95145.877617	-187500.022352	0.044000	0.990000	0.092000	192.000000	0.000000	0.000000	0.000000	0.000000	0.000000	0.000000	0.000000	0.000000	0.000000	1761332290.638533	0.000000
158.000000	38874.578640	39709.572757	-187500.022352	-187500.022352	92650.618273	82832.547466	95172.833821	-187500.022352	0.044000	0.990000	0.092000	192.000000	0.000000	0.000000	0.000000	0.000000	0.000000	0.000000	0.000000	0.000000	0.000000	1761332290.638549	0.000000
159.000000	38907.927443	39757.181973	-187500.022352	-187500.022352	92471.357283	82731.361119	94940.018051	-187500.022352	0.044000	0.990000	0.092000	192.000000	0.000000	0.000000	0.000000	0.000000	0.000000	0.000000	0.000000	0.000000	0.000000	1761332290.638566	0.000000
160.000000	38882.848785	39737.780659	-187500.022352	-187500.022352	92547.464972	82967.730816	94858.545942	-187500.022352	0.044000	0.990000	0.092000	192.000000	0.000000	0.000000	0.000000	0.000000	0.000000	0.000000	0.000000	0.000000	0.000000	1761332290.638582	0.000000
161.000000	38850.192887	39694.775903	-187500.022352	-187500.022352	92751.223475	83120.147362	95105.242146	-187500.022352	0.044000	0.990000	0.092000	192.000000	0.000000	0.000000	0.000000	0.000000	0.000000	0.000000	0.000000	0.000000	0.000000	1761332290.638598	0.000000
162.000000	38861.569925	39698.128664	-187500.022352	-187500.022352	92682.581268	82884.694086	95190.223478	-187500.022352	0.044000	0.990000	0.092000	192.000000	0.000000	0.000000	0.000000	0.000000	0.000000	0.000000	0.000000	0.000000	0.000000	1761332290.638614	0.000000
163.000000	38898.606765	39740.194647	-187500.022352	-187500.022352	92485.662399	82725.572017	94985.325037	-187500.022352	0.044000	0.990000	0.092000	192.000000	0.000000	0.000000	0.000000	0.000000	0.000000	0.000000	0.000000	0.000000	0.000000	1761332290.638639	0.000000
164.000000	38897.422123	39748.621255	-187500.022352	-187500.022352	92497.866451	82894.305336	94803.001857	-187500.022352	0.044000	0.990000	0.092000	192.000000	0.000000	0.000000	0.000000	0.000000	0.000000	0.000000	0.000000	0.000000	0.000000	1761332290.638655	0.000000
165.000000	38854.730291	39695.111179	-187500.022352	-187500.022352	92723.037925	83117.822780	95033.783619	-187500.022352	0.044000	0.990000	0.092000	192.000000	0.000000	0.000000	0.000000	0.000000	0.000000	0.000000	0.000000	0.000000	0.000000	1761332290.638672	0.000000
166.000000	38863.715692	39693.635964	-187500.022352	-187500.022352	92710.498596	82923.295548	95176.521859	-187500.022352	0.048000	0.988000	0.084000	192.000000	1.000000	128.000000	30.000000	224.000000	2.000000	160.000000	0.000000	0.000000	0.000000	1761332290.638688	0.000000
167.000000	38897.757399	39736.663072	-187500.022352	-187500.022352	92516.418399	82730.109421	95016.662182	-187500.022352	0.048000	0.988000	0.084000	192.000000	0.000000	0.000000	0.000000	0.000000	0.000000	0.000000	0.000000	0.000000	0.000000	1761332290.638705	0.000000
168.000000	38894.069361	39744.128554	-187500.022352	-187500.022352	92480.096815	82853.781623	94814.781226	-187500.022352	0.048000	0.988000	0.084000	192.000000	0.000000	0.000000	0.000000	0.000000	0.000000	0.000000	0.000000	0.000000	0.000000	1761332290.638723	0.000000
169.000000	38855.199677	39700.453246	-187500.022352	-187500.022352	92689.622067	83115.162923	94988.968371	-187500.022352	0.048000	0.988000	0.084000	192.000000	0.000000	0.000000	0.000000	0.000000	0.000000	0.000000	0.000000	0.000000	0.000000	1761332290.638739	0.000000
170.000000	38848.047119	39677.386245	-187500.022352	-187500.022352	92725.541321	82966.948505	95164.273103	-187500.022352	0.048000	0.988000	0.084000	192.000000	0.000000	0.000000	0.000000	0.000000	0.000000	0.000000	0.000000	0.000000	0.000000	1761332290.638755	0.000000
171.000000	38873.304590	39709.393943	-187500.022352	-187500.022352	92541.318243	82738.759546	95058.392889	-187500.022352	0.048000	0.988000	0.084000	192.000000	0.000000	0.000000	0.000000	0.000000	0.000000	0.000000	0.000000	0.000000	0.000000	1761332290.638772	0.000000
172.000000	38888.056742	39737.110107	-187500.022352	-187500.022352	92460.092003	82801.813817	94820.816197	-187500.022352	0.048000	0.988000	0.084000	192.000000	0.000000	0.000000	0.000000	0.000000	0.000000	0.000000	0.000000	0.000000	0.000000	1761332290.638788	0.000000
173.000000	38861.391111	39709.349240	-187500.022352	-187500.022352	92666.420956	83096.365106	94944.398993	-187500.022352	0.048000	0.988000	0.084000	192.000000	0.000000	0.000000	0.000000	0.000000	0.000000	0.000000	0.000000	0.000000	0.000000	1761332290.638804	0.000000
174.000000	38850.997549	39684.427045	-187500.022352	-187500.022352	92756.967873	83032.550875	95169.436356	-187500.022352	0.048000	0.988000	0.084000	192.000000	0.000000	0.000000	0.000000	0.000000	0.000000	0.000000	0.000000	0.000000	0.000000	1761332290.638821	0.000000
175.000000	38870.331808	39705.951775	-187500.022352	-187500.022352	92586.535822	82781.496082	95117.580309	-187500.022352	0.048000	0.988000	0.084000	192.000000	0.000000	0.000000	0.000000	0.000000	0.000000	0.000000	0.000000	0.000000	0.000000	1761332290.638838	0.000000
176.000000	38891.990649	39736.037223	-187500.022352	-187500.022352	92448.379689	82763.212355	94845.067840	-187500.022352	0.046000	0.996000	0.084000	192.000000	1.000000	112.000000	31.000000	32.000000	2.000000	160.000000	0.000000	0.000000	0.000000	1761332290.638854	0.000000
177.000000	38860.921724	39705.415333	-187500.022352	-187500.022352	92611.256851	83047.101861	94884.876297	-187500.022352	0.046000	0.996000	0.084000	192.000000	0.000000	0.000000	0.000000	0.000000	0.000000	0.000000	0.000000	0.000000	0.000000	1761332290.638871	0.000000
178.000000	38840.201657	39672.312399	-187500.022352	-187500.022352	92749.748260	83061.675198	95127.146855	-187500.022352	0.046000	0.996000	0.084000	192.000000	0.000000	0.000000	0.000000	0.000000	0.000000	0.000000	0.000000	0.000000	0.000000	1761332290.638887	0.000000
179.000000	38853.053910	39688.048028	-187500.022352	-187500.022352	92618.275299	82813.615538	95143.888312	-187500.022352	0.046000	0.996000	0.084000	192.000000	0.000000	0.000000	0.000000	0.000000	0.000000	0.000000	0.000000	0.000000	0.000000	1761332290.638912	0.000000
180.000000	38891.431855	39744.285017	-187500.022352	-187500.022352	92462.103660	82754.785747	94899.002600	-187500.022352	0.046000	0.996000	0.084000	192.000000	0.000000	0.000000	0.000000	0.000000	0.000000	0.000000	0.000000	0.000000	0.000000	1761332290.638929	0.000000
181.000000	38876.702056	39734.360842	-187500.022352	-187500.022352	92576.119909	83011.093201	94851.013404	-187500.022352	0.046000	0.996000	0.084000	192.000000	0.000000	0.000000	0.000000	0.000000	0.000000	0.000000	0.000000	0.000000	0.000000	1761332291.116936	0.000000
182.000000	38839.754622	39678.906164	-187500.022352	-187500.022352	92747.691899	83095.046353	95091.987561	-187500.022352	0.046000	0.996000	0.084000	192.000000	0.000000	0.000000	0.000000	0.000000	0.000000	0.000000	0.000000	0.000000	0.000000	1761332291.116990	0.000000
183.000000	38848.762375	39679.822586	-187500.022352	-187500.022352	92645.432668	82833.329777	95136.199312	-187500.022352	0.046000	0.996000	0.084000	192.000000	0.000000	0.000000	0.000000	0.000000	0.000000	0.000000	0.000000	0.000000	0.000000	1761332291.117010	0.000000
184.000000	38878.043160	39721.374479	-187500.022352	-187500.022352	92460.963721	82719.179418	94913.710047	-187500.022352	0.046000	0.996000	0.084000	192.000000	0.000000	0.000000	0.000000	0.000000	0.000000	0.000000	0.000000	0.000000	0.000000	1761332291.117028	0.000000
185.000000	38878.400788	39730.985729	-187500.022352	-187500.022352	92523.660365	82933.085612	94794.329380	-187500.022352	0.046000	0.996000	0.084000	192.000000	0.000000	0.000000	0.000000	0.000000	0.000000	0.000000	0.000000	0.000000	0.000000	1761332291.117046	0.000000
186.000000	38830.188075	39670.546612	-187500.022352	-187500.022352	92728.581158	83104.992879	95051.240331	-187500.022352	0.046000	0.998000	0.076000	192.000000	1.000000	112.000000	31.000000	48.000000	2.000000	96.000000	0.000000	0.000000	0.000000	1761332291.117082	0.000000
187.000000	38849.365872	39684.270583	-187500.022352	-187500.022352	92672.500631	82878.569708	95154.237170	-187500.022352	0.046000	0.998000	0.076000	192.000000	0.000000	0.000000	0.000000	0.000000	0.000000	0.000000	0.000000	0.000000	0.000000	1761332291.117101	0.000000
188.000000	38887.944983	39737.355976	-187500.022352	-187500.022352	92485.505937	82722.442773	94971.690473	-187500.022352	0.046000	0.998000	0.076000	192.000000	0.000000	0.000000	0.000000	0.000000	0.000000	0.000000	0.000000	0.000000	0.000000	1761332291.117119	0.000000
189.000000	38888.012038	39748.017758	-187500.022352	-187500.022352	92487.919925	82879.329667	94788.361465	-187500.022352	0.046000	0.998000	0.076000	192.000000	0.000000	0.000000	0.000000	0.000000	0.000000	0.000000	0.000000	0.000000	0.000000	1761332291.117136	0.000000
190.000000	38847.778898	39699.827397	-187500.022352	-187500.022352	92708.174015	83113.397135	95008.973182	-187500.022352	0.046000	0.998000	0.076000	192.000000	0.000000	0.000000	0.000000	0.000000	0.000000	0.000000	0.000000	0.000000	0.000000	1761332291.117153	0.000000
191.000000	38847.533029	39687.444530	-187500.022352	-187500.022352	92702.407265	82931.029252	95160.607417	-187500.022352	0.046000	0.998000	0.076000	192.000000	0.000000	0.000000	0.000000	0.000000	0.000000	0.000000	0.000000	0.000000	0.000000	1761332291.117170	0.000000
192.000000	38879.093692	39724.481371	-187500.022352	-187500.022352	92496.368885	82708.182360	94990.845918	-187500.022352	0.046000	0.998000	0.076000	192.000000	0.000000	0.000000	0.000000	0.000000	0.000000	0.000000	0.000000	0.000000	0.000000	1761332291.117187	0.000000
193.000000	38884.592221	39741.558104	-187500.022352	-187500.022352	92444.177561	82811.223902	94763.215752	-187500.022352	0.046000	0.998000	0.076000	192.000000	0.000000	0.000000	0.000000	0.000000	0.000000	0.000000	0.000000	0.000000	0.000000	1761332291.117204	0.000000
194.000000	38851.869267	39705.303574	-187500.022352	-187500.022352	92670.399567	83100.097847	94957.452411	-187500.022352	0.046000	0.998000	0.076000	192.000000	0.000000	0.000000	0.000000	0.000000	0.000000	0.000000	0.000000	0.000000	0.000000	1761332291.117270	0.000000
195.000000	38846.169573	39688.517414	-187500.022352	-187500.022352	92718.902852	82981.588898	95159.623940	-187500.022352	0.046000	0.998000	0.076000	192.000000	0.000000	0.000000	0.000000	0.000000	0.000000	0.000000	0.000000	0.000000	0.000000	1761332291.117287	0.000000
196.000000	38865.794404	39710.869159	-187500.022352	-187500.022352	92528.533045	82738.938360	95056.560046	-187500.022352	0.044000	0.998000	0.076000	192.000000	1.000000	96.000000	31.000000	48.000000	2.000000	96.000000	0.000000	0.000000	0.000000	1761332291.117304	0.000000
197.000000	38890.224861	39748.956531	-187500.022352	-187500.022352	92432.264082	82774.164709	94794.888174	-187500.022352	0.044000	0.998000	0.076000	192.000000	0.000000	0.000000	0.000000	0.000000	0.000000	0.000000	0.000000	0.000000	0.000000	1761332291.117322	0.000000
198.000000	38860.273523	39718.267586	-187500.022352	-187500.022352	92625.941947	83065.184422	94892.565297	-187500.022352	0.044000	0.998000	0.076000	192.000000	0.000000	0.000000	0.000000	0.000000	0.000000	0.000000	0.000000	0.000000	0.000000	1761332291.117339	0.000000
199.000000	38841.833334	39685.254059	-187500.022352	-187500.022352	92719.640460	83007.874549	95107.633782	-187500.022352	0.044000	0.998000	0.076000	192.000000	0.000000	0.000000	0.000000	0.000000	0.000000	0.000000	0.000000	0.000000	0.000000	1761332291.117356	0.000000
200.000000	38865.190907	39713.908996	-187500.022352	-187500.022352	92573.482403	82774.097654	95086.019645	-187500.022352	0.044000	0.998000	0.076000	192.000000	0.000000	0.000000	0.000000	0.000000	0.000000	0.000000	0.000000	0.000000	0.000000	1761332291.117373	0.000000
201.000000	38887.587355	39743.010967	-187500.022352	-187500.022352	92434.096925	82754.673988	94837.490599	-187500.022352	0.044000	0.998000	0.076000	192.000000	0.000000	0.000000	0.000000	0.000000	0.000000	0.000000	0.000000	0.000000	0.000000	1761332291.117390	0.000000
202.000000	38872.924611	39731.008080	-187500.022352	-187500.022352	92585.977028	83020.436230	94843.100887	-187500.022352	0.044000	0.998000	0.076000	192.000000	0.000000	0.000000	0.000000	0.000000	0.000000	0.000000	0.000000	0.000000	0.000000	1761332291.117406	0.000000
203.000000	38851.176363	39697.346353	-187500.022352	-187500.022352	92736.068992	83048.800593	95082.845698	-187500.022352	0.044000	0.998000	0.076000	192.000000	0.000000	0.000000	0.000000	0.000000	0.000000	0.000000	0.000000	0.000000	0.000000	1761332291.117423	0.000000
204.000000	38867.247268	39714.221920	-187500.022352	-187500.022352	92620.130494	82808.765210	95112.998201	-187500.022352	0.044000	0.998000	0.076000	192.000000	0.000000	0.000000	0.000000	0.000000	0.000000	0.000000	0.000000	0.000000	0.000000	1761332291.117440	0.000000
205.000000	38890.381323	39752.152831	-187500.022352	-187500.022352	92453.855867	82733.663348	94869.274779	-187500.022352	0.044000	0.998000	0.076000	192.000000	0.000000	0.000000	0.000000	0.000000	0.000000	0.000000	0.000000	0.000000	0.000000	1761332291.117457	0.000000
206.000000	38873.058721	39738.853543	-187500.022352	-187500.022352	92557.769127	82980.136035	94810.847319	-187500.022352	0.036000	0.998000	0.070000	192.000000	1.000000	32.000000	31.000000	48.000000	2.000000	48.000000	0.000000	0.000000	0.000000	1761332291.117474	0.000000
207.000000	38846.884828	39695.826435	-187500.022352	-187500.022352	92739.712326	83085.770379	95057.007081	-187500.022352	0.036000	0.998000	0.070000	192.000000	0.000000	0.000000	0.000000	0.000000	0.000000	0.000000	0.000000	0.000000	0.000000	1761332291.117492	0.000000
208.000000	38848.203581	39693.635964	-187500.022352	-187500.022352	92639.062421	82834.089736	95118.653192	-187500.022352	0.036000	0.998000	0.070000	192.000000	0.000000	0.000000	0.000000	0.000000	0.000000	0.000000	0.000000	0.000000	0.000000	1761332291.117509	0.000000
209.000000	38888.637887	39746.631950	-187500.022352	-187500.022352	92471.491393	82721.816924	94910.044361	-187500.022352	0.036000	0.998000	0.070000	192.000000	0.000000	0.000000	0.000000	0.000000	0.000000	0.000000	0.000000	0.000000	0.000000	1761332291.117536	0.000000
210.000000	38892.124759	39754.633874	-187500.022352	-187500.022352	92520.888748	82931.051604	94783.555839	-187500.022352	0.036000	0.998000	0.070000	192.000000	0.000000	0.000000	0.000000	0.000000	0.000000	0.000000	0.000000	0.000000	0.000000	1761332291.117553	0.000000
211.000000	38846.080166	39691.803121	-187500.022352	-187500.022352	92717.405286	83105.797542	95016.081037	-187500.022352	0.036000	0.998000	0.070000	192.000000	0.000000	0.000000	0.000000	0.000000	0.000000	0.000000	0.000000	0.000000	0.000000	1761332291.117570	0.000000
212.000000	38850.170535	39690.841996	-187500.022352	-187500.022352	92675.495765	82904.900063	95159.355719	-187500.022352	0.036000	0.998000	0.070000	192.000000	0.000000	0.000000	0.000000	0.000000	0.000000	0.000000	0.000000	0.000000	0.000000	1761332291.117586	0.000000
213.000000	38898.405599	39752.331645	-187500.022352	-187500.022352	92487.383483	82738.714843	94983.827470	-187500.022352	0.036000	0.998000	0.070000	192.000000	0.000000	0.000000	0.000000	0.000000	0.000000	0.000000	0.000000	0.000000	0.000000	1761332291.117608	0.000000
214.000000	38904.977012	39765.340360	-187500.022352	-187500.022352	92487.539946	82896.808731	94809.148587	-187500.022352	0.036000	0.998000	0.070000	192.000000	0.000000	0.000000	0.000000	0.000000	0.000000	0.000000	0.000000	0.000000	0.000000	1761332291.117625	0.000000
215.000000	38864.587410	39714.892473	-187500.022352	-187500.022352	92706.072951	83130.809144	95017.802121	-187500.022352	0.036000	0.998000	0.070000	192.000000	0.000000	0.000000	0.000000	0.000000	0.000000	0.000000	0.000000	0.000000	0.000000	1761332291.117642	0.000000
216.000000	38855.266733	39694.485330	-187500.022352	-187500.022352	92701.446140	82941.087537	95154.170114	-187500.022352	0.044000	1.002000	0.068000	192.000000	1.000000	96.000000	31.000000	80.000000	2.000000	32.000000	0.000000	0.000000	0.000000	1761332291.117659	0.000000
217.000000	38878.758416	39729.666976	-187500.022352	-187500.022352	92513.155045	82733.417479	95021.646621	-187500.022352	0.044000	1.002000	0.068000	192.000000	0.000000	0.000000	0.000000	0.000000	0.000000	0.000000	0.000000	0.000000	0.000000	1761332291.117677	0.000000
218.000000	38901.624251	39769.587191	-187500.022352	-187500.022352	92481.147347	82859.458966	94831.813256	-187500.022352	0.044000	1.002000	0.068000	192.000000	0.000000	0.000000	0.000000	0.000000	0.000000	0.000000	0.000000	0.000000	0.000000	1761332291.117694	0.000000
219.000000	38865.280314	39723.453191	-187500.022352	-187500.022352	92692.885422	83137.291150	94989.236592	-187500.022352	0.044000	1.002000	0.068000	192.000000	0.000000	0.000000	0.000000	0.000000	0.000000	0.000000	0.000000	0.000000	0.000000	1761332291.117711	0.000000
220.000000	38847.242456	39690.573775	-187500.022352	-187500.022352	92743.042736	83020.771506	95182.154498	-187500.022352	0.044000	1.002000	0.068000	192.000000	0.000000	0.000000	0.000000	0.000000	0.000000	0.000000	0.000000	0.000000	0.000000	1761332291.117727	0.000000
221.000000	38869.393035	39719.519284	-187500.022352	-187500.022352	92562.574752	82779.015038	95101.867032	-187500.022352	0.044000	1.002000	0.068000	192.000000	0.000000	0.000000	0.000000	0.000000	0.000000	0.000000	0.000000	0.000000	0.000000	1761332291.117744	0.000000
222.000000	38912.688364	39778.706703	-187500.022352	-187500.022352	92467.088099	82813.615538	94847.884160	-187500.022352	0.044000	1.002000	0.068000	192.000000	0.000000	0.000000	0.000000	0.000000	0.000000	0.000000	0.000000	0.000000	0.000000	1761332291.117761	0.000000
223.000000	38870.018884	39728.057650	-187500.022352	-187500.022352	92640.291767	83088.407885	94921.734324	-187500.022352	0.044000	1.002000	0.068000	192.000000	0.000000	0.000000	0.000000	0.000000	0.000000	0.000000	0.000000	0.000000	0.000000	1761332291.117778	0.000000
224.000000	38840.916913	39680.336676	-187500.022352	-187500.022352	92748.876542	83057.718940	95168.609341	-187500.022352	0.044000	1.002000	0.068000	192.000000	0.000000	0.000000	0.000000	0.000000	0.000000	0.000000	0.000000	0.000000	0.000000	1761332291.117795	0.000000
225.000000	38859.491212	39702.621365	-187500.022352	-187500.022352	92597.890508	82818.376460	95156.695861	-187500.022352	0.044000	1.002000	0.068000	192.000000	0.000000	0.000000	0.000000	0.000000	0.000000	0.000000	0.000000	0.000000	0.000000	1761332291.117820	0.000000
226.000000	38891.342448	39751.147002	-187500.022352	-187500.022352	92446.971529	82776.019904	94889.436053	-187500.022352	0.036000	1.004000	0.068000	192.000000	1.000000	32.000000	31.000000	96.000000	2.000000	32.000000	0.000000	0.000000	0.000000	1761332291.117837	0.000000
227.000000	38881.150053	39743.435650	-187500.022352	-187500.022352	92584.457110	83025.353614	94855.975492	-187500.022352	0.036000	1.004000	0.068000	192.000000	0.000000	0.000000	0.000000	0.000000	0.000000	0.000000	0.000000	0.000000	0.000000	1761332291.117855	0.000000
228.000000	38859.938247	39707.494045	-187500.022352	-187500.022352	92755.000920	83087.156187	95115.233375	-187500.022352	0.036000	1.004000	0.068000	192.000000	0.000000	0.000000	0.000000	0.000000	0.000000	0.000000	0.000000	0.000000	0.000000	1761332291.117872	0.000000
229.000000	38885.508643	39731.857447	-187500.022352	-187500.022352	92644.091564	82853.356940	95159.512181	-187500.022352	0.036000	1.004000	0.068000	192.000000	0.000000	0.000000	0.000000	0.000000	0.000000	0.000000	0.000000	0.000000	0.000000	1761332291.117888	0.000000
230.000000	38904.015887	39762.255819	-187500.022352	-187500.022352	92468.764480	82767.034503	94924.036553	-187500.022352	0.036000	1.004000	0.068000	192.000000	0.000000	0.000000	0.000000	0.000000	0.000000	0.000000	0.000000	0.000000	0.000000	1761332291.117905	0.000000
231.000000	38890.560137	39754.410357	-187500.022352	-187500.022352	92564.228781	83002.778352	94852.399212	-187500.022352	0.036000	1.004000	0.068000	192.000000	0.000000	0.000000	0.000000	0.000000	0.000000	0.000000	0.000000	0.000000	0.000000	1761332291.117922	0.000000
232.000000	38848.918837	39698.754513	-187500.022352	-187500.022352	92746.462553	83117.219283	95090.042959	-187500.022352	0.036000	1.004000	0.068000	192.000000	0.000000	0.000000	0.000000	0.000000	0.000000	0.000000	0.000000	0.000000	0.000000	1761332291.117939	0.000000
233.000000	38858.239515	39705.772961	-187500.022352	-187500.022352	92677.596829	82891.801940	95180.187545	-187500.022352	0.036000	1.004000	0.068000	192.000000	0.000000	0.000000	0.000000	0.000000	0.000000	0.000000	0.000000	0.000000	0.000000	1761332291.117956	0.000000
234.000000	38891.767131	39747.503668	-187500.022352	-187500.022352	92497.307658	82757.736177	94970.483478	-187500.022352	0.036000	1.004000	0.068000	192.000000	0.000000	0.000000	0.000000	0.000000	0.000000	0.000000	0.000000	0.000000	0.000000	1761332291.117973	0.000000
235.000000	38892.772960	39755.662054	-187500.022352	-187500.022352	92526.342574	82936.661892	94809.975601	-187500.022352	0.036000	1.004000	0.068000	192.000000	0.000000	0.000000	0.000000	0.000000	0.000000	0.000000	0.000000	0.000000	0.000000	1761332291.117990	0.000000
236.000000	38857.613666	39708.969260	-187500.022352	-187500.022352	92737.521856	83127.076403	95037.918691	-187500.022352	0.040000	1.004000	0.064000	192.000000	1.000000	64.000000	31.000000	96.000000	2.000000	0.000000	0.000000	0.000000	0.000000	1761332291.118006	0.000000
237.000000	38849.812907	39689.187966	-187500.022352	-187500.022352	92706.229413	82931.543342	95179.896972	-187500.022352	0.040000	1.004000	0.064000	192.000000	0.000000	0.000000	0.000000	0.000000	0.000000	0.000000	0.000000	0.000000	0.000000	1761332291.118024	0.000000
238.000000	38869.527146	39717.731144	-187500.022352	-187500.022352	92523.772123	82774.768206	95050.838000	-187500.022352	0.040000	1.004000	0.064000	192.000000	0.000000	0.000000	0.000000	0.000000	0.000000	0.000000	0.000000	0.000000	0.000000	1761332291.118040	0.000000
239.000000	38872.254058	39729.197589	-187500.022352	-187500.022352	92496.570050	82884.939955	94831.254462	-187500.022352	0.040000	1.004000	0.064000	192.000000	0.000000	0.000000	0.000000	0.000000	0.000000	0.000000	0.000000	0.000000	0.000000	1761332291.118073	0.000000
240.000000	38845.051985	39697.592222	-187500.022352	-187500.022352	92714.588966	83128.775135	95017.846825	-187500.022352	0.040000	1.004000	0.064000	192.000000	0.000000	0.000000	0.000000	0.000000	0.000000	0.000000	0.000000	0.000000	0.000000	1761332291.118100	0.000000
241.000000	38851.869267	39694.530033	-187500.022352	-187500.022352	92739.488809	82984.829901	95195.945525	-187500.022352	0.040000	1.004000	0.064000	192.000000	0.000000	0.000000	0.000000	0.000000	0.000000	0.000000	0.000000	0.000000	0.000000	1761332291.118118	0.000000
242.000000	38865.347369	39710.332717	-187500.022352	-187500.022352	92542.435830	82770.588430	95076.430747	-187500.022352	0.040000	1.004000	0.064000	192.000000	0.000000	0.000000	0.000000	0.000000	0.000000	0.000000	0.000000	0.000000	0.000000	1761332291.118134	0.000000
243.000000	38890.180157	39748.129517	-187500.022352	-187500.022352	92474.710044	82844.080966	94836.663584	-187500.022352	0.040000	1.004000	0.064000	192.000000	0.000000	0.000000	0.000000	0.000000	0.000000	0.000000	0.000000	0.000000	0.000000	1761332291.118152	0.000000
244.000000	38860.206468	39714.154865	-187500.022352	-187500.022352	92677.730939	83112.145437	94965.431984	-187500.022352	0.040000	1.004000	0.064000	192.000000	0.000000	0.000000	0.000000	0.000000	0.000000	0.000000	0.000000	0.000000	0.000000	1761332291.118169	0.000000
245.000000	38851.310474	39690.797292	-187500.022352	-187500.022352	92759.448917	83036.171858	95197.778368	-187500.022352	0.040000	1.004000	0.064000	192.000000	0.000000	0.000000	0.000000	0.000000	0.000000	0.000000	0.000000	0.000000	0.000000	1761332291.118186	0.000000
246.000000	38864.006265	39705.728257	-187500.022352	-187500.022352	92585.641752	82805.658317	95143.955367	-187500.022352	0.044000	1.004000	0.072000	192.000000	1.000000	96.000000	31.000000	96.000000	2.000000	64.000000	0.000000	0.000000	0.000000	1761332291.118202	0.000000
247.000000	38878.825471	39730.516342	-187500.022352	-187500.022352	92455.979282	82790.861462	94865.184410	-187500.022352	0.044000	1.004000	0.072000	192.000000	0.000000	0.000000	0.000000	0.000000	0.000000	0.000000	0.000000	0.000000	0.000000	1761332291.118220	0.000000
248.000000	38865.392073	39725.375441	-187500.022352	-187500.022352	92641.677575	83072.694608	94927.836350	-187500.022352	0.044000	1.004000	0.072000	192.000000	0.000000	0.000000	0.000000	0.000000	0.000000	0.000000	0.000000	0.000000	0.000000	1761332291.118237	0.000000
249.000000	38834.814886	39678.906164	-187500.022352	-187500.022352	92772.815260	83081.188271	95194.760882	-187500.022352	0.044000	1.004000	0.072000	192.000000	0.000000	0.000000	0.000000	0.000000	0.000000	0.000000	0.000000	0.000000	0.000000	1761332291.118254	0.000000
250.000000	38850.751680	39691.825472	-187500.022352	-187500.022352	92634.323851	82845.980864	95205.556775	-187500.022352	0.044000	1.004000	0.072000	192.000000	0.000000	0.000000	0.000000	0.000000	0.000000	0.000000	0.000000	0.000000	0.000000	1761332291.118271	0.000000
251.000000	38888.101445	39744.307368	-187500.022352	-187500.022352	92476.073501	82787.419294	94933.893673	-187500.022352	0.044000	1.004000	0.072000	192.000000	0.000000	0.000000	0.000000	0.000000	0.000000	0.000000	0.000000	0.000000	0.000000	1761332291.118288	0.000000
252.000000	38842.816811	39694.038295	-187500.022352	-187500.022352	92585.529993	83013.216616	94890.531288	-187500.022352	0.044000	1.004000	0.072000	192.000000	0.000000	0.000000	0.000000	0.000000	0.000000	0.000000	0.000000	0.000000	0.000000	1761332291.118305	0.000000
253.000000	38824.398974	39664.824565	-187500.022352	-187500.022352	92767.920228	83096.990955	95165.122469	-187500.022352	0.044000	1.004000	0.072000	192.000000	0.000000	0.000000	0.000000	0.000000	0.000000	0.000000	0.000000	0.000000	0.000000	1761332291.118322	0.000000
254.000000	38842.436831	39680.023751	-187500.022352	-187500.022352	92668.164392	82873.495862	95224.265185	-187500.022352	0.044000	1.004000	0.072000	192.000000	0.000000	0.000000	0.000000	0.000000	0.000000	0.000000	0.000000	0.000000	0.000000	1761332291.118339	0.000000
255.000000	38859.535916	39705.884720	-187500.022352	-187500.022352	92476.565239	82759.278448	94976.674912	-187500.022352	0.044000	1.004000	0.072000	192.000000	0.000000	0.000000	0.000000	0.000000	0.000000	0.000000	0.000000	0.000000	0.000000	1761332291.118365	0.000000
0.000000	38862.151070	39720.927444	-187500.022352	-187500.022352	92550.817734	82968.982514	94872.269913	-187500.022352	0.046000	0.998000	0.068000	192.000000	1.000000	112.000000	31.000000	48.000000	2.000000	32.000000	0.000000	0.000000	0.000000	1761332291.118382	0.000000
1.000000	38826.231817	39673.094710	-187500.022352	-187500.022352	92736.001937	83099.673164	95099.698913	-187500.022352	0.046000	0.998000	0.068000	192.000000	0.000000	0.000000	0.000000	0.000000	0.000000	0.000000	0.000000	0.000000	0.000000	1761332291.118401	0.000000
2.000000	38838.122945	39679.040275	-187500.022352	-187500.022352	92673.551163	82893.210100	95205.646182	-187500.022352	0.046000	0.998000	0.068000	192.000000	0.000000	0.000000	0.000000	0.000000	0.000000	0.000000	0.000000	0.000000	0.000000	1761332291.118418	0.000000
3.000000	38882.468806	39739.367633	-187500.022352	-187500.022352	92511.098684	82774.276468	95031.146113	-187500.022352	0.046000	0.998000	0.068000	192.000000	0.000000	0.000000	0.000000	0.000000	0.000000	0.000000	0.000000	0.000000	0.000000	1761332291.118435	0.000000
4.000000	38872.701093	39731.857447	-187500.022352	-187500.022352	92513.222100	82913.974871	94837.535302	-187500.022352	0.046000	0.998000	0.068000	192.000000	0.000000	0.000000	0.000000	0.000000	0.000000	0.000000	0.000000	0.000000	0.000000	1761332291.118452	0.000000
5.000000	38833.205561	39679.442606	-187500.022352	-187500.022352	92705.827082	83097.147417	95029.737953	-187500.022352	0.046000	0.998000	0.068000	192.000000	0.000000	0.000000	0.000000	0.000000	0.000000	0.000000	0.000000	0.000000	0.000000	1761332291.118468	0.000000
6.000000	38825.985947	39661.583562	-187500.022352	-187500.022352	92692.706608	82931.856266	95195.476138	-187500.022352	0.046000	0.998000	0.068000	192.000000	0.000000	0.000000	0.000000	0.000000	0.000000	0.000000	0.000000	0.000000	0.000000	1761332291.118485	0.000000
7.000000	38856.004340	39700.028563	-187500.022352	-187500.022352	92508.908213	82766.542764	95052.626139	-187500.022352	0.046000	0.998000	0.068000	192.000000	0.000000	0.000000	0.000000	0.000000	0.000000	0.000000	0.000000	0.000000	0.000000	1761332291.118502	0.000000
8.000000	38863.827451	39713.506664	-187500.022352	-187500.022352	92466.551658	82850.831193	94807.203985	-187500.022352	0.046000	0.998000	0.068000	192.000000	0.000000	0.000000	0.000000	0.000000	0.000000	0.000000	0.000000	0.000000	0.000000	1761332291.118519	0.000000
9.000000	38826.790610	39670.345446	-187500.022352	-187500.022352	92677.887401	83088.094960	94973.836240	-187500.022352	0.046000	0.998000	0.068000	192.000000	0.000000	0.000000	0.000000	0.000000	0.000000	0.000000	0.000000	0.000000	0.000000	1761332291.118536	0.000000
10.000000	38840.939264	39680.694304	-187500.022352	-187500.022352	92730.548111	82985.120474	95187.094234	-187500.022352	0.064000	1.002000	0.076000	192.000000	2.000000	0.000000	31.000000	80.000000	2.000000	96.000000	0.000000	0.000000	0.000000	1761332291.118553	0.000000
11.000000	38862.151070	39705.504740	-187500.022352	-187500.022352	92545.743888	82781.607840	95088.366579	-187500.022352	0.064000	1.002000	0.076000	192.000000	0.000000	0.000000	0.000000	0.000000	0.000000	0.000000	0.000000	0.000000	0.000000	1761332291.118570	0.000000
12.000000	38896.259832	39752.331645	-187500.022352	-187500.022352	92463.087137	82828.121820	94828.147570	-187500.022352	0.064000	1.002000	0.076000	192.000000	0.000000	0.000000	0.000000	0.000000	0.000000	0.000000	0.000000	0.000000	0.000000	1761332291.118587	0.000000
13.000000	38858.843012	39711.204435	-187500.022352	-187500.022352	92651.691157	83082.350562	94919.566204	-187500.022352	0.064000	1.002000	0.076000	192.000000	0.000000	0.000000	0.000000	0.000000	0.000000	0.000000	0.000000	0.000000	0.000000	1761332291.118604	0.000000
14.000000	38842.034500	39678.347370	-187500.022352	-187500.022352	92746.529609	83036.775355	95159.288664	-187500.022352	0.064000	1.002000	0.076000	192.000000	0.000000	0.000000	0.000000	0.000000	0.000000	0.000000	0.000000	0.000000	0.000000	1761332291.118622	0.000000
15.000000	38875.293896	39709.460999	-187500.022352	-187500.022352	92590.603839	82816.476562	95117.915585	-187500.022352	0.064000	1.002000	0.076000	192.000000	0.000000	0.000000	0.000000	0.000000	0.000000	0.000000	0.000000	0.000000	0.000000	1761332291.118648	0.000000
16.000000	38900.216091	39743.435650	-187500.022352	-187500.022352	92454.749936	82785.787616	94830.583910	-187500.022352	0.064000	1.002000	0.076000	192.000000	0.000000	0.000000	0.000000	0.000000	0.000000	0.000000	0.000000	0.000000	0.000000	1761332291.118665	0.000000
17.000000	38866.688474	39708.566929	-187500.022352	-187500.022352	92598.114025	83021.486762	94835.322480	-187500.022352	0.064000	1.002000	0.076000	192.000000	0.000000	0.000000	0.000000	0.000000	0.000000	0.000000	0.000000	0.000000	0.000000	1761332291.118682	0.000000
18.000000	38843.599122	39672.871193	-187500.022352	-187500.022352	92745.635539	83049.024111	95100.950611	-187500.022352	0.064000	1.002000	0.076000	192.000000	0.000000	0.000000	0.000000	0.000000	0.000000	0.000000	0.000000	0.000000	0.000000	1761332291.118699	0.000000
19.000000	38875.428006	39710.042144	-187500.022352	-187500.022352	92629.182950	82848.372501	95141.340213	-187500.022352	0.064000	1.002000	0.076000	192.000000	0.000000	0.000000	0.000000	0.000000	0.000000	0.000000	0.000000	0.000000	0.000000	1761332291.118715	0.000000
20.000000	38909.827341	39756.489069	-187500.022352	-187500.022352	92468.496259	82782.904241	94881.165908	-187500.022352	0.064000	1.006000	0.080000	192.000000	2.000000	0.000000	31.000000	112.000000	2.000000	128.000000	0.000000	0.000000	0.000000	1761332291.118732	0.000000
21.000000	38886.849748	39736.864237	-187500.022352	-187500.022352	92574.555287	83005.326451	94818.737485	-187500.022352	0.064000	1.006000	0.080000	192.000000	0.000000	0.000000	0.000000	0.000000	0.000000	0.000000	0.000000	0.000000	0.000000	1761332291.118750	0.000000
22.000000	38869.840070	39704.677725	-187500.022352	-187500.022352	92745.255559	83084.183405	95054.123706	-187500.022352	0.064000	1.006000	0.080000	192.000000	0.000000	0.000000	0.000000	0.000000	0.000000	0.000000	0.000000	0.000000	0.000000	1761332291.118767	0.000000
23.000000	38895.410466	39731.700984	-187500.022352	-187500.022352	92677.350959	82898.395705	95160.003920	-187500.022352	0.064000	1.006000	0.080000	192.000000	0.000000	0.000000	0.000000	0.000000	0.000000	0.000000	0.000000	0.000000	0.000000	1761332291.118783	0.000000
24.000000	38923.014870	39767.731997	-187500.022352	-187500.022352	92491.227983	82781.160805	94931.569091	-187500.022352	0.064000	1.006000	0.080000	192.000000	0.000000	0.000000	0.000000	0.000000	0.000000	0.000000	0.000000	0.000000	0.000000	1761332291.118800	0.000000
25.000000	38906.541634	39752.488107	-187500.022352	-187500.022352	92531.662289	82947.234267	94785.098110	-187500.022352	0.064000	1.006000	0.080000	192.000000	0.000000	0.000000	0.000000	0.000000	0.000000	0.000000	0.000000	0.000000	0.000000	1761332291.118817	0.000000
26.000000	38890.113102	39729.711679	-187500.022352	-187500.022352	92747.468382	83117.822780	95028.687421	-187500.022352	0.064000	1.006000	0.080000	192.000000	0.000000	0.000000	0.000000	0.000000	0.000000	0.000000	0.000000	0.000000	0.000000	1761332291.118834	0.000000
27.000000	38884.100483	39714.288976	-187500.022352	-187500.022352	92705.514157	82937.555961	95170.442184	-187500.022352	0.064000	1.006000	0.080000	192.000000	0.000000	0.000000	0.000000	0.000000	0.000000	0.000000	0.000000	0.000000	0.000000	1761332291.118851	0.000000
28.000000	38928.155771	39766.770871	-187500.022352	-187500.022352	92516.485455	82789.475654	94980.787633	-187500.022352	0.064000	1.006000	0.080000	192.000000	0.000000	0.000000	0.000000	0.000000	0.000000	0.000000	0.000000	0.000000	0.000000	1761332291.118868	0.000000
29.000000	38949.546391	39796.342229	-187500.022352	-187500.022352	92515.658440	82918.467572	94767.663749	-187500.022352	0.064000	1.006000	0.080000	192.000000	0.000000	0.000000	0.000000	0.000000	0.000000	0.000000	0.000000	0.000000	0.000000	1761332291.118884	0.000000
30.000000	38916.108181	39750.230581	-187500.022352	-187500.022352	92721.763876	83123.924807	94963.286217	-187500.022352	0.064000	1.006000	0.080000	192.000000	0.000000	0.000000	0.000000	0.000000	0.000000	0.000000	0.000000	0.000000	0.000000	1761332291.118910	0.000000
31.000000	38914.007117	39745.290845	-187500.022352	-187500.022352	92729.430524	82988.137959	95153.723079	-187500.022352	0.068000	1.002000	0.084000	192.000000	2.000000	32.000000	31.000000	80.000000	2.000000	160.000000	0.000000	0.000000	0.000000	1761332291.118927	0.000000
32.000000	38939.577513	39777.477357	-187500.022352	-187500.022352	92546.190923	82818.801143	95032.040183	-187500.022352	0.068000	1.002000	0.084000	192.000000	0.000000	0.000000	0.000000	0.000000	0.000000	0.000000	0.000000	0.000000	0.000000	1761332291.118944	0.000000
33.000000	38952.742690	39796.051657	-187500.022352	-187500.022352	92483.293114	82869.919583	94762.075813	-187500.022352	0.068000	1.002000	0.084000	192.000000	0.000000	0.000000	0.000000	0.000000	0.000000	0.000000	0.000000	0.000000	0.000000	1761332291.118961	0.000000
34.000000	38908.352126	39747.123688	-187500.022352	-187500.022352	92682.558916	83100.231957	94904.501129	-187500.022352	0.068000	1.002000	0.084000	192.000000	0.000000	0.000000	0.000000	0.000000	0.000000	0.000000	0.000000	0.000000	0.000000	1761332291.118978	0.000000
35.000000	38901.892472	39730.918673	-187500.022352	-187500.022352	92746.395498	83019.586863	95137.652175	-187500.022352	0.068000	1.002000	0.084000	192.000000	0.000000	0.000000	0.000000	0.000000	0.000000	0.000000	0.000000	0.000000	0.000000	1761332291.118994	0.000000
36.000000	38940.292769	39774.504575	-187500.022352	-187500.022352	92576.365778	82818.778791	95048.356956	-187500.022352	0.068000	1.002000	0.084000	192.000000	0.000000	0.000000	0.000000	0.000000	0.000000	0.000000	0.000000	0.000000	0.000000	1761332291.119011	0.000000
37.000000	38965.974923	39807.942785	-187500.022352	-187500.022352	92478.196916	82843.142193	94783.019398	-187500.022352	0.068000	1.002000	0.084000	192.000000	0.000000	0.000000	0.000000	0.000000	0.000000	0.000000	0.000000	0.000000	0.000000	1761332291.119028	0.000000
38.000000	38942.594998	39782.595907	-187500.022352	-187500.022352	92652.361709	83084.093998	94851.885122	-187500.022352	0.068000	1.002000	0.084000	192.000000	0.000000	0.000000	0.000000	0.000000	0.000000	0.000000	0.000000	0.000000	0.000000	1761332291.119045	0.000000
39.000000	38918.656280	39743.726223	-187500.022352	-187500.022352	92739.913492	83032.595579	95064.114936	-187500.022352	0.068000	1.002000	0.084000	192.000000	0.000000	0.000000	0.000000	0.000000	0.000000	0.000000	0.000000	0.000000	0.000000	1761332291.119084	0.000000
40.000000	38933.229617	39762.769909	-187500.022352	-187500.022352	92593.643676	82837.598960	95062.103279	-187500.022352	0.068000	1.002000	0.084000	192.000000	0.000000	0.000000	0.000000	0.000000	0.000000	0.000000	0.000000	0.000000	0.000000	1761332291.119102	0.000000
41.000000	38971.629914	39818.179884	-187500.022352	-187500.022352	92466.059919	82805.233634	94781.454776	-187500.022352	0.078000	1.004000	0.090000	192.000000	2.000000	112.000000	31.000000	96.000000	2.000000	208.000000	0.000000	0.000000	0.000000	1761332291.119118	0.000000
42.000000	38944.517248	39788.586174	-187500.022352	-187500.022352	92599.455130	83040.664558	94770.435365	-187500.022352	0.078000	1.004000	0.090000	192.000000	0.000000	0.000000	0.000000	0.000000	0.000000	0.000000	0.000000	0.000000	0.000000	1761332291.119136	0.000000
43.000000	38918.991556	39745.871990	-187500.022352	-187500.022352	92745.792001	83085.591565	95035.057668	-187500.022352	0.078000	1.004000	0.090000	192.000000	0.000000	0.000000	0.000000	0.000000	0.000000	0.000000	0.000000	0.000000	0.000000	1761332291.119153	0.000000
44.000000	38927.172295	39758.411319	-187500.022352	-187500.022352	92638.235407	82883.934126	95086.645494	-187500.022352	0.078000	1.004000	0.090000	192.000000	0.000000	0.000000	0.000000	0.000000	0.000000	0.000000	0.000000	0.000000	0.000000	1761332291.119170	0.000000
45.000000	38957.838888	39800.387895	-187500.022352	-187500.022352	92460.270817	82797.522282	94821.754971	-187500.022352	0.078000	1.004000	0.090000	192.000000	0.000000	0.000000	0.000000	0.000000	0.000000	0.000000	0.000000	0.000000	0.000000	1761332291.596031	0.000000
46.000000	38945.567780	39791.313087	-187500.022352	-187500.022352	92553.745813	82997.168064	94727.944699	-187500.022352	0.078000	1.004000	0.090000	192.000000	0.000000	0.000000	0.000000	0.000000	0.000000	0.000000	0.000000	0.000000	0.000000	1761332291.596156	0.000000
47.000000	38917.382230	39752.421052	-187500.022352	-187500.022352	92742.215722	83107.496274	94987.448452	-187500.022352	0.078000	1.004000	0.090000	192.000000	0.000000	0.000000	0.000000	0.000000	0.000000	0.000000	0.000000	0.000000	0.000000	1761332291.596193	0.000000
48.000000	38929.385117	39761.361749	-187500.022352	-187500.022352	92673.573515	82916.858246	95092.859279	-187500.022352	0.078000	1.004000	0.090000	192.000000	0.000000	0.000000	0.000000	0.000000	0.000000	0.000000	0.000000	0.000000	0.000000	1761332291.596212	0.000000
49.000000	38964.745577	39806.601680	-187500.022352	-187500.022352	92486.847041	82800.852692	94868.157192	-187500.022352	0.078000	1.004000	0.090000	192.000000	0.000000	0.000000	0.000000	0.000000	0.000000	0.000000	0.000000	0.000000	0.000000	1761332291.596229	0.000000
50.000000	38951.714510	39799.225604	-187500.022352	-187500.022352	92532.936339	82965.741511	94719.428685	-187500.022352	0.078000	1.004000	0.090000	192.000000	0.000000	0.000000	0.000000	0.000000	0.000000	0.000000	0.000000	0.000000	0.000000	1761332291.596247	0.000000
51.000000	38917.717507	39754.365653	-187500.022352	-187500.022352	92733.945576	83133.647815	94956.737156	-187500.022352	0.080000	1.002000	0.088000	192.000000	2.000000	128.000000	31.000000	80.000000	2.000000	192.000000	0.000000	0.000000	0.000000	1761332291.596268	0.000000
52.000000	38923.864236	39756.824345	-187500.022352	-187500.022352	92701.177919	82965.495642	95108.527852	-187500.022352	0.080000	1.002000	0.088000	192.000000	0.000000	0.000000	0.000000	0.000000	0.000000	0.000000	0.000000	0.000000	0.000000	1761332291.596290	0.000000
53.000000	38958.218868	39803.807712	-187500.022352	-187500.022352	92520.687583	82816.185989	94936.441772	-187500.022352	0.080000	1.002000	0.088000	192.000000	0.000000	0.000000	0.000000	0.000000	0.000000	0.000000	0.000000	0.000000	0.000000	1761332291.596307	0.000000
54.000000	38966.198440	39818.783381	-187500.022352	-187500.022352	92504.706085	82919.294586	94716.947641	-187500.022352	0.080000	1.002000	0.088000	192.000000	0.000000	0.000000	0.000000	0.000000	0.000000	0.000000	0.000000	0.000000	0.000000	1761332291.596324	0.000000
55.000000	38937.498800	39782.394741	-187500.022352	-187500.022352	92710.409190	83120.639100	94892.274725	-187500.022352	0.080000	1.002000	0.088000	192.000000	0.000000	0.000000	0.000000	0.000000	0.000000	0.000000	0.000000	0.000000	0.000000	1761332291.596341	0.000000
56.000000	38916.309347	39750.521153	-187500.022352	-187500.022352	92714.186634	82986.305116	95074.441442	-187500.022352	0.080000	1.002000	0.088000	192.000000	0.000000	0.000000	0.000000	0.000000	0.000000	0.000000	0.000000	0.000000	0.000000	1761332291.596358	0.000000
57.000000	38949.412280	39793.324744	-187500.022352	-187500.022352	92545.408612	82820.209303	94965.275522	-187500.022352	0.080000	1.002000	0.088000	192.000000	0.000000	0.000000	0.000000	0.000000	0.000000	0.000000	0.000000	0.000000	0.000000	1761332291.596376	0.000000
58.000000	38965.058501	39820.057430	-187500.022352	-187500.022352	92482.041416	82870.970115	94700.787330	-187500.022352	0.080000	1.002000	0.088000	192.000000	0.000000	0.000000	0.000000	0.000000	0.000000	0.000000	0.000000	0.000000	0.000000	1761332291.596393	0.000000
59.000000	38925.473562	39775.242183	-187500.022352	-187500.022352	92692.103111	83111.161961	94849.873465	-187500.022352	0.080000	1.002000	0.088000	192.000000	0.000000	0.000000	0.000000	0.000000	0.000000	0.000000	0.000000	0.000000	0.000000	1761332291.596410	0.000000
60.000000	38902.630079	39737.735955	-187500.022352	-187500.022352	92745.322614	83025.375965	95072.496840	-187500.022352	0.080000	1.002000	0.088000	192.000000	0.000000	0.000000	0.000000	0.000000	0.000000	0.000000	0.000000	0.000000	0.000000	1761332291.596427	0.000000
61.000000	38923.618367	39762.613447	-187500.022352	-187500.022352	92580.836127	82838.314216	95013.063552	-187500.022352	0.086000	0.984000	0.092000	192.000000	2.000000	176.000000	30.000000	192.000000	2.000000	224.000000	0.000000	0.000000	0.000000	1761332291.596454	0.000000
62.000000	38952.049786	39801.773703	-187500.022352	-187500.022352	92480.409739	82842.628103	94736.930101	-187500.022352	0.086000	0.984000	0.092000	192.000000	0.000000	0.000000	0.000000	0.000000	0.000000	0.000000	0.000000	0.000000	0.000000	1761332291.596473	0.000000
63.000000	38916.644623	39766.837927	-187500.022352	-187500.022352	92652.898151	83082.574079	94801.884270	-187500.022352	0.086000	0.984000	0.092000	192.000000	0.000000	0.000000	0.000000	0.000000	0.000000	0.000000	0.000000	0.000000	0.000000	1761332291.596490	0.000000
64.000000	38897.779751	39734.494952	-187500.022352	-187500.022352	92761.326463	83063.820966	95039.080982	-187500.022352	0.086000	0.984000	0.092000	192.000000	0.000000	0.000000	0.000000	0.000000	0.000000	0.000000	0.000000	0.000000	0.000000	1761332291.596507	0.000000
65.000000	38905.491102	39746.944874	-187500.022352	-187500.022352	92627.037183	82880.782530	95066.998311	-187500.022352	0.086000	0.984000	0.092000	192.000000	0.000000	0.000000	0.000000	0.000000	0.000000	0.000000	0.000000	0.000000	0.000000	1761332291.596524	0.000000
66.000000	38938.325815	39793.414151	-187500.022352	-187500.022352	92486.243544	82839.722376	94805.996991	-187500.022352	0.086000	0.984000	0.092000	192.000000	0.000000	0.000000	0.000000	0.000000	0.000000	0.000000	0.000000	0.000000	0.000000	1761332291.596541	0.000000
67.000000	38912.442495	39768.134328	-187500.022352	-187500.022352	92616.017773	83054.924971	94779.487822	-187500.022352	0.086000	0.984000	0.092000	192.000000	0.000000	0.000000	0.000000	0.000000	0.000000	0.000000	0.000000	0.000000	0.000000	1761332291.596575	0.000000
68.000000	38882.155881	39721.419182	-187500.022352	-187500.022352	92770.311865	83106.199873	95044.020718	-187500.022352	0.086000	0.984000	0.092000	192.000000	0.000000	0.000000	0.000000	0.000000	0.000000	0.000000	0.000000	0.000000	0.000000	1761332291.596593	0.000000
69.000000	38886.358009	39722.089734	-187500.022352	-187500.022352	92644.046860	82889.879690	95083.940933	-187500.022352	0.086000	0.984000	0.092000	192.000000	0.000000	0.000000	0.000000	0.000000	0.000000	0.000000	0.000000	0.000000	0.000000	1761332291.596610	0.000000
70.000000	38916.130533	39761.272342	-187500.022352	-187500.022352	92479.649780	82802.774942	94839.390497	-187500.022352	0.086000	0.984000	0.092000	192.000000	0.000000	0.000000	0.000000	0.000000	0.000000	0.000000	0.000000	0.000000	0.000000	1761332291.596627	0.000000
71.000000	38896.081018	39742.362767	-187500.022352	-187500.022352	92554.684586	82974.570450	94725.150731	-187500.022352	0.088000	0.986000	0.098000	192.000000	2.000000	192.000000	30.000000	208.000000	3.000000	16.000000	0.000000	0.000000	0.000000	1761332291.596644	0.000000
72.000000	38876.187965	39714.020755	-187500.022352	-187500.022352	92757.861943	83103.316498	94984.967409	-187500.022352	0.088000	0.986000	0.098000	192.000000	0.000000	0.000000	0.000000	0.000000	0.000000	0.000000	0.000000	0.000000	0.000000	1761332291.596662	0.000000
73.000000	38895.701038	39731.097487	-187500.022352	-187500.022352	92705.335344	82938.047700	95115.367486	-187500.022352	0.088000	0.986000	0.098000	192.000000	0.000000	0.000000	0.000000	0.000000	0.000000	0.000000	0.000000	0.000000	0.000000	1761332291.596679	0.000000
74.000000	38927.060536	39773.118767	-187500.022352	-187500.022352	92509.779931	82803.221977	94884.809242	-187500.022352	0.088000	0.986000	0.098000	192.000000	0.000000	0.000000	0.000000	0.000000	0.000000	0.000000	0.000000	0.000000	0.000000	1761332291.596696	0.000000
75.000000	38909.559120	39759.484203	-187500.022352	-187500.022352	92527.415458	82936.997168	94709.549214	-187500.022352	0.088000	0.986000	0.098000	192.000000	0.000000	0.000000	0.000000	0.000000	0.000000	0.000000	0.000000	0.000000	0.000000	1761332291.596713	0.000000
76.000000	38864.833279	39708.946909	-187500.022352	-187500.022352	92723.060277	83103.651774	94930.295042	-187500.022352	0.088000	0.986000	0.098000	192.000000	0.000000	0.000000	0.000000	0.000000	0.000000	0.000000	0.000000	0.000000	0.000000	1761332291.596740	0.000000
77.000000	38880.770073	39720.122781	-187500.022352	-187500.022352	92703.077817	82943.278008	95070.306369	-187500.022352	0.088000	0.986000	0.098000	192.000000	0.000000	0.000000	0.000000	0.000000	0.000000	0.000000	0.000000	0.000000	0.000000	1761332291.596757	0.000000
78.000000	38910.587300	39760.244162	-187500.022352	-187500.022352	92532.131676	82808.988727	94934.363059	-187500.022352	0.088000	0.986000	0.098000	192.000000	0.000000	0.000000	0.000000	0.000000	0.000000	0.000000	0.000000	0.000000	0.000000	1761332291.596774	0.000000
79.000000	38915.392925	39773.901078	-187500.022352	-187500.022352	92515.390219	82910.309185	94728.458789	-187500.022352	0.088000	0.986000	0.098000	192.000000	0.000000	0.000000	0.000000	0.000000	0.000000	0.000000	0.000000	0.000000	0.000000	1761332291.596791	0.000000
80.000000	38889.576660	39743.815630	-187500.022352	-187500.022352	92725.295451	83126.830533	94904.836405	-187500.022352	0.088000	0.986000	0.098000	192.000000	0.000000	0.000000	0.000000	0.000000	0.000000	0.000000	0.000000	0.000000	0.000000	1761332291.596808	0.000000
81.000000	38869.951829	39709.505702	-187500.022352	-187500.022352	92736.985414	83003.314794	95099.095416	-187500.022352	0.086000	0.992000	0.092000	192.000000	2.000000	176.000000	31.000000	0.000000	2.000000	224.000000	0.000000	0.000000	0.000000	1761332291.596825	0.000000
82.000000	38888.928460	39732.885627	-187500.022352	-187500.022352	92556.986816	82819.717565	94989.616572	-187500.022352	0.086000	0.992000	0.092000	192.000000	0.000000	0.000000	0.000000	0.000000	0.000000	0.000000	0.000000	0.000000	0.000000	1761332291.596842	0.000000
83.000000	38918.969204	39775.398645	-187500.022352	-187500.022352	92485.438882	82857.983751	94719.004001	-187500.022352	0.086000	0.992000	0.092000	192.000000	0.000000	0.000000	0.000000	0.000000	0.000000	0.000000	0.000000	0.000000	0.000000	1761332291.596860	0.000000
84.000000	38884.391056	39739.680557	-187500.022352	-187500.022352	92688.549183	83099.024963	94844.106715	-187500.022352	0.086000	0.992000	0.092000	192.000000	0.000000	0.000000	0.000000	0.000000	0.000000	0.000000	0.000000	0.000000	0.000000	1761332291.596877	0.000000
85.000000	38870.309457	39709.930385	-187500.022352	-187500.022352	92756.900818	83030.494515	95069.993445	-187500.022352	0.086000	0.992000	0.092000	192.000000	0.000000	0.000000	0.000000	0.000000	0.000000	0.000000	0.000000	0.000000	0.000000	1761332291.596894	0.000000
86.000000	38898.450303	39741.088717	-187500.022352	-187500.022352	92596.527052	82834.201495	95018.472674	-187500.022352	0.086000	0.992000	0.092000	192.000000	0.000000	0.000000	0.000000	0.000000	0.000000	0.000000	0.000000	0.000000	0.000000	1761332291.596910	0.000000
87.000000	38919.483294	39772.895249	-187500.022352	-187500.022352	92475.626466	82813.146152	94729.241100	-187500.022352	0.086000	0.992000	0.092000	192.000000	0.000000	0.000000	0.000000	0.000000	0.000000	0.000000	0.000000	0.000000	0.000000	1761332291.596927	0.000000
88.000000	38873.416349	39728.795258	-187500.022352	-187500.022352	92644.471543	83054.902620	94777.945552	-187500.022352	0.086000	0.992000	0.092000	192.000000	0.000000	0.000000	0.000000	0.000000	0.000000	0.000000	0.000000	0.000000	0.000000	1761332291.596944	0.000000
89.000000	38841.431003	39686.393998	-187500.022352	-187500.022352	92769.551905	83059.954114	95041.696136	-187500.022352	0.086000	0.992000	0.092000	192.000000	0.000000	0.000000	0.000000	0.000000	0.000000	0.000000	0.000000	0.000000	0.000000	1761332291.596961	0.000000
90.000000	38872.701093	39713.596071	-187500.022352	-187500.022352	92634.972052	82861.403568	95057.811744	-187500.022352	0.086000	0.992000	0.092000	192.000000	0.000000	0.000000	0.000000	0.000000	0.000000	0.000000	0.000000	0.000000	0.000000	1761332291.596978	0.000000
91.000000	38906.139303	39755.438537	-187500.022352	-187500.022352	92478.576896	82798.371649	94781.343017	-187500.022352	0.082000	0.986000	0.100000	192.000000	2.000000	144.000000	30.000000	208.000000	3.000000	32.000000	0.000000	0.000000	0.000000	1761332291.596995	0.000000
92.000000	38870.957657	39721.150961	-187500.022352	-187500.022352	92581.171403	82989.970802	94715.315964	-187500.022352	0.082000	0.986000	0.100000	192.000000	0.000000	0.000000	0.000000	0.000000	0.000000	0.000000	0.000000	0.000000	0.000000	1761332291.597021	0.000000
93.000000	38851.846916	39697.122836	-187500.022352	-187500.022352	92753.905684	83081.635306	94993.662237	-187500.022352	0.082000	0.986000	0.100000	192.000000	0.000000	0.000000	0.000000	0.000000	0.000000	0.000000	0.000000	0.000000	0.000000	1761332291.597038	0.000000
94.000000	38872.790500	39728.415278	-187500.022352	-187500.022352	92674.445233	82907.939900	95092.434596	-187500.022352	0.082000	0.986000	0.100000	192.000000	0.000000	0.000000	0.000000	0.000000	0.000000	0.000000	0.000000	0.000000	0.000000	1761332291.597055	0.000000
95.000000	38884.301649	39751.035243	-187500.022352	-187500.022352	92507.880033	82811.782695	94867.307826	-187500.022352	0.082000	0.986000	0.100000	192.000000	0.000000	0.000000	0.000000	0.000000	0.000000	0.000000	0.000000	0.000000	0.000000	1761332291.597072	0.000000
96.000000	38869.258925	39739.613502	-187500.022352	-187500.022352	92575.002322	82980.605421	94746.496647	-187500.022352	0.082000	0.986000	0.100000	192.000000	0.000000	0.000000	0.000000	0.000000	0.000000	0.000000	0.000000	0.000000	0.000000	1761332291.597089	0.000000
97.000000	38820.688584	39674.972257	-187500.022352	-187500.022352	92752.586931	83096.432161	94983.492194	-187500.022352	0.082000	0.986000	0.100000	192.000000	0.000000	0.000000	0.000000	0.000000	0.000000	0.000000	0.000000	0.000000	0.000000	1761332291.597106	0.000000
98.000000	38830.657462	39678.503833	-187500.022352	-187500.022352	92695.746445	82925.441316	95117.580309	-187500.022352	0.082000	0.986000	0.100000	192.000000	0.000000	0.000000	0.000000	0.000000	0.000000	0.000000	0.000000	0.000000	0.000000	1761332291.597123	0.000000
99.000000	38877.640829	39731.991557	-187500.022352	-187500.022352	92507.455350	82785.474692	94900.410759	-187500.022352	0.082000	0.986000	0.100000	192.000000	0.000000	0.000000	0.000000	0.000000	0.000000	0.000000	0.000000	0.000000	0.000000	1761332291.597140	0.000000
100.000000	38862.821622	39724.280205	-187500.022352	-187500.022352	92529.024783	82918.758144	94721.172121	-187500.022352	0.082000	0.986000	0.100000	192.000000	0.000000	0.000000	0.000000	0.000000	0.000000	0.000000	0.000000	0.000000	0.000000	1761332291.597157	0.000000
101.000000	38801.063752	39645.691472	-187500.022352	-187500.022352	92744.719117	83121.399059	94986.621438	-187500.022352	0.084000	0.990000	0.092000	192.000000	2.000000	160.000000	30.000000	240.000000	2.000000	224.000000	0.000000	0.000000	0.000000	1761332291.597174	0.000000
102.000000	38810.987927	39640.729385	-187500.022352	-187500.022352	92721.741524	82969.183680	95159.892161	-187500.022352	0.084000	0.990000	0.092000	192.000000	0.000000	0.000000	0.000000	0.000000	0.000000	0.000000	0.000000	0.000000	0.000000	1761332291.597191	0.000000
103.000000	38843.755584	39683.711789	-187500.022352	-187500.022352	92534.299795	82805.703021	95003.541708	-187500.022352	0.084000	0.990000	0.092000	192.000000	0.000000	0.000000	0.000000	0.000000	0.000000	0.000000	0.000000	0.000000	0.000000	1761332291.597208	0.000000
104.000000	38863.313361	39705.638850	-187500.022352	-187500.022352	92509.422303	82893.813597	94777.677331	-187500.022352	0.084000	0.990000	0.092000	192.000000	0.000000	0.000000	0.000000	0.000000	0.000000	0.000000	0.000000	0.000000	0.000000	1761332291.597225	0.000000
105.000000	38812.530197	39644.171553	-187500.022352	-187500.022352	92709.582175	83101.729524	94940.822713	-187500.022352	0.084000	0.990000	0.092000	192.000000	0.000000	0.000000	0.000000	0.000000	0.000000	0.000000	0.000000	0.000000	0.000000	1761332291.597242	0.000000
106.000000	38808.350421	39627.161876	-187500.022352	-187500.022352	92731.822161	82989.032029	95144.558864	-187500.022352	0.084000	0.990000	0.092000	192.000000	0.000000	0.000000	0.000000	0.000000	0.000000	0.000000	0.000000	0.000000	0.000000	1761332291.597259	0.000000
107.000000	38844.828468	39670.188984	-187500.022352	-187500.022352	92553.321129	82801.389134	95031.503741	-187500.022352	0.084000	0.990000	0.092000	192.000000	0.000000	0.000000	0.000000	0.000000	0.000000	0.000000	0.000000	0.000000	0.000000	1761332291.597285	0.000000
108.000000	38855.289084	39685.164652	-187500.022352	-187500.022352	92469.032701	82824.746707	94746.295481	-187500.022352	0.084000	0.990000	0.092000	192.000000	0.000000	0.000000	0.000000	0.000000	0.000000	0.000000	0.000000	0.000000	0.000000	1761332291.597301	0.000000
109.000000	38813.826598	39628.167704	-187500.022352	-187500.022352	92660.922427	83073.968658	94866.860791	-187500.022352	0.084000	0.990000	0.092000	192.000000	0.000000	0.000000	0.000000	0.000000	0.000000	0.000000	0.000000	0.000000	0.000000	1761332291.597318	0.000000
110.000000	38789.016162	39587.398122	-187500.022352	-187500.022352	92740.874617	83031.343881	95116.708591	-187500.022352	0.084000	0.990000	0.092000	192.000000	0.000000	0.000000	0.000000	0.000000	0.000000	0.000000	0.000000	0.000000	0.000000	1761332291.597335	0.000000
111.000000	38800.974345	39591.980230	-187500.022352	-187500.022352	92585.462938	82838.761251	95089.864146	-187500.022352	0.078000	0.998000	0.084000	192.000000	2.000000	112.000000	31.000000	48.000000	2.000000	160.000000	0.000000	0.000000	0.000000	1761332291.597353	0.000000
112.000000	38835.932474	39629.888788	-187500.022352	-187500.022352	92460.963721	82804.048992	94800.029075	-187500.022352	0.078000	0.998000	0.084000	192.000000	0.000000	0.000000	0.000000	0.000000	0.000000	0.000000	0.000000	0.000000	0.000000	1761332291.597370	0.000000
113.000000	38835.194866	39633.710937	-187500.022352	-187500.022352	92635.329680	83051.929838	94834.987203	-187500.022352	0.078000	0.998000	0.084000	192.000000	0.000000	0.000000	0.000000	0.000000	0.000000	0.000000	0.000000	0.000000	0.000000	1761332291.597387	0.000000
114.000000	38793.598270	39571.148404	-187500.022352	-187500.022352	92770.602437	83074.013361	95104.035151	-187500.022352	0.078000	0.998000	0.084000	192.000000	0.000000	0.000000	0.000000	0.000000	0.000000	0.000000	0.000000	0.000000	0.000000	1761332291.597404	0.000000
115.000000	38798.850930	39573.495337	-187500.022352	-187500.022352	92639.040069	82877.049789	95138.970928	-187500.022352	0.078000	0.998000	0.084000	192.000000	0.000000	0.000000	0.000000	0.000000	0.000000	0.000000	0.000000	0.000000	0.000000	1761332291.597421	0.000000
116.000000	38804.394162	39583.464215	-187500.022352	-187500.022352	92476.967570	82793.186044	94873.521611	-187500.022352	0.078000	0.998000	0.084000	192.000000	0.000000	0.000000	0.000000	0.000000	0.000000	0.000000	0.000000	0.000000	0.000000	1761332291.597438	0.000000
117.000000	38805.645860	39576.803395	-187500.022352	-187500.022352	92603.187871	83004.320622	94820.547977	-187500.022352	0.078000	0.998000	0.084000	192.000000	0.000000	0.000000	0.000000	0.000000	0.000000	0.000000	0.000000	0.000000	0.000000	1761332291.597454	0.000000
118.000000	38784.612868	39538.045470	-187500.022352	-187500.022352	92776.726815	83093.414675	95082.219849	-187500.022352	0.078000	0.998000	0.084000	192.000000	0.000000	0.000000	0.000000	0.000000	0.000000	0.000000	0.000000	0.000000	0.000000	1761332291.597471	0.000000
119.000000	38755.577952	39505.121351	-187500.022352	-187500.022352	92669.684311	82893.411266	95172.386786	-187500.022352	0.078000	0.998000	0.084000	192.000000	0.000000	0.000000	0.000000	0.000000	0.000000	0.000000	0.000000	0.000000	0.000000	1761332291.597488	0.000000
120.000000	38806.294061	39559.145517	-187500.022352	-187500.022352	92502.090931	82789.654468	94936.687641	-187500.022352	0.078000	0.998000	0.084000	192.000000	0.000000	0.000000	0.000000	0.000000	0.000000	0.000000	0.000000	0.000000	0.000000	1761332291.597505	0.000000
121.000000	38799.677944	39553.803450	-187500.022352	-187500.022352	92573.281237	82961.740549	94804.633535	-187500.022352	0.080000	0.992000	0.072000	192.000000	2.000000	128.000000	31.000000	0.000000	2.000000	64.000000	0.000000	0.000000	0.000000	1761332291.597522	0.000000
122.000000	38731.974510	39465.715225	-187500.022352	-187500.022352	92770.155402	83113.084211	95061.320968	-187500.022352	0.080000	0.992000	0.072000	192.000000	0.000000	0.000000	0.000000	0.000000	0.000000	0.000000	0.000000	0.000000	0.000000	1761332291.597548	0.000000
123.000000	38715.210702	39436.389737	-187500.022352	-187500.022352	92706.810559	82931.141011	95192.726873	-187500.022352	0.080000	0.992000	0.072000	192.000000	0.000000	0.000000	0.000000	0.000000	0.000000	0.000000	0.000000	0.000000	0.000000	1761332291.597565	0.000000
124.000000	38734.813182	39455.880458	-187500.022352	-187500.022352	92521.045210	82792.940175	95010.738970	-187500.022352	0.080000	0.992000	0.072000	192.000000	0.000000	0.000000	0.000000	0.000000	0.000000	0.000000	0.000000	0.000000	0.000000	1761332291.597582	0.000000
125.000000	38728.442935	39444.190496	-187500.022352	-187500.022352	92539.038365	82923.139086	94832.662622	-187500.022352	0.080000	0.992000	0.072000	192.000000	0.000000	0.000000	0.000000	0.000000	0.000000	0.000000	0.000000	0.000000	0.000000	1761332291.597598	0.000000
126.000000	38681.794844	39379.951582	-187500.022352	-187500.022352	92737.834780	83108.390344	95043.797200	-187500.022352	0.080000	0.992000	0.072000	192.000000	0.000000	0.000000	0.000000	0.000000	0.000000	0.000000	0.000000	0.000000	0.000000	1761332291.597615	0.000000
127.000000	38686.846338	39375.525937	-187500.022352	-187500.022352	92744.830876	82981.387732	95226.746229	-187500.022352	0.080000	0.992000	0.072000	192.000000	0.000000	0.000000	0.000000	0.000000	0.000000	0.000000	0.000000	0.000000	0.000000	1761332291.597632	0.000000
128.000000	38725.850132	39416.474332	-187500.022352	-187500.022352	92564.899333	82820.723393	95087.785433	-187500.022352	0.080000	0.992000	0.072000	192.000000	0.000000	0.000000	0.000000	0.000000	0.000000	0.000000	0.000000	0.000000	0.000000	1761332291.597649	0.000000
129.000000	38735.550789	39432.791106	-187500.022352	-187500.022352	92498.760521	82866.164490	94817.776360	-187500.022352	0.080000	0.992000	0.072000	192.000000	0.000000	0.000000	0.000000	0.000000	0.000000	0.000000	0.000000	0.000000	0.000000	1761332291.597666	0.000000
130.000000	38690.668486	39379.772768	-187500.022352	-187500.022352	92715.505387	83096.454513	94976.138470	-187500.022352	0.080000	0.992000	0.072000	192.000000	0.000000	0.000000	0.000000	0.000000	0.000000	0.000000	0.000000	0.000000	0.000000	1761332291.597683	0.000000
131.000000	38662.505288	39338.332634	-187500.022352	-187500.022352	92752.899856	83009.975613	95204.506243	-187500.022352	0.078000	0.992000	0.072000	192.000000	2.000000	112.000000	31.000000	0.000000	2.000000	64.000000	0.000000	0.000000	0.000000	1761332291.597700	0.000000
132.000000	38693.216585	39371.122643	-187500.022352	-187500.022352	92583.473633	82825.908998	95131.617204	-187500.022352	0.078000	0.992000	0.072000	192.000000	0.000000	0.000000	0.000000	0.000000	0.000000	0.000000	0.000000	0.000000	0.000000	1761332291.597718	0.000000
133.000000	38718.854036	39405.253757	-187500.022352	-187500.022352	92483.538983	82840.728204	94863.128050	-187500.022352	0.078000	0.992000	0.072000	192.000000	0.000000	0.000000	0.000000	0.000000	0.000000	0.000000	0.000000	0.000000	0.000000	1761332291.597735	0.000000
134.000000	38696.703457	39373.648390	-187500.022352	-187500.022352	92671.003064	83080.875347	94951.350385	-187500.022352	0.078000	0.992000	0.072000	192.000000	0.000000	0.000000	0.000000	0.000000	0.000000	0.000000	0.000000	0.000000	0.000000	1761332291.597752	0.000000
135.000000	38669.076701	39330.196599	-187500.022352	-187500.022352	92762.779327	83053.628570	95194.604420	-187500.022352	0.078000	0.992000	0.072000	192.000000	0.000000	0.000000	0.000000	0.000000	0.000000	0.000000	0.000000	0.000000	0.000000	1761332291.597781	0.000000
136.000000	38679.269097	39344.099384	-187500.022352	-187500.022352	92617.291822	82855.659170	95187.161289	-187500.022352	0.078000	0.992000	0.072000	192.000000	0.000000	0.000000	0.000000	0.000000	0.000000	0.000000	0.000000	0.000000	0.000000	1761332291.597798	0.000000
137.000000	38721.849170	39392.893242	-187500.022352	-187500.022352	92482.108472	82813.302614	94897.125053	-187500.022352	0.078000	0.992000	0.072000	192.000000	0.000000	0.000000	0.000000	0.000000	0.000000	0.000000	0.000000	0.000000	0.000000	1761332291.597814	0.000000
138.000000	38700.212681	39373.849556	-187500.022352	-187500.022352	92627.707735	83046.297198	94907.093931	-187500.022352	0.078000	0.992000	0.072000	192.000000	0.000000	0.000000	0.000000	0.000000	0.000000	0.000000	0.000000	0.000000	0.000000	1761332291.597841	0.000000
139.000000	38688.410960	39353.353006	-187500.022352	-187500.022352	92772.949370	83090.128969	95176.432452	-187500.022352	0.078000	0.992000	0.072000	192.000000	0.000000	0.000000	0.000000	0.000000	0.000000	0.000000	0.000000	0.000000	0.000000	1761332291.597857	0.000000
140.000000	38709.443952	39375.503585	-187500.022352	-187500.022352	92660.296578	82898.730981	95237.877397	-187500.022352	0.078000	0.992000	0.072000	192.000000	0.000000	0.000000	0.000000	0.000000	0.000000	0.000000	0.000000	0.000000	0.000000	1761332291.597874	0.000000
141.000000	38737.718909	39406.259585	-187500.022352	-187500.022352	92485.349475	82797.187006	94959.240551	-187500.022352	0.078000	0.996000	0.066000	192.000000	2.000000	112.000000	31.000000	32.000000	2.000000	16.000000	0.000000	0.000000	0.000000	1761332291.597891	0.000000
142.000000	38744.558542	39417.234292	-187500.022352	-187500.022352	92586.379360	82999.112666	94870.571181	-187500.022352	0.078000	0.996000	0.066000	192.000000	0.000000	0.000000	0.000000	0.000000	0.000000	0.000000	0.000000	0.000000	0.000000	1761332291.597909	0.000000
143.000000	38716.328289	39382.298515	-187500.022352	-187500.022352	92767.249676	83107.362164	95143.150704	-187500.022352	0.078000	0.996000	0.066000	192.000000	0.000000	0.000000	0.000000	0.000000	0.000000	0.000000	0.000000	0.000000	0.000000	1761332291.597926	0.000000
144.000000	38713.087286	39368.261620	-187500.022352	-187500.022352	92679.787300	82917.059412	95241.476028	-187500.022352	0.078000	0.996000	0.066000	192.000000	0.000000	0.000000	0.000000	0.000000	0.000000	0.000000	0.000000	0.000000	0.000000	1761332291.597942	0.000000
145.000000	38744.022100	39409.679402	-187500.022352	-187500.022352	92501.666248	82807.424105	95021.758380	-187500.022352	0.078000	0.996000	0.066000	192.000000	0.000000	0.000000	0.000000	0.000000	0.000000	0.000000	0.000000	0.000000	0.000000	1761332291.597960	0.000000
146.000000	38751.688749	39431.159428	-187500.022352	-187500.022352	92555.109269	82968.021389	94869.945332	-187500.022352	0.078000	0.996000	0.066000	192.000000	0.000000	0.000000	0.000000	0.000000	0.000000	0.000000	0.000000	0.000000	0.000000	1761332291.597976	0.000000
147.000000	38720.396307	39379.839823	-187500.022352	-187500.022352	92747.937768	83127.590493	95106.337381	-187500.022352	0.078000	0.996000	0.066000	192.000000	0.000000	0.000000	0.000000	0.000000	0.000000	0.000000	0.000000	0.000000	0.000000	1761332291.597993	0.000000
148.000000	38719.055202	39366.942867	-187500.022352	-187500.022352	92709.693934	82961.092348	95258.463354	-187500.022352	0.078000	0.996000	0.066000	192.000000	0.000000	0.000000	0.000000	0.000000	0.000000	0.000000	0.000000	0.000000	0.000000	1761332291.598010	0.000000
149.000000	38771.425339	39434.601597	-187500.022352	-187500.022352	92526.566091	82815.068402	95082.823346	-187500.022352	0.078000	0.996000	0.066000	192.000000	0.000000	0.000000	0.000000	0.000000	0.000000	0.000000	0.000000	0.000000	0.000000	1761332291.598027	0.000000
150.000000	38782.154176	39456.841583	-187500.022352	-187500.022352	92520.821693	82914.824237	94868.671282	-187500.022352	0.078000	0.996000	0.066000	192.000000	0.000000	0.000000	0.000000	0.000000	0.000000	0.000000	0.000000	0.000000	0.000000	1761332291.598044	0.000000
151.000000	38731.862751	39405.030239	-187500.022352	-187500.022352	92726.345983	83117.398097	95065.187820	-187500.022352	0.082000	0.998000	0.064000	192.000000	2.000000	144.000000	31.000000	48.000000	2.000000	0.000000	0.000000	0.000000	0.000000	1761332291.598060	0.000000
152.000000	38724.419621	39390.322791	-187500.022352	-187500.022352	92736.270158	82996.810436	95264.006587	-187500.022352	0.082000	0.998000	0.064000	192.000000	0.000000	0.000000	0.000000	0.000000	0.000000	0.000000	0.000000	0.000000	0.000000	1761332291.598078	0.000000
153.000000	38778.175566	39456.215734	-187500.022352	-187500.022352	92560.652502	82826.490143	95139.663832	-187500.022352	0.082000	0.998000	0.064000	192.000000	0.000000	0.000000	0.000000	0.000000	0.000000	0.000000	0.000000	0.000000	0.000000	1761332291.598104	0.000000
154.000000	38786.646877	39473.650095	-187500.022352	-187500.022352	92497.285306	82873.674676	94874.393329	-187500.022352	0.082000	0.998000	0.064000	192.000000	0.000000	0.000000	0.000000	0.000000	0.000000	0.000000	0.000000	0.000000	0.000000	1761332291.598121	0.000000
155.000000	38755.577952	39433.081679	-187500.022352	-187500.022352	92693.131291	83107.764495	95020.998421	-187500.022352	0.082000	0.998000	0.064000	192.000000	0.000000	0.000000	0.000000	0.000000	0.000000	0.000000	0.000000	0.000000	0.000000	1761332291.598138	0.000000
156.000000	38758.282513	39429.348937	-187500.022352	-187500.022352	92762.108774	83045.514887	95260.229142	-187500.022352	0.082000	0.998000	0.064000	192.000000	0.000000	0.000000	0.000000	0.000000	0.000000	0.000000	0.000000	0.000000	0.000000	1761332291.598154	0.000000
157.000000	38776.879165	39458.652074	-187500.022352	-187500.022352	92599.388075	82859.436614	95201.242888	-187500.022352	0.082000	0.998000	0.064000	192.000000	0.000000	0.000000	0.000000	0.000000	0.000000	0.000000	0.000000	0.000000	0.000000	1761332291.598171	0.000000
158.000000	38800.437903	39496.627688	-187500.022352	-187500.022352	92487.182318	82850.562972	94910.111417	-187500.022352	0.082000	0.998000	0.064000	192.000000	0.000000	0.000000	0.000000	0.000000	0.000000	0.000000	0.000000	0.000000	0.000000	1761332291.598188	0.000000
159.000000	38770.307752	39460.574324	-187500.022352	-187500.022352	92652.741689	83084.630440	94975.311455	-187500.022352	0.082000	0.998000	0.064000	192.000000	0.000000	0.000000	0.000000	0.000000	0.000000	0.000000	0.000000	0.000000	0.000000	1761332291.598205	0.000000
160.000000	38758.707197	39431.159428	-187500.022352	-187500.022352	92750.932902	83056.511945	95215.369191	-187500.022352	0.082000	0.998000	0.064000	192.000000	0.000000	0.000000	0.000000	0.000000	0.000000	0.000000	0.000000	0.000000	0.000000	1761332291.598221	0.000000
161.000000	38779.919002	39463.256534	-187500.022352	-187500.022352	92610.921575	82867.192670	95218.230214	-187500.022352	0.078000	1.004000	0.064000	192.000000	2.000000	112.000000	31.000000	96.000000	2.000000	0.000000	0.000000	0.000000	0.000000	1761332291.598238	0.000000
162.000000	38808.752752	39502.305031	-187500.022352	-187500.022352	92477.973399	82824.344376	94946.924740	-187500.022352	0.078000	1.004000	0.064000	192.000000	0.000000	0.000000	0.000000	0.000000	0.000000	0.000000	0.000000	0.000000	0.000000	1761332291.598256	0.000000
163.000000	38789.686714	39488.983391	-187500.022352	-187500.022352	92621.583357	83051.639265	94936.531179	-187500.022352	0.078000	1.004000	0.064000	192.000000	0.000000	0.000000	0.000000	0.000000	0.000000	0.000000	0.000000	0.000000	0.000000	1761332291.598272	0.000000
164.000000	38756.226153	39438.960187	-187500.022352	-187500.022352	92763.606341	83099.874330	95199.812376	-187500.022352	0.078000	1.004000	0.064000	192.000000	0.000000	0.000000	0.000000	0.000000	0.000000	0.000000	0.000000	0.000000	0.000000	1761332291.598289	0.000000
165.000000	38788.010334	39464.687045	-187500.022352	-187500.022352	92653.412241	82902.307260	95251.579017	-187500.022352	0.078000	1.004000	0.064000	192.000000	0.000000	0.000000	0.000000	0.000000	0.000000	0.000000	0.000000	0.000000	0.000000	1761332292.077393	0.000000
166.000000	38820.733287	39507.356525	-187500.022352	-187500.022352	92487.696408	82818.734088	94996.791482	-187500.022352	0.078000	1.004000	0.064000	192.000000	0.000000	0.000000	0.000000	0.000000	0.000000	0.000000	0.000000	0.000000	0.000000	1761332292.077464	0.000000
167.000000	38807.635165	39503.579081	-187500.022352	-187500.022352	92570.397862	83005.080581	94896.633315	-187500.022352	0.078000	1.004000	0.064000	192.000000	0.000000	0.000000	0.000000	0.000000	0.000000	0.000000	0.000000	0.000000	0.000000	1761332292.077508	0.000000
168.000000	38771.090063	39460.417862	-187500.022352	-187500.022352	92747.647196	83114.246501	95143.128353	-187500.022352	0.078000	1.004000	0.064000	192.000000	0.000000	0.000000	0.000000	0.000000	0.000000	0.000000	0.000000	0.000000	0.000000	1761332292.077592	0.000000
169.000000	38777.125034	39462.049539	-187500.022352	-187500.022352	92670.377215	82928.347043	95248.740345	-187500.022352	0.078000	1.004000	0.064000	192.000000	0.000000	0.000000	0.000000	0.000000	0.000000	0.000000	0.000000	0.000000	0.000000	1761332292.077613	0.000000
170.000000	38800.057924	39488.379894	-187500.022352	-187500.022352	92492.479681	82818.309405	95052.872008	-187500.022352	0.078000	1.004000	0.064000	192.000000	0.000000	0.000000	0.000000	0.000000	0.000000	0.000000	0.000000	0.000000	0.000000	1761332292.077633	0.000000
171.000000	38798.180377	39490.011572	-187500.022352	-187500.022352	92529.717687	82957.247848	94876.919076	-187500.022352	0.080000	0.998000	0.066000	192.000000	2.000000	128.000000	31.000000	48.000000	2.000000	16.000000	0.000000	0.000000	0.000000	1761332292.077653	0.000000
172.000000	38772.207650	39457.579190	-187500.022352	-187500.022352	92730.056373	83107.652737	95083.896230	-187500.022352	0.080000	0.998000	0.066000	192.000000	0.000000	0.000000	0.000000	0.000000	0.000000	0.000000	0.000000	0.000000	0.000000	1761332292.077676	0.000000
173.000000	38792.547738	39468.643304	-187500.022352	-187500.022352	92710.856224	82960.578258	95247.779220	-187500.022352	0.080000	0.998000	0.066000	192.000000	0.000000	0.000000	0.000000	0.000000	0.000000	0.000000	0.000000	0.000000	0.000000	1761332292.077698	0.000000
174.000000	38829.696337	39509.479941	-187500.022352	-187500.022352	92539.328937	82833.575646	95096.323800	-187500.022352	0.080000	0.998000	0.066000	192.000000	0.000000	0.000000	0.000000	0.000000	0.000000	0.000000	0.000000	0.000000	0.000000	1761332292.077717	0.000000
175.000000	38827.729383	39519.202950	-187500.022352	-187500.022352	92516.150178	82919.451048	94863.865657	-187500.022352	0.080000	0.998000	0.066000	192.000000	0.000000	0.000000	0.000000	0.000000	0.000000	0.000000	0.000000	0.000000	0.000000	1761332292.077737	0.000000
176.000000	38797.241604	39479.863880	-187500.022352	-187500.022352	92714.074876	83122.024908	95029.313270	-187500.022352	0.080000	0.998000	0.066000	192.000000	0.000000	0.000000	0.000000	0.000000	0.000000	0.000000	0.000000	0.000000	0.000000	1761332292.077756	0.000000
177.000000	38794.112360	39474.521813	-187500.022352	-187500.022352	92730.816332	83003.158331	95230.277804	-187500.022352	0.080000	0.998000	0.066000	192.000000	0.000000	0.000000	0.000000	0.000000	0.000000	0.000000	0.000000	0.000000	0.000000	1761332292.077776	0.000000
178.000000	38825.784782	39507.691802	-187500.022352	-187500.022352	92563.222952	82839.498858	95138.278024	-187500.022352	0.080000	0.998000	0.066000	192.000000	0.000000	0.000000	0.000000	0.000000	0.000000	0.000000	0.000000	0.000000	0.000000	1761332292.077796	0.000000
179.000000	38820.263901	39505.680145	-187500.022352	-187500.022352	92487.428187	82881.944821	94886.955009	-187500.022352	0.080000	0.998000	0.066000	192.000000	0.000000	0.000000	0.000000	0.000000	0.000000	0.000000	0.000000	0.000000	0.000000	1761332292.077815	0.000000
180.000000	38764.719816	39441.865914	-187500.022352	-187500.022352	92667.002102	83094.733428	94997.618496	-187500.022352	0.080000	0.998000	0.066000	192.000000	0.000000	0.000000	0.000000	0.000000	0.000000	0.000000	0.000000	0.000000	0.000000	1761332292.077835	0.000000
181.000000	38760.182412	39432.880513	-187500.022352	-187500.022352	92739.712326	83036.305968	95221.694734	-187500.022352	0.078000	0.996000	0.066000	192.000000	2.000000	112.000000	31.000000	32.000000	2.000000	16.000000	0.000000	0.000000	0.000000	1761332292.077854	0.000000
182.000000	38810.518540	39490.615069	-187500.022352	-187500.022352	92596.750569	82858.654303	95188.189469	-187500.022352	0.078000	0.996000	0.066000	192.000000	0.000000	0.000000	0.000000	0.000000	0.000000	0.000000	0.000000	0.000000	0.000000	1761332292.077874	0.000000
183.000000	38842.950921	39540.034776	-187500.022352	-187500.022352	92481.035588	82852.753443	94900.544870	-187500.022352	0.078000	0.996000	0.066000	192.000000	0.000000	0.000000	0.000000	0.000000	0.000000	0.000000	0.000000	0.000000	0.000000	1761332292.077894	0.000000
184.000000	38802.248395	39494.414865	-187500.022352	-187500.022352	92641.588168	83097.326231	94962.705071	-187500.022352	0.078000	0.996000	0.066000	192.000000	0.000000	0.000000	0.000000	0.000000	0.000000	0.000000	0.000000	0.000000	0.000000	1761332292.077925	0.000000
185.000000	38806.986965	39476.533470	-187500.022352	-187500.022352	92755.805583	83082.730542	95203.835690	-187500.022352	0.078000	0.996000	0.066000	192.000000	0.000000	0.000000	0.000000	0.000000	0.000000	0.000000	0.000000	0.000000	0.000000	1761332292.077945	0.000000
186.000000	38807.501055	39476.712284	-187500.022352	-187500.022352	92603.679610	82867.751463	95186.267219	-187500.022352	0.078000	0.996000	0.066000	192.000000	0.000000	0.000000	0.000000	0.000000	0.000000	0.000000	0.000000	0.000000	0.000000	1761332292.077965	0.000000
187.000000	38828.735212	39501.589775	-187500.022352	-187500.022352	92460.762556	82819.091716	94918.090989	-187500.022352	0.078000	0.996000	0.066000	192.000000	0.000000	0.000000	0.000000	0.000000	0.000000	0.000000	0.000000	0.000000	0.000000	1761332292.077985	0.000000
188.000000	38812.932529	39477.628705	-187500.022352	-187500.022352	92593.956601	83043.436175	94894.509899	-187500.022352	0.078000	0.996000	0.066000	192.000000	0.000000	0.000000	0.000000	0.000000	0.000000	0.000000	0.000000	0.000000	0.000000	1761332292.078005	0.000000
189.000000	38788.837348	39440.457754	-187500.022352	-187500.022352	92748.518914	83102.422428	95141.228454	-187500.022352	0.078000	0.996000	0.066000	192.000000	0.000000	0.000000	0.000000	0.000000	0.000000	0.000000	0.000000	0.000000	0.000000	1761332292.078025	0.000000
190.000000	38778.130862	39437.864952	-187500.022352	-187500.022352	92638.458924	82904.587138	95214.050438	-187500.022352	0.078000	0.996000	0.066000	192.000000	0.000000	0.000000	0.000000	0.000000	0.000000	0.000000	0.000000	0.000000	0.000000	1761332292.078044	0.000000
191.000000	38819.570997	39496.717095	-187500.022352	-187500.022352	92484.544812	82826.266626	94994.422197	-187500.022352	0.072000	0.992000	0.064000	192.000000	2.000000	64.000000	31.000000	0.000000	2.000000	0.000000	0.000000	0.000000	0.000000	1761332292.078064	0.000000
192.000000	38821.761468	39503.646136	-187500.022352	-187500.022352	92568.497964	83018.089297	94889.614867	-187500.022352	0.072000	0.992000	0.064000	192.000000	0.000000	0.000000	0.000000	0.000000	0.000000	0.000000	0.000000	0.000000	0.000000	1761332292.078084	0.000000
193.000000	38791.966592	39469.135042	-187500.022352	-187500.022352	92753.481001	83145.248371	95144.581216	-187500.022352	0.072000	0.992000	0.064000	192.000000	0.000000	0.000000	0.000000	0.000000	0.000000	0.000000	0.000000	0.000000	0.000000	1761332292.078103	0.000000
194.000000	38803.723610	39466.922220	-187500.022352	-187500.022352	92679.921410	82945.960217	95253.545970	-187500.022352	0.072000	0.992000	0.064000	192.000000	0.000000	0.000000	0.000000	0.000000	0.000000	0.000000	0.000000	0.000000	0.000000	1761332292.078123	0.000000
195.000000	38824.041346	39489.072798	-187500.022352	-187500.022352	92486.355303	82793.700134	95027.435723	-187500.022352	0.072000	0.992000	0.064000	192.000000	0.000000	0.000000	0.000000	0.000000	0.000000	0.000000	0.000000	0.000000	0.000000	1761332292.078142	0.000000
196.000000	38801.644898	39479.618010	-187500.022352	-187500.022352	92508.595289	82918.668737	94838.965814	-187500.022352	0.072000	0.992000	0.064000	192.000000	0.000000	0.000000	0.000000	0.000000	0.000000	0.000000	0.000000	0.000000	0.000000	1761332292.078162	0.000000
197.000000	38770.508918	39447.051519	-187500.022352	-187500.022352	92706.899966	83093.682896	95042.411392	-187500.022352	0.072000	0.992000	0.064000	192.000000	0.000000	0.000000	0.000000	0.000000	0.000000	0.000000	0.000000	0.000000	0.000000	1761332292.078181	0.000000
198.000000	38800.795531	39463.591810	-187500.022352	-187500.022352	92715.438332	82978.079674	95227.439133	-187500.022352	0.072000	0.992000	0.064000	192.000000	0.000000	0.000000	0.000000	0.000000	0.000000	0.000000	0.000000	0.000000	0.000000	1761332292.078200	0.000000
199.000000	38844.783764	39519.985261	-187500.022352	-187500.022352	92553.946978	82843.678635	95094.267439	-187500.022352	0.072000	0.992000	0.064000	192.000000	0.000000	0.000000	0.000000	0.000000	0.000000	0.000000	0.000000	0.000000	0.000000	1761332292.078230	0.000000
200.000000	38841.721575	39523.852113	-187500.022352	-187500.022352	92523.906234	82933.867923	94878.997788	-187500.022352	0.072000	0.992000	0.064000	192.000000	0.000000	0.000000	0.000000	0.000000	0.000000	0.000000	0.000000	0.000000	0.000000	1761332292.078249	0.000000
201.000000	38811.166741	39485.898851	-187500.022352	-187500.022352	92729.966966	83154.434938	95053.564913	-187500.022352	0.066000	0.990000	0.062000	192.000000	2.000000	16.000000	30.000000	240.000000	1.000000	240.000000	0.000000	0.000000	0.000000	1761332292.078268	0.000000
202.000000	38799.119151	39457.288618	-187500.022352	-187500.022352	92740.584045	83023.118439	95225.986269	-187500.022352	0.066000	0.990000	0.062000	192.000000	0.000000	0.000000	0.000000	0.000000	0.000000	0.000000	0.000000	0.000000	0.000000	1761332292.078289	0.000000
203.000000	38796.772217	39460.194345	-187500.022352	-187500.022352	92556.070394	82832.569818	95126.029268	-187500.022352	0.066000	0.990000	0.062000	192.000000	0.000000	0.000000	0.000000	0.000000	0.000000	0.000000	0.000000	0.000000	0.000000	1761332292.078309	0.000000
204.000000	38789.306735	39457.780356	-187500.022352	-187500.022352	92470.574972	82848.596018	94853.382689	-187500.022352	0.066000	0.990000	0.062000	192.000000	0.000000	0.000000	0.000000	0.000000	0.000000	0.000000	0.000000	0.000000	0.000000	1761332292.078328	0.000000
205.000000	38771.671208	39443.318777	-187500.022352	-187500.022352	92672.724148	83097.996783	94975.311455	-187500.022352	0.066000	0.990000	0.062000	192.000000	0.000000	0.000000	0.000000	0.000000	0.000000	0.000000	0.000000	0.000000	0.000000	1761332292.078348	0.000000
206.000000	38768.050226	39425.124457	-187500.022352	-187500.022352	92755.313844	83057.271905	95219.996002	-187500.022352	0.066000	0.990000	0.062000	192.000000	0.000000	0.000000	0.000000	0.000000	0.000000	0.000000	0.000000	0.000000	0.000000	1761332292.078367	0.000000
207.000000	38826.522389	39493.297278	-187500.022352	-187500.022352	92624.399677	82880.134330	95182.757995	-187500.022352	0.066000	0.990000	0.062000	192.000000	0.000000	0.000000	0.000000	0.000000	0.000000	0.000000	0.000000	0.000000	0.000000	1761332292.078385	0.000000
208.000000	38854.283256	39537.777250	-187500.022352	-187500.022352	92506.158949	82861.671789	94901.394236	-187500.022352	0.066000	0.990000	0.062000	192.000000	0.000000	0.000000	0.000000	0.000000	0.000000	0.000000	0.000000	0.000000	0.000000	1761332292.078404	0.000000
209.000000	38799.834406	39477.718112	-187500.022352	-187500.022352	92639.442401	83074.706265	94916.079332	-187500.022352	0.066000	0.990000	0.062000	192.000000	0.000000	0.000000	0.000000	0.000000	0.000000	0.000000	0.000000	0.000000	0.000000	1761332292.078422	0.000000
210.000000	38770.643028	39443.363481	-187500.022352	-187500.022352	92757.146687	83076.404998	95163.759013	-187500.022352	0.066000	0.990000	0.062000	192.000000	0.000000	0.000000	0.000000	0.000000	0.000000	0.000000	0.000000	0.000000	0.000000	1761332292.078440	0.000000
211.000000	38795.073485	39469.403263	-187500.022352	-187500.022352	92651.802916	82899.021554	95214.385714	-187500.022352	0.072000	0.994000	0.060000	192.000000	2.000000	64.000000	31.000000	16.000000	1.000000	224.000000	0.000000	0.000000	0.000000	1761332292.078459	0.000000
212.000000	38814.944186	39501.075685	-187500.022352	-187500.022352	92492.680847	82831.563989	94943.795495	-187500.022352	0.072000	0.994000	0.060000	192.000000	0.000000	0.000000	0.000000	0.000000	0.000000	0.000000	0.000000	0.000000	0.000000	1761332292.078478	0.000000
213.000000	38800.750828	39489.899813	-187500.022352	-187500.022352	92592.660200	83026.001814	94874.862716	-187500.022352	0.072000	0.994000	0.060000	192.000000	0.000000	0.000000	0.000000	0.000000	0.000000	0.000000	0.000000	0.000000	0.000000	1761332292.078497	0.000000
214.000000	38774.934563	39446.760946	-187500.022352	-187500.022352	92757.012577	83099.181425	95132.623033	-187500.022352	0.072000	0.994000	0.060000	192.000000	0.000000	0.000000	0.000000	0.000000	0.000000	0.000000	0.000000	0.000000	0.000000	1761332292.078648	0.000000
215.000000	38807.165779	39484.133063	-187500.022352	-187500.022352	92670.868954	82915.763010	95208.015467	-187500.022352	0.072000	0.994000	0.060000	192.000000	0.000000	0.000000	0.000000	0.000000	0.000000	0.000000	0.000000	0.000000	0.000000	1761332292.078668	0.000000
216.000000	38843.174439	39535.877351	-187500.022352	-187500.022352	92511.009277	82828.390041	94982.598124	-187500.022352	0.072000	0.994000	0.060000	192.000000	0.000000	0.000000	0.000000	0.000000	0.000000	0.000000	0.000000	0.000000	0.000000	1761332292.078687	0.000000
217.000000	38819.012203	39523.136857	-187500.022352	-187500.022352	92562.284179	82993.189453	94851.572198	-187500.022352	0.072000	0.994000	0.060000	192.000000	0.000000	0.000000	0.000000	0.000000	0.000000	0.000000	0.000000	0.000000	0.000000	1761332292.078706	0.000000
218.000000	38771.313580	39465.961095	-187500.022352	-187500.022352	92742.260425	83119.297995	95082.197497	-187500.022352	0.072000	0.994000	0.060000	192.000000	0.000000	0.000000	0.000000	0.000000	0.000000	0.000000	0.000000	0.000000	0.000000	1761332292.078724	0.000000
219.000000	38754.773290	39431.315891	-187500.022352	-187500.022352	92683.207117	82933.867923	95208.082522	-187500.022352	0.072000	0.994000	0.060000	192.000000	0.000000	0.000000	0.000000	0.000000	0.000000	0.000000	0.000000	0.000000	0.000000	1761332292.078743	0.000000
220.000000	38795.229947	39483.551917	-187500.022352	-187500.022352	92505.019010	82801.635003	95015.678706	-187500.022352	0.072000	0.994000	0.060000	192.000000	0.000000	0.000000	0.000000	0.000000	0.000000	0.000000	0.000000	0.000000	0.000000	1761332292.078761	0.000000
221.000000	38818.945148	39520.521703	-187500.022352	-187500.022352	92527.571920	82946.988397	94829.466323	-187500.022352	0.078000	1.006000	0.058000	192.000000	2.000000	112.000000	31.000000	112.000000	1.000000	208.000000	0.000000	0.000000	0.000000	1761332292.078780	0.000000
222.000000	38764.161022	39456.305141	-187500.022352	-187500.022352	92715.952422	83116.884007	95023.635927	-187500.022352	0.078000	1.006000	0.058000	192.000000	0.000000	0.000000	0.000000	0.000000	0.000000	0.000000	0.000000	0.000000	0.000000	1761332292.078799	0.000000
223.000000	38789.038514	39489.810406	-187500.022352	-187500.022352	92727.552978	82989.926099	95208.328391	-187500.022352	0.078000	1.006000	0.058000	192.000000	0.000000	0.000000	0.000000	0.000000	0.000000	0.000000	0.000000	0.000000	0.000000	1761332292.078831	0.000000
224.000000	38822.409668	39526.534322	-187500.022352	-187500.022352	92552.896446	82834.469716	95075.581381	-187500.022352	0.078000	1.006000	0.058000	192.000000	0.000000	0.000000	0.000000	0.000000	0.000000	0.000000	0.000000	0.000000	0.000000	1761332292.078851	0.000000
225.000000	38802.762485	39498.974621	-187500.022352	-187500.022352	92482.041416	82883.330629	94809.729732	-187500.022352	0.078000	1.006000	0.058000	192.000000	0.000000	0.000000	0.000000	0.000000	0.000000	0.000000	0.000000	0.000000	0.000000	1761332292.078869	0.000000
226.000000	38782.131825	39483.082531	-187500.022352	-187500.022352	92700.686181	83125.154153	94979.804156	-187500.022352	0.078000	1.006000	0.058000	192.000000	0.000000	0.000000	0.000000	0.000000	0.000000	0.000000	0.000000	0.000000	0.000000	1761332292.078887	0.000000
227.000000	38795.319354	39491.307973	-187500.022352	-187500.022352	92771.541211	83056.467242	95224.041667	-187500.022352	0.078000	1.006000	0.058000	192.000000	0.000000	0.000000	0.000000	0.000000	0.000000	0.000000	0.000000	0.000000	0.000000	1761332292.078906	0.000000
228.000000	38803.433037	39509.591700	-187500.022352	-187500.022352	92594.917726	82872.199461	95144.760030	-187500.022352	0.078000	1.006000	0.058000	192.000000	0.000000	0.000000	0.000000	0.000000	0.000000	0.000000	0.000000	0.000000	0.000000	1761332292.078924	0.000000
229.000000	38809.646822	39529.194180	-187500.022352	-187500.022352	92490.848004	82878.435597	94855.662567	-187500.022352	0.078000	1.006000	0.058000	192.000000	0.000000	0.000000	0.000000	0.000000	0.000000	0.000000	0.000000	0.000000	0.000000	1761332292.078981	0.000000
230.000000	38788.747941	39505.277813	-187500.022352	-187500.022352	92671.025416	83113.486542	94936.039440	-187500.022352	0.078000	1.006000	0.058000	192.000000	0.000000	0.000000	0.000000	0.000000	0.000000	0.000000	0.000000	0.000000	0.000000	1761332292.079000	0.000000
231.000000	38758.483679	39461.110766	-187500.022352	-187500.022352	92739.600568	83043.749099	95149.677414	-187500.022352	0.086000	1.000000	0.056000	192.000000	2.000000	176.000000	31.000000	64.000000	1.000000	192.000000	0.000000	0.000000	0.000000	1761332292.079020	0.000000
232.000000	38790.692543	39505.568386	-187500.022352	-187500.022352	92598.114025	82847.836059	95124.598756	-187500.022352	0.086000	1.000000	0.056000	192.000000	0.000000	0.000000	0.000000	0.000000	0.000000	0.000000	0.000000	0.000000	0.000000	1761332292.079040	0.000000
233.000000	38829.584578	39577.138672	-187500.022352	-187500.022352	92485.438882	82844.706815	94865.474983	-187500.022352	0.086000	1.000000	0.056000	192.000000	0.000000	0.000000	0.000000	0.000000	0.000000	0.000000	0.000000	0.000000	0.000000	1761332292.079058	0.000000
234.000000	38804.260052	39565.024026	-187500.022352	-187500.022352	92636.737840	83085.524510	94884.093986	-187500.022352	0.086000	1.000000	0.056000	192.000000	0.000000	0.000000	0.000000	0.000000	0.000000	0.000000	0.000000	0.000000	0.000000	1761332292.079076	0.000000
235.000000	38767.357322	39504.204929	-187500.022352	-187500.022352	92759.918303	83097.236824	95133.114771	-187500.022352	0.086000	1.000000	0.056000	192.000000	0.000000	0.000000	0.000000	0.000000	0.000000	0.000000	0.000000	0.000000	0.000000	1761332292.079095	0.000000
236.000000	38783.942316	39514.576139	-187500.022352	-187500.022352	92640.962319	82886.884557	95166.709443	-187500.022352	0.086000	1.000000	0.056000	192.000000	0.000000	0.000000	0.000000	0.000000	0.000000	0.000000	0.000000	0.000000	0.000000	1761332292.079113	0.000000
237.000000	38812.127866	39568.376788	-187500.022352	-187500.022352	92494.290172	82822.667995	94912.167777	-187500.022352	0.086000	1.000000	0.056000	192.000000	0.000000	0.000000	0.000000	0.000000	0.000000	0.000000	0.000000	0.000000	0.000000	1761332292.079132	0.000000
238.000000	38805.824674	39575.819919	-187500.022352	-187500.022352	92604.730142	83051.505155	94854.835553	-187500.022352	0.086000	1.000000	0.056000	192.000000	0.000000	0.000000	0.000000	0.000000	0.000000	0.000000	0.000000	0.000000	0.000000	1761332292.079150	0.000000
239.000000	38768.810185	39524.902645	-187500.022352	-187500.022352	92757.884295	83121.019080	95095.005047	-187500.022352	0.086000	1.000000	0.056000	192.000000	0.000000	0.000000	0.000000	0.000000	0.000000	0.000000	0.000000	0.000000	0.000000	1761332292.079169	0.000000
240.000000	38761.188240	39510.575177	-187500.022352	-187500.022352	92656.899113	82906.531740	95167.156478	-187500.022352	0.086000	1.000000	0.056000	192.000000	0.000000	0.000000	0.000000	0.000000	0.000000	0.000000	0.000000	0.000000	0.000000	1761332292.079187	0.000000
241.000000	38801.577842	39567.125090	-187500.022352	-187500.022352	92489.551603	82806.284166	94942.052059	-187500.022352	0.084000	1.004000	0.058000	192.000000	2.000000	160.000000	31.000000	96.000000	1.000000	208.000000	0.000000	0.000000	0.000000	1761332292.079206	0.000000
242.000000	38822.856703	39601.256204	-187500.022352	-187500.022352	92557.098574	82999.269128	94815.630593	-187500.022352	0.084000	1.004000	0.058000	192.000000	0.000000	0.000000	0.000000	0.000000	0.000000	0.000000	0.000000	0.000000	0.000000	1761332292.079226	0.000000
243.000000	38787.719761	39556.910343	-187500.022352	-187500.022352	92737.678318	83135.838286	95038.633947	-187500.022352	0.084000	1.004000	0.058000	192.000000	0.000000	0.000000	0.000000	0.000000	0.000000	0.000000	0.000000	0.000000	0.000000	1761332292.079243	0.000000
244.000000	38795.744037	39574.568221	-187500.022352	-187500.022352	92718.254652	82984.114645	95199.633563	-187500.022352	0.084000	1.004000	0.058000	192.000000	0.000000	0.000000	0.000000	0.000000	0.000000	0.000000	0.000000	0.000000	0.000000	1761332292.079261	0.000000
245.000000	38784.925793	39568.600305	-187500.022352	-187500.022352	92519.435885	82824.076155	95007.654429	-187500.022352	0.084000	1.004000	0.058000	192.000000	0.000000	0.000000	0.000000	0.000000	0.000000	0.000000	0.000000	0.000000	0.000000	1761332292.079303	0.000000
246.000000	38788.591479	39579.507956	-187500.022352	-187500.022352	92501.286268	82926.469496	94781.320665	-187500.022352	0.084000	1.004000	0.058000	192.000000	0.000000	0.000000	0.000000	0.000000	0.000000	0.000000	0.000000	0.000000	0.000000	1761332292.079321	0.000000
247.000000	38781.304810	39561.626561	-187500.022352	-187500.022352	92723.484960	83146.924752	94989.393054	-187500.022352	0.084000	1.004000	0.058000	192.000000	0.000000	0.000000	0.000000	0.000000	0.000000	0.000000	0.000000	0.000000	0.000000	1761332292.079339	0.000000
248.000000	38779.717836	39547.433203	-187500.022352	-187500.022352	92736.247806	83017.999890	95183.808527	-187500.022352	0.084000	1.004000	0.058000	192.000000	0.000000	0.000000	0.000000	0.000000	0.000000	0.000000	0.000000	0.000000	0.000000	1761332292.079356	0.000000
249.000000	38814.005412	39593.388390	-187500.022352	-187500.022352	92560.138412	82851.300579	95059.018738	-187500.022352	0.084000	1.004000	0.058000	192.000000	0.000000	0.000000	0.000000	0.000000	0.000000	0.000000	0.000000	0.000000	0.000000	1761332292.079374	0.000000
250.000000	38823.661366	39613.013221	-187500.022352	-187500.022352	92497.575879	82904.430676	94793.927049	-187500.022352	0.084000	1.004000	0.058000	192.000000	0.000000	0.000000	0.000000	0.000000	0.000000	0.000000	0.000000	0.000000	0.000000	1761332292.079392	0.000000
251.000000	38783.539985	39570.768424	-187500.022352	-187500.022352	92693.265402	83135.033624	94935.324184	-187500.022352	0.100000	0.984000	0.050000	192.000000	3.000000	32.000000	30.000000	192.000000	1.000000	144.000000	0.000000	0.000000	0.000000	1761332292.079409	0.000000
252.000000	38773.302886	39544.952160	-187500.022352	-187500.022352	92749.524742	83044.620817	95168.877562	-187500.022352	0.100000	0.984000	0.050000	192.000000	0.000000	0.000000	0.000000	0.000000	0.000000	0.000000	0.000000	0.000000	0.000000	1761332292.079428	0.000000
253.000000	38816.732325	39596.674096	-187500.022352	-187500.022352	92601.779711	82874.412283	95111.679448	-187500.022352	0.100000	0.984000	0.050000	192.000000	0.000000	0.000000	0.000000	0.000000	0.000000	0.000000	0.000000	0.000000	0.000000	1761332292.079446	0.000000
254.000000	38827.349404	39609.615756	-187500.022352	-187500.022352	92502.336800	82888.605641	94844.844323	-187500.022352	0.100000	0.984000	0.050000	192.000000	0.000000	0.000000	0.000000	0.000000	0.000000	0.000000	0.000000	0.000000	0.000000	1761332292.079464	0.000000
255.000000	38797.621584	39577.093968	-187500.022352	-187500.022352	92655.200381	83104.076458	94886.932658	-187500.022352	0.100000	0.984000	0.050000	192.000000	0.000000	0.000000	0.000000	0.000000	0.000000	0.000000	0.000000	0.000000	0.000000	1761332292.079482	0.000000
0.000000	38780.835424	39548.707253	-187500.022352	-187500.022352	92753.771574	83068.380722	95130.633727	-187500.022352	0.100000	0.984000	0.050000	192.000000	0.000000	0.000000	0.000000	0.000000	0.000000	0.000000	0.000000	0.000000	0.000000	1761332292.079499	0.000000
1.000000	38812.776066	39589.610945	-187500.022352	-187500.022352	92626.321927	82873.182937	95130.834893	-187500.022352	0.100000	0.984000	0.050000	192.000000	0.000000	0.000000	0.000000	0.000000	0.000000	0.000000	0.000000	0.000000	0.000000	1761332292.079517	0.000000
2.000000	38832.020918	39617.125942	-187500.022352	-187500.022352	92485.595344	82829.753498	94842.832666	-187500.022352	0.100000	0.984000	0.050000	192.000000	0.000000	0.000000	0.000000	0.000000	0.000000	0.000000	0.000000	0.000000	0.000000	1761332292.079535	0.000000
3.000000	38802.471912	39591.577898	-187500.022352	-187500.022352	92613.849653	83054.209716	94827.901700	-187500.022352	0.100000	0.984000	0.050000	192.000000	0.000000	0.000000	0.000000	0.000000	0.000000	0.000000	0.000000	0.000000	0.000000	1761332292.079553	0.000000
4.000000	38779.159043	39559.816070	-187500.022352	-187500.022352	92756.297321	83091.760646	95080.610523	-187500.022352	0.100000	0.984000	0.050000	192.000000	0.000000	0.000000	0.000000	0.000000	0.000000	0.000000	0.000000	0.000000	0.000000	1761332292.079595	0.000000
5.000000	38784.858738	39554.898686	-187500.022352	-187500.022352	92647.265511	82891.421961	95148.559826	-187500.022352	0.072000	0.990000	0.048000	192.000000	2.000000	64.000000	30.000000	240.000000	1.000000	128.000000	0.000000	0.000000	0.000000	1761332292.079613	0.000000
6.000000	38822.499075	39608.654631	-187500.022352	-187500.022352	92492.479681	82814.084925	94893.682884	-187500.022352	0.072000	0.990000	0.048000	192.000000	0.000000	0.000000	0.000000	0.000000	0.000000	0.000000	0.000000	0.000000	0.000000	1761332292.079632	0.000000
7.000000	38819.235721	39616.254224	-187500.022352	-187500.022352	92583.361874	83024.459544	94805.304087	-187500.022352	0.072000	0.990000	0.048000	192.000000	0.000000	0.000000	0.000000	0.000000	0.000000	0.000000	0.000000	0.000000	0.000000	1761332292.079649	0.000000
8.000000	38791.854834	39576.736340	-187500.022352	-187500.022352	92759.046585	83127.769307	95059.801049	-187500.022352	0.072000	0.990000	0.048000	192.000000	0.000000	0.000000	0.000000	0.000000	0.000000	0.000000	0.000000	0.000000	0.000000	1761332292.079667	0.000000
9.000000	38794.537043	39575.752863	-187500.022352	-187500.022352	92687.409244	82943.859153	95177.281818	-187500.022352	0.072000	0.990000	0.048000	192.000000	0.000000	0.000000	0.000000	0.000000	0.000000	0.000000	0.000000	0.000000	0.000000	1761332292.079685	0.000000
10.000000	38800.929642	39589.365076	-187500.022352	-187500.022352	92502.292097	82821.259835	94959.084089	-187500.022352	0.072000	0.990000	0.048000	192.000000	0.000000	0.000000	0.000000	0.000000	0.000000	0.000000	0.000000	0.000000	0.000000	1761332292.079702	0.000000
11.000000	38793.397104	39590.683829	-187500.022352	-187500.022352	92525.090876	82962.813433	94776.872668	-187500.022352	0.072000	0.990000	0.048000	192.000000	0.000000	0.000000	0.000000	0.000000	0.000000	0.000000	0.000000	0.000000	0.000000	1761332292.079720	0.000000
12.000000	38745.631426	39527.361337	-187500.022352	-187500.022352	92698.696875	83097.393286	94973.746833	-187500.022352	0.072000	0.990000	0.048000	192.000000	0.000000	0.000000	0.000000	0.000000	0.000000	0.000000	0.000000	0.000000	0.000000	1761332292.079738	0.000000
13.000000	38760.920019	39546.963817	-187500.022352	-187500.022352	92691.767835	82955.504412	95157.589931	-187500.022352	0.072000	0.990000	0.048000	192.000000	0.000000	0.000000	0.000000	0.000000	0.000000	0.000000	0.000000	0.000000	0.000000	1761332292.079756	0.000000
14.000000	38818.498113	39626.334861	-187500.022352	-187500.022352	92526.141408	82826.713661	95002.513528	-187500.022352	0.072000	0.990000	0.048000	192.000000	0.000000	0.000000	0.000000	0.000000	0.000000	0.000000	0.000000	0.000000	0.000000	1761332292.079774	0.000000
15.000000	38827.349404	39643.679815	-187500.022352	-187500.022352	92503.856719	82931.833915	94764.132174	-187500.022352	0.074000	0.990000	0.040000	192.000000	2.000000	80.000000	30.000000	240.000000	1.000000	64.000000	0.000000	0.000000	0.000000	1761332292.079792	0.000000
16.000000	38768.072577	39578.546831	-187500.022352	-187500.022352	92699.970925	83136.710004	94954.881961	-187500.022352	0.074000	0.990000	0.040000	192.000000	0.000000	0.000000	0.000000	0.000000	0.000000	0.000000	0.000000	0.000000	0.000000	1761332292.079810	0.000000
17.000000	38742.032795	39536.726718	-187500.022352	-187500.022352	92707.883442	82993.211805	95146.168190	-187500.022352	0.074000	0.990000	0.040000	192.000000	0.000000	0.000000	0.000000	0.000000	0.000000	0.000000	0.000000	0.000000	0.000000	1761332292.079828	0.000000
18.000000	38783.830557	39586.325239	-187500.022352	-187500.022352	92545.050984	82826.758364	95045.138305	-187500.022352	0.074000	0.990000	0.040000	192.000000	0.000000	0.000000	0.000000	0.000000	0.000000	0.000000	0.000000	0.000000	0.000000	1761332292.079846	0.000000
19.000000	38798.627412	39616.120114	-187500.022352	-187500.022352	92466.618713	82872.937068	94763.260456	-187500.022352	0.074000	0.990000	0.040000	192.000000	0.000000	0.000000	0.000000	0.000000	0.000000	0.000000	0.000000	0.000000	0.000000	1761332292.079886	0.000000
20.000000	38766.776176	39578.815052	-187500.022352	-187500.022352	92659.581323	83120.281472	94913.441827	-187500.022352	0.074000	0.990000	0.040000	192.000000	0.000000	0.000000	0.000000	0.000000	0.000000	0.000000	0.000000	0.000000	0.000000	1761332292.079904	0.000000
21.000000	38761.411758	39564.532288	-187500.022352	-187500.022352	92731.218664	83041.625684	95146.302300	-187500.022352	0.074000	0.990000	0.040000	192.000000	0.000000	0.000000	0.000000	0.000000	0.000000	0.000000	0.000000	0.000000	0.000000	1761332292.079922	0.000000
22.000000	38764.541002	39575.752863	-187500.022352	-187500.022352	92566.978045	82836.034338	95083.113919	-187500.022352	0.074000	0.990000	0.040000	192.000000	0.000000	0.000000	0.000000	0.000000	0.000000	0.000000	0.000000	0.000000	0.000000	1761332292.079940	0.000000
23.000000	38784.948145	39606.352402	-187500.022352	-187500.022352	92448.446744	82841.286998	94797.279811	-187500.022352	0.074000	0.990000	0.040000	192.000000	0.000000	0.000000	0.000000	0.000000	0.000000	0.000000	0.000000	0.000000	0.000000	1761332292.079958	0.000000
24.000000	38780.991886	39608.051134	-187500.022352	-187500.022352	92620.733991	83082.752893	94839.815180	-187500.022352	0.074000	0.990000	0.040000	192.000000	0.000000	0.000000	0.000000	0.000000	0.000000	0.000000	0.000000	0.000000	0.000000	1761332292.079976	0.000000
25.000000	38747.888952	39559.346683	-187500.022352	-187500.022352	92726.748315	83059.104748	95093.887460	-187500.022352	0.064000	1.010000	0.040000	192.000000	2.000000	0.000000	31.000000	144.000000	1.000000	64.000000	0.000000	0.000000	0.000000	1761332292.079993	0.000000
26.000000	38755.376787	39566.029855	-187500.022352	-187500.022352	92588.927458	82847.500783	95105.644477	-187500.022352	0.064000	1.010000	0.040000	192.000000	0.000000	0.000000	0.000000	0.000000	0.000000	0.000000	0.000000	0.000000	0.000000	1761332292.080012	0.000000
27.000000	38788.345610	39612.566186	-187500.022352	-187500.022352	92445.429259	82803.244329	94839.323442	-187500.022352	0.064000	1.010000	0.040000	192.000000	0.000000	0.000000	0.000000	0.000000	0.000000	0.000000	0.000000	0.000000	0.000000	1761332292.080030	0.000000
28.000000	38782.511804	39615.896596	-187500.022352	-187500.022352	92566.441603	83024.548951	94794.172918	-187500.022352	0.064000	1.010000	0.040000	192.000000	0.000000	0.000000	0.000000	0.000000	0.000000	0.000000	0.000000	0.000000	0.000000	1761332292.080047	0.000000
29.000000	38752.247542	39573.271820	-187500.022352	-187500.022352	92725.250748	83079.266021	95063.332625	-187500.022352	0.064000	1.010000	0.040000	192.000000	0.000000	0.000000	0.000000	0.000000	0.000000	0.000000	0.000000	0.000000	0.000000	1761332292.080064	0.000000
30.000000	38764.697464	39578.971515	-187500.022352	-187500.022352	92638.235407	82888.225661	95160.227437	-187500.022352	0.064000	1.010000	0.040000	192.000000	0.000000	0.000000	0.000000	0.000000	0.000000	0.000000	0.000000	0.000000	0.000000	1761332292.558740	0.000000
31.000000	38792.055999	39620.903387	-187500.022352	-187500.022352	92455.576951	82786.569928	94895.582783	-187500.022352	0.064000	1.010000	0.040000	192.000000	0.000000	0.000000	0.000000	0.000000	0.000000	0.000000	0.000000	0.000000	0.000000	1761332292.558877	0.000000
32.000000	38777.795586	39617.908253	-187500.022352	-187500.022352	92513.445617	82961.405273	94751.123458	-187500.022352	0.064000	1.010000	0.040000	192.000000	0.000000	0.000000	0.000000	0.000000	0.000000	0.000000	0.000000	0.000000	0.000000	1761332292.558979	0.000000
33.000000	38734.030871	39555.725700	-187500.022352	-187500.022352	92694.874727	83070.504137	94998.847842	-187500.022352	0.064000	1.010000	0.040000	192.000000	0.000000	0.000000	0.000000	0.000000	0.000000	0.000000	0.000000	0.000000	0.000000	1761332292.559047	0.000000
34.000000	38755.443842	39578.859756	-187500.022352	-187500.022352	92668.276151	82910.040964	95165.703614	-187500.022352	0.064000	1.010000	0.040000	192.000000	0.000000	0.000000	0.000000	0.000000	0.000000	0.000000	0.000000	0.000000	0.000000	1761332292.559077	0.000000
35.000000	38791.653668	39622.266844	-187500.022352	-187500.022352	92489.842175	82788.648640	94962.906237	-187500.022352	0.062000	1.006000	0.040000	192.000000	1.000000	240.000000	31.000000	112.000000	1.000000	64.000000	0.000000	0.000000	0.000000	1761332292.559252	0.000000
36.000000	38787.876223	39620.568111	-187500.022352	-187500.022352	92492.658495	82922.446182	94756.264360	-187500.022352	0.062000	1.006000	0.040000	192.000000	0.000000	0.000000	0.000000	0.000000	0.000000	0.000000	0.000000	0.000000	0.000000	1761332292.559284	0.000000
37.000000	38754.549772	39579.239736	-187500.022352	-187500.022352	92690.404378	83093.749952	94978.440699	-187500.022352	0.062000	1.006000	0.040000	192.000000	0.000000	0.000000	0.000000	0.000000	0.000000	0.000000	0.000000	0.000000	0.000000	1761332292.559314	0.000000
38.000000	38769.056054	39589.029800	-187500.022352	-187500.022352	92715.460684	82962.344046	95192.145728	-187500.022352	0.062000	1.006000	0.040000	192.000000	0.000000	0.000000	0.000000	0.000000	0.000000	0.000000	0.000000	0.000000	0.000000	1761332292.559343	0.000000
39.000000	38802.896595	39632.325129	-187500.022352	-187500.022352	92525.515559	82797.365820	95022.831264	-187500.022352	0.062000	1.006000	0.040000	192.000000	0.000000	0.000000	0.000000	0.000000	0.000000	0.000000	0.000000	0.000000	0.000000	1761332292.559372	0.000000
40.000000	38811.658479	39654.431004	-187500.022352	-187500.022352	92470.262047	82874.032304	94742.987423	-187500.022352	0.062000	1.006000	0.040000	192.000000	0.000000	0.000000	0.000000	0.000000	0.000000	0.000000	0.000000	0.000000	0.000000	1761332292.559401	0.000000
41.000000	38735.707252	39561.045416	-187500.022352	-187500.022352	92654.552180	83072.739312	94907.809187	-187500.022352	0.062000	1.006000	0.040000	192.000000	0.000000	0.000000	0.000000	0.000000	0.000000	0.000000	0.000000	0.000000	0.000000	1761332292.559430	0.000000
42.000000	38730.946330	39543.208723	-187500.022352	-187500.022352	92704.620088	82965.652104	95155.466515	-187500.022352	0.062000	1.006000	0.040000	192.000000	0.000000	0.000000	0.000000	0.000000	0.000000	0.000000	0.000000	0.000000	0.000000	1761332292.559459	0.000000
43.000000	38796.459293	39623.809114	-187500.022352	-187500.022352	92562.686510	82819.024660	95087.561916	-187500.022352	0.062000	1.006000	0.040000	192.000000	0.000000	0.000000	0.000000	0.000000	0.000000	0.000000	0.000000	0.000000	0.000000	1761332292.559487	0.000000
44.000000	38816.553511	39657.895524	-187500.022352	-187500.022352	92458.393271	82853.848678	94772.268209	-187500.022352	0.062000	1.006000	0.040000	192.000000	0.000000	0.000000	0.000000	0.000000	0.000000	0.000000	0.000000	0.000000	0.000000	1761332292.559516	0.000000
45.000000	38776.767406	39609.615756	-187500.022352	-187500.022352	92632.423953	83076.762626	94859.864695	-187500.022352	0.060000	1.008000	0.050000	192.000000	1.000000	224.000000	31.000000	128.000000	1.000000	144.000000	0.000000	0.000000	0.000000	1761332292.559544	0.000000
46.000000	38740.937560	39558.653779	-187500.022352	-187500.022352	92725.787190	83016.591730	95131.080762	-187500.022352	0.060000	1.008000	0.050000	192.000000	0.000000	0.000000	0.000000	0.000000	0.000000	0.000000	0.000000	0.000000	0.000000	1761332292.559574	0.000000
47.000000	38752.448708	39572.444805	-187500.022352	-187500.022352	92589.039217	82840.348225	95141.183751	-187500.022352	0.060000	1.008000	0.050000	192.000000	0.000000	0.000000	0.000000	0.000000	0.000000	0.000000	0.000000	0.000000	0.000000	1761332292.559603	0.000000
48.000000	38799.588537	39634.984986	-187500.022352	-187500.022352	92456.046338	82830.133477	94830.606262	-187500.022352	0.060000	1.008000	0.050000	192.000000	0.000000	0.000000	0.000000	0.000000	0.000000	0.000000	0.000000	0.000000	0.000000	1761332292.559631	0.000000
49.000000	38789.954935	39627.251283	-187500.022352	-187500.022352	92607.993496	83068.492480	94842.810314	-187500.022352	0.060000	1.008000	0.050000	192.000000	0.000000	0.000000	0.000000	0.000000	0.000000	0.000000	0.000000	0.000000	0.000000	1761332292.559659	0.000000
50.000000	38745.430260	39564.331122	-187500.022352	-187500.022352	92749.077707	83067.978390	95128.599719	-187500.022352	0.060000	1.008000	0.050000	192.000000	0.000000	0.000000	0.000000	0.000000	0.000000	0.000000	0.000000	0.000000	0.000000	1761332292.559730	0.000000
51.000000	38758.975417	39584.470044	-187500.022352	-187500.022352	92638.168351	82881.855414	95187.898897	-187500.022352	0.060000	1.008000	0.050000	192.000000	0.000000	0.000000	0.000000	0.000000	0.000000	0.000000	0.000000	0.000000	0.000000	1761332292.559759	0.000000
52.000000	38800.192034	39641.958730	-187500.022352	-187500.022352	92464.495297	82816.610672	94881.568239	-187500.022352	0.060000	1.008000	0.050000	192.000000	0.000000	0.000000	0.000000	0.000000	0.000000	0.000000	0.000000	0.000000	0.000000	1761332292.559787	0.000000
53.000000	38792.145406	39627.050117	-187500.022352	-187500.022352	92551.465935	83010.757924	94771.374139	-187500.022352	0.060000	1.008000	0.050000	192.000000	0.000000	0.000000	0.000000	0.000000	0.000000	0.000000	0.000000	0.000000	0.000000	1761332292.559816	0.000000
54.000000	38737.830667	39553.490526	-187500.022352	-187500.022352	92735.890178	83089.145492	95075.290808	-187500.022352	0.060000	1.008000	0.050000	192.000000	0.000000	0.000000	0.000000	0.000000	0.000000	0.000000	0.000000	0.000000	0.000000	1761332292.559844	0.000000
55.000000	38764.563354	39584.045361	-187500.022352	-187500.022352	92674.914619	82913.661946	95210.697676	-187500.022352	0.056000	0.992000	0.060000	192.000000	1.000000	192.000000	31.000000	0.000000	1.000000	224.000000	0.000000	0.000000	0.000000	1761332292.559872	0.000000
56.000000	38803.276575	39636.415498	-187500.022352	-187500.022352	92481.594382	82810.151018	94933.871321	-187500.022352	0.056000	0.992000	0.060000	192.000000	0.000000	0.000000	0.000000	0.000000	0.000000	0.000000	0.000000	0.000000	0.000000	1761332292.559902	0.000000
57.000000	38780.142519	39613.929643	-187500.022352	-187500.022352	92518.072428	82972.335276	94756.219656	-187500.022352	0.056000	0.992000	0.060000	192.000000	0.000000	0.000000	0.000000	0.000000	0.000000	0.000000	0.000000	0.000000	0.000000	1761332292.559930	0.000000
58.000000	38739.574103	39562.542982	-187500.022352	-187500.022352	92728.916434	83106.132818	95025.446418	-187500.022352	0.056000	0.992000	0.060000	192.000000	0.000000	0.000000	0.000000	0.000000	0.000000	0.000000	0.000000	0.000000	0.000000	1761332292.559958	0.000000
59.000000	38759.713025	39588.247489	-187500.022352	-187500.022352	92710.029210	82947.122508	95201.689923	-187500.022352	0.056000	0.992000	0.060000	192.000000	0.000000	0.000000	0.000000	0.000000	0.000000	0.000000	0.000000	0.000000	0.000000	1761332292.559986	0.000000
60.000000	38785.216365	39620.948091	-187500.022352	-187500.022352	92511.992754	82813.861408	94992.254077	-187500.022352	0.056000	0.992000	0.060000	192.000000	0.000000	0.000000	0.000000	0.000000	0.000000	0.000000	0.000000	0.000000	0.000000	1761332292.560015	0.000000
61.000000	38781.483624	39621.663346	-187500.022352	-187500.022352	92502.605021	82938.673549	94762.746365	-187500.022352	0.056000	0.992000	0.060000	192.000000	0.000000	0.000000	0.000000	0.000000	0.000000	0.000000	0.000000	0.000000	0.000000	1761332292.560042	0.000000
62.000000	38743.642121	39576.535174	-187500.022352	-187500.022352	92729.788152	83128.261045	94995.517432	-187500.022352	0.056000	0.992000	0.060000	192.000000	0.000000	0.000000	0.000000	0.000000	0.000000	0.000000	0.000000	0.000000	0.000000	1761332292.560071	0.000000
63.000000	38728.040603	39554.496354	-187500.022352	-187500.022352	92757.616074	83004.387677	95243.599444	-187500.022352	0.056000	0.992000	0.060000	192.000000	0.000000	0.000000	0.000000	0.000000	0.000000	0.000000	0.000000	0.000000	0.000000	1761332292.560099	0.000000
64.000000	38779.539022	39614.466085	-187500.022352	-187500.022352	92561.121888	82840.974074	95086.690198	-187500.022352	0.056000	0.992000	0.060000	192.000000	0.000000	0.000000	0.000000	0.000000	0.000000	0.000000	0.000000	0.000000	0.000000	1761332292.560127	0.000000
65.000000	38815.704145	39654.922742	-187500.022352	-187500.022352	92497.307658	82910.979737	94784.271095	-187500.022352	0.052000	0.990000	0.064000	192.000000	1.000000	160.000000	30.000000	240.000000	2.000000	0.000000	0.000000	0.000000	0.000000	1761332292.560155	0.000000
66.000000	38757.679016	39594.170701	-187500.022352	-187500.022352	92721.853283	83137.872295	94957.474763	-187500.022352	0.052000	0.990000	0.064000	192.000000	0.000000	0.000000	0.000000	0.000000	0.000000	0.000000	0.000000	0.000000	0.000000	1761332292.560221	0.000000
67.000000	38736.154286	39567.058035	-187500.022352	-187500.022352	92796.418702	83045.872515	95237.229197	-187500.022352	0.052000	0.990000	0.064000	192.000000	0.000000	0.000000	0.000000	0.000000	0.000000	0.000000	0.000000	0.000000	0.000000	1761332292.560249	0.000000
68.000000	38774.599287	39615.360155	-187500.022352	-187500.022352	92621.136322	82870.344266	95157.165248	-187500.022352	0.052000	0.990000	0.064000	192.000000	0.000000	0.000000	0.000000	0.000000	0.000000	0.000000	0.000000	0.000000	0.000000	1761332292.560277	0.000000
69.000000	38795.051133	39641.489344	-187500.022352	-187500.022352	92499.878108	82890.371429	94836.194198	-187500.022352	0.052000	0.990000	0.064000	192.000000	0.000000	0.000000	0.000000	0.000000	0.000000	0.000000	0.000000	0.000000	0.000000	1761332292.560304	0.000000
70.000000	38769.212516	39609.347535	-187500.022352	-187500.022352	92696.841681	83121.846094	94911.139597	-187500.022352	0.052000	0.990000	0.064000	192.000000	0.000000	0.000000	0.000000	0.000000	0.000000	0.000000	0.000000	0.000000	0.000000	1761332292.560331	0.000000
71.000000	38714.361336	39535.497372	-187500.022352	-187500.022352	92810.433246	83076.762626	95218.565490	-187500.022352	0.052000	0.990000	0.064000	192.000000	0.000000	0.000000	0.000000	0.000000	0.000000	0.000000	0.000000	0.000000	0.000000	1761332292.560357	0.000000
72.000000	38740.423470	39573.830613	-187500.022352	-187500.022352	92669.125518	82900.474417	95239.062040	-187500.022352	0.052000	0.990000	0.064000	192.000000	0.000000	0.000000	0.000000	0.000000	0.000000	0.000000	0.000000	0.000000	0.000000	1761332292.560383	0.000000
73.000000	38795.431113	39655.235667	-187500.022352	-187500.022352	92500.302792	82869.427844	94889.726626	-187500.022352	0.052000	0.990000	0.064000	192.000000	0.000000	0.000000	0.000000	0.000000	0.000000	0.000000	0.000000	0.000000	0.000000	1761332292.560410	0.000000
74.000000	38761.076481	39612.923814	-187500.022352	-187500.022352	92650.014776	83096.610975	94879.154251	-187500.022352	0.052000	0.990000	0.064000	192.000000	0.000000	0.000000	0.000000	0.000000	0.000000	0.000000	0.000000	0.000000	0.000000	1761332292.560436	0.000000
75.000000	38721.357432	39554.138726	-187500.022352	-187500.022352	92836.048345	83137.045281	95223.684040	-187500.022352	0.042000	1.010000	0.068000	192.000000	1.000000	80.000000	31.000000	144.000000	2.000000	32.000000	0.000000	0.000000	0.000000	1761332292.560482	0.000000
76.000000	38753.454537	39587.040494	-187500.022352	-187500.022352	92706.899966	82942.898028	95287.811194	-187500.022352	0.042000	1.010000	0.068000	192.000000	0.000000	0.000000	0.000000	0.000000	0.000000	0.000000	0.000000	0.000000	0.000000	1761332292.560510	0.000000
77.000000	38805.444694	39652.017015	-187500.022352	-187500.022352	92497.352361	82851.591152	94932.619623	-187500.022352	0.042000	1.010000	0.068000	192.000000	0.000000	0.000000	0.000000	0.000000	0.000000	0.000000	0.000000	0.000000	0.000000	1761332292.560536	0.000000
78.000000	38780.477796	39628.257111	-187500.022352	-187500.022352	92607.479406	83061.026998	94836.708288	-187500.022352	0.042000	1.010000	0.068000	192.000000	0.000000	0.000000	0.000000	0.000000	0.000000	0.000000	0.000000	0.000000	0.000000	1761332292.560563	0.000000
79.000000	38712.796713	39546.002692	-187500.022352	-187500.022352	92809.427417	83147.952932	95158.931036	-187500.022352	0.042000	1.010000	0.068000	192.000000	0.000000	0.000000	0.000000	0.000000	0.000000	0.000000	0.000000	0.000000	0.000000	1761332292.560589	0.000000
80.000000	38724.464324	39559.190221	-187500.022352	-187500.022352	92725.675431	82954.096252	95298.025942	-187500.022352	0.042000	1.010000	0.068000	192.000000	0.000000	0.000000	0.000000	0.000000	0.000000	0.000000	0.000000	0.000000	0.000000	1761332292.560616	0.000000
81.000000	38777.773235	39630.179361	-187500.022352	-187500.022352	92495.385408	82830.289940	94998.244345	-187500.022352	0.042000	1.010000	0.068000	192.000000	0.000000	0.000000	0.000000	0.000000	0.000000	0.000000	0.000000	0.000000	0.000000	1761332292.560676	0.000000
82.000000	38786.780988	39648.127812	-187500.022352	-187500.022352	92530.120019	82987.869738	94791.043674	-187500.022352	0.042000	1.010000	0.068000	192.000000	0.000000	0.000000	0.000000	0.000000	0.000000	0.000000	0.000000	0.000000	0.000000	1761332292.560702	0.000000
83.000000	38735.237865	39585.475872	-187500.022352	-187500.022352	92787.545060	83172.986886	95119.547262	-187500.022352	0.042000	1.010000	0.068000	192.000000	0.000000	0.000000	0.000000	0.000000	0.000000	0.000000	0.000000	0.000000	0.000000	1761332292.560729	0.000000
84.000000	38736.467211	39583.128939	-187500.022352	-187500.022352	92759.068937	83004.790009	95330.681840	-187500.022352	0.042000	1.010000	0.068000	192.000000	0.000000	0.000000	0.000000	0.000000	0.000000	0.000000	0.000000	0.000000	0.000000	1761332292.560755	0.000000
85.000000	38770.821842	39621.953919	-187500.022352	-187500.022352	92504.504920	82817.325928	95064.338453	-187500.022352	0.036000	0.996000	0.068000	192.000000	1.000000	32.000000	31.000000	32.000000	2.000000	32.000000	0.000000	0.000000	0.000000	1761332292.560781	0.000000
86.000000	38770.195993	39628.011242	-187500.022352	-187500.022352	92468.250390	82918.713441	94775.486860	-187500.022352	0.036000	0.996000	0.068000	192.000000	0.000000	0.000000	0.000000	0.000000	0.000000	0.000000	0.000000	0.000000	0.000000	1761332292.560809	0.000000
87.000000	38732.287435	39576.870451	-187500.022352	-187500.022352	92713.739599	83124.148324	95011.990668	-187500.022352	0.036000	0.996000	0.068000	192.000000	0.000000	0.000000	0.000000	0.000000	0.000000	0.000000	0.000000	0.000000	0.000000	1761332292.560835	0.000000
88.000000	38733.270911	39566.454538	-187500.022352	-187500.022352	92737.834780	82992.675363	95268.633398	-187500.022352	0.036000	0.996000	0.068000	192.000000	0.000000	0.000000	0.000000	0.000000	0.000000	0.000000	0.000000	0.000000	0.000000	1761332292.560862	0.000000
89.000000	38773.369941	39619.316413	-187500.022352	-187500.022352	92517.200710	82811.022736	95107.142044	-187500.022352	0.036000	0.996000	0.068000	192.000000	0.000000	0.000000	0.000000	0.000000	0.000000	0.000000	0.000000	0.000000	0.000000	1761332292.560888	0.000000
90.000000	38791.765427	39644.976216	-187500.022352	-187500.022352	92422.809294	82853.312236	94749.245912	-187500.022352	0.036000	0.996000	0.068000	192.000000	0.000000	0.000000	0.000000	0.000000	0.000000	0.000000	0.000000	0.000000	0.000000	1761332292.560915	0.000000
91.000000	38737.495391	39585.252355	-187500.022352	-187500.022352	92650.394756	83086.373876	94905.596364	-187500.022352	0.036000	0.996000	0.068000	192.000000	0.000000	0.000000	0.000000	0.000000	0.000000	0.000000	0.000000	0.000000	0.000000	1761332292.560941	0.000000
92.000000	38717.244711	39555.166907	-187500.022352	-187500.022352	92742.439239	83016.323509	95219.191339	-187500.022352	0.036000	0.996000	0.068000	192.000000	0.000000	0.000000	0.000000	0.000000	0.000000	0.000000	0.000000	0.000000	0.000000	1761332292.560967	0.000000
93.000000	38764.831575	39602.776122	-187500.022352	-187500.022352	92545.542722	82809.033431	95123.078838	-187500.022352	0.036000	0.996000	0.068000	192.000000	0.000000	0.000000	0.000000	0.000000	0.000000	0.000000	0.000000	0.000000	0.000000	1761332292.560993	0.000000
94.000000	38792.480682	39639.053004	-187500.022352	-187500.022352	92391.650962	82794.929480	94730.962185	-187500.022352	0.036000	0.996000	0.068000	192.000000	0.000000	0.000000	0.000000	0.000000	0.000000	0.000000	0.000000	0.000000	0.000000	1761332292.561019	0.000000
95.000000	38749.051243	39597.210538	-187500.022352	-187500.022352	92590.536784	83048.644131	94806.622840	-187500.022352	0.044000	0.998000	0.076000	192.000000	1.000000	96.000000	31.000000	48.000000	2.000000	96.000000	0.000000	0.000000	0.000000	1761332292.561046	0.000000
96.000000	38705.554748	39545.622712	-187500.022352	-187500.022352	92744.495600	83039.479916	95165.211876	-187500.022352	0.044000	0.998000	0.076000	192.000000	0.000000	0.000000	0.000000	0.000000	0.000000	0.000000	0.000000	0.000000	0.000000	1761332292.561108	0.000000
97.000000	38755.309731	39594.684791	-187500.022352	-187500.022352	92585.462938	82832.905094	95165.323635	-187500.022352	0.044000	0.998000	0.076000	192.000000	0.000000	0.000000	0.000000	0.000000	0.000000	0.000000	0.000000	0.000000	0.000000	1761332292.561135	0.000000
98.000000	38793.262993	39639.187114	-187500.022352	-187500.022352	92393.483805	82781.674895	94788.741444	-187500.022352	0.044000	0.998000	0.076000	192.000000	0.000000	0.000000	0.000000	0.000000	0.000000	0.000000	0.000000	0.000000	0.000000	1761332292.561162	0.000000
99.000000	38754.974455	39604.720724	-187500.022352	-187500.022352	92541.273539	83019.005718	94763.215752	-187500.022352	0.044000	0.998000	0.076000	192.000000	0.000000	0.000000	0.000000	0.000000	0.000000	0.000000	0.000000	0.000000	0.000000	1761332292.561188	0.000000
100.000000	38713.131990	39553.669340	-187500.022352	-187500.022352	92736.180751	83066.860803	95117.714419	-187500.022352	0.044000	0.998000	0.076000	192.000000	0.000000	0.000000	0.000000	0.000000	0.000000	0.000000	0.000000	0.000000	0.000000	1761332292.561214	0.000000
101.000000	38728.442935	39570.969590	-187500.022352	-187500.022352	92615.369572	82864.175184	95205.869699	-187500.022352	0.044000	0.998000	0.076000	192.000000	0.000000	0.000000	0.000000	0.000000	0.000000	0.000000	0.000000	0.000000	0.000000	1761332292.561242	0.000000
102.000000	38782.601211	39631.565169	-187500.022352	-187500.022352	92400.166976	82756.216259	94836.574177	-187500.022352	0.044000	0.998000	0.076000	192.000000	0.000000	0.000000	0.000000	0.000000	0.000000	0.000000	0.000000	0.000000	0.000000	1761332292.561268	0.000000
103.000000	38763.132842	39613.415553	-187500.022352	-187500.022352	92486.444710	82971.687075	94697.591030	-187500.022352	0.044000	0.998000	0.076000	192.000000	0.000000	0.000000	0.000000	0.000000	0.000000	0.000000	0.000000	0.000000	0.000000	1761332292.561295	0.000000
104.000000	38706.024135	39539.967721	-187500.022352	-187500.022352	92717.897024	83103.741181	95058.236427	-187500.022352	0.044000	0.998000	0.076000	192.000000	0.000000	0.000000	0.000000	0.000000	0.000000	0.000000	0.000000	0.000000	0.000000	1761332292.561321	0.000000
105.000000	38722.810295	39554.630465	-187500.022352	-187500.022352	92644.605654	82894.528853	95211.412932	-187500.022352	0.044000	0.988000	0.076000	192.000000	1.000000	96.000000	30.000000	224.000000	2.000000	96.000000	0.000000	0.000000	0.000000	1761332292.561350	0.000000
106.000000	38773.772272	39615.695431	-187500.022352	-187500.022352	92410.806407	82748.616665	94891.246544	-187500.022352	0.044000	0.988000	0.076000	192.000000	0.000000	0.000000	0.000000	0.000000	0.000000	0.000000	0.000000	0.000000	0.000000	1761332292.561378	0.000000
107.000000	38775.225136	39627.385393	-187500.022352	-187500.022352	92432.264082	82918.266406	94653.468687	-187500.022352	0.044000	0.988000	0.076000	192.000000	0.000000	0.000000	0.000000	0.000000	0.000000	0.000000	0.000000	0.000000	0.000000	1761332292.561404	0.000000
108.000000	38717.982318	39560.531325	-187500.022352	-187500.022352	92665.660997	83087.625574	94933.580748	-187500.022352	0.044000	0.988000	0.076000	192.000000	0.000000	0.000000	0.000000	0.000000	0.000000	0.000000	0.000000	0.000000	0.000000	1761332292.561430	0.000000
109.000000	38706.873501	39539.453630	-187500.022352	-187500.022352	92664.766927	82914.377202	95175.381920	-187500.022352	0.044000	0.988000	0.076000	192.000000	0.000000	0.000000	0.000000	0.000000	0.000000	0.000000	0.000000	0.000000	0.000000	1761332292.561456	0.000000
110.000000	38753.231019	39592.471968	-187500.022352	-187500.022352	92460.427280	82755.188078	94964.269693	-187500.022352	0.044000	0.988000	0.076000	192.000000	0.000000	0.000000	0.000000	0.000000	0.000000	0.000000	0.000000	0.000000	0.000000	1761332292.561483	0.000000
111.000000	38780.880127	39629.128829	-187500.022352	-187500.022352	92409.532357	82871.238336	94644.773858	-187500.022352	0.044000	0.988000	0.076000	192.000000	0.000000	0.000000	0.000000	0.000000	0.000000	0.000000	0.000000	0.000000	0.000000	1761332292.561509	0.000000
112.000000	38728.487638	39566.722759	-187500.022352	-187500.022352	92619.437590	83077.209661	94833.735506	-187500.022352	0.044000	0.988000	0.076000	192.000000	0.000000	0.000000	0.000000	0.000000	0.000000	0.000000	0.000000	0.000000	0.000000	1761332292.561568	0.000000
113.000000	38705.688859	39533.597473	-187500.022352	-187500.022352	92688.325666	82945.781403	95137.741582	-187500.022352	0.044000	0.988000	0.076000	192.000000	0.000000	0.000000	0.000000	0.000000	0.000000	0.000000	0.000000	0.000000	0.000000	1761332292.561594	0.000000
114.000000	38744.580894	39584.358285	-187500.022352	-187500.022352	92499.073446	82756.350369	95006.380380	-187500.022352	0.044000	0.988000	0.076000	192.000000	0.000000	0.000000	0.000000	0.000000	0.000000	0.000000	0.000000	0.000000	0.000000	1761332292.561621	0.000000
115.000000	38774.733397	39622.333899	-187500.022352	-187500.022352	92391.561555	82817.124762	94642.873960	-187500.022352	0.048000	0.988000	0.078000	192.000000	1.000000	128.000000	30.000000	224.000000	2.000000	112.000000	0.000000	0.000000	0.000000	1761332292.561647	0.000000
116.000000	38734.656720	39575.909326	-187500.022352	-187500.022352	92590.939115	83072.649905	94763.506325	-187500.022352	0.048000	0.988000	0.078000	192.000000	0.000000	0.000000	0.000000	0.000000	0.000000	0.000000	0.000000	0.000000	0.000000	1761332292.561675	0.000000
117.000000	38711.813237	39546.740299	-187500.022352	-187500.022352	92702.317858	82998.598575	95095.921468	-187500.022352	0.048000	0.988000	0.078000	192.000000	0.000000	0.000000	0.000000	0.000000	0.000000	0.000000	0.000000	0.000000	0.000000	1761332292.561701	0.000000
118.000000	38732.287435	39568.823823	-187500.022352	-187500.022352	92552.494115	82788.715695	95067.959436	-187500.022352	0.048000	0.988000	0.078000	192.000000	0.000000	0.000000	0.000000	0.000000	0.000000	0.000000	0.000000	0.000000	0.000000	1761332292.561728	0.000000
119.000000	38757.835479	39598.082256	-187500.022352	-187500.022352	92386.197136	82778.746817	94681.542478	-187500.022352	0.048000	0.988000	0.078000	192.000000	0.000000	0.000000	0.000000	0.000000	0.000000	0.000000	0.000000	0.000000	0.000000	1761332292.561754	0.000000
120.000000	38730.968682	39573.987076	-187500.022352	-187500.022352	92526.789609	83027.275864	94672.020635	-187500.022352	0.048000	0.988000	0.078000	192.000000	0.000000	0.000000	0.000000	0.000000	0.000000	0.000000	0.000000	0.000000	0.000000	1761332292.561780	0.000000
121.000000	38693.194234	39526.042584	-187500.022352	-187500.022352	92676.412186	83013.373079	95018.807950	-187500.022352	0.048000	0.988000	0.078000	192.000000	0.000000	0.000000	0.000000	0.000000	0.000000	0.000000	0.000000	0.000000	0.000000	1761332292.561806	0.000000
122.000000	38728.420583	39557.245619	-187500.022352	-187500.022352	92585.462938	82806.820608	95101.062369	-187500.022352	0.048000	0.988000	0.078000	192.000000	0.000000	0.000000	0.000000	0.000000	0.000000	0.000000	0.000000	0.000000	0.000000	1761332292.561833	0.000000
123.000000	38767.312618	39605.950070	-187500.022352	-187500.022352	92412.371029	82765.335770	94752.084583	-187500.022352	0.048000	0.988000	0.078000	192.000000	0.000000	0.000000	0.000000	0.000000	0.000000	0.000000	0.000000	0.000000	0.000000	1761332292.561859	0.000000
124.000000	38749.833554	39593.164872	-187500.022352	-187500.022352	92478.867469	82983.399389	94604.853643	-187500.022352	0.048000	0.988000	0.078000	192.000000	0.000000	0.000000	0.000000	0.000000	0.000000	0.000000	0.000000	0.000000	0.000000	1761332292.561886	0.000000
125.000000	38707.991088	39536.413793	-187500.022352	-187500.022352	92651.646453	83031.388585	94926.629356	-187500.022352	0.044000	0.994000	0.086000	192.000000	1.000000	96.000000	31.000000	16.000000	2.000000	176.000000	0.000000	0.000000	0.000000	1761332292.561912	0.000000
126.000000	38719.256368	39546.047395	-187500.022352	-187500.022352	92605.288935	82825.193742	95096.882593	-187500.022352	0.044000	0.994000	0.086000	192.000000	0.000000	0.000000	0.000000	0.000000	0.000000	0.000000	0.000000	0.000000	0.000000	1761332292.561939	0.000000
127.000000	38770.508918	39612.297966	-187500.022352	-187500.022352	92423.055163	82739.653616	94796.184575	-187500.022352	0.044000	0.994000	0.086000	192.000000	0.000000	0.000000	0.000000	0.000000	0.000000	0.000000	0.000000	0.000000	0.000000	1761332292.562004	0.000000
128.000000	38765.837403	39617.260053	-187500.022352	-187500.022352	92438.947253	82943.188601	94568.397947	-187500.022352	0.044000	0.994000	0.086000	192.000000	0.000000	0.000000	0.000000	0.000000	0.000000	0.000000	0.000000	0.000000	0.000000	1761332292.562031	0.000000
129.000000	38717.557635	39558.743186	-187500.022352	-187500.022352	92609.491063	83043.682044	94817.530491	-187500.022352	0.044000	0.994000	0.086000	192.000000	0.000000	0.000000	0.000000	0.000000	0.000000	0.000000	0.000000	0.000000	0.000000	1761332292.562058	0.000000
130.000000	38724.441972	39554.853982	-187500.022352	-187500.022352	92611.301555	82851.725263	95057.074136	-187500.022352	0.044000	0.994000	0.086000	192.000000	0.000000	0.000000	0.000000	0.000000	0.000000	0.000000	0.000000	0.000000	0.000000	1761332292.562084	0.000000
131.000000	38757.880182	39593.947183	-187500.022352	-187500.022352	92447.798544	82735.317377	94856.757803	-187500.022352	0.044000	0.994000	0.086000	192.000000	0.000000	0.000000	0.000000	0.000000	0.000000	0.000000	0.000000	0.000000	0.000000	1761332292.562111	0.000000
132.000000	38765.815051	39609.749867	-187500.022352	-187500.022352	92416.662564	82897.188711	94554.383404	-187500.022352	0.044000	0.994000	0.086000	192.000000	0.000000	0.000000	0.000000	0.000000	0.000000	0.000000	0.000000	0.000000	0.000000	1761332292.562137	0.000000
133.000000	38714.137818	39550.405985	-187500.022352	-187500.022352	92590.290915	83061.518736	94747.211903	-187500.022352	0.044000	0.994000	0.086000	192.000000	0.000000	0.000000	0.000000	0.000000	0.000000	0.000000	0.000000	0.000000	0.000000	1761332292.562164	0.000000
134.000000	38711.969699	39535.050337	-187500.022352	-187500.022352	92636.111991	82894.774722	95044.780677	-187500.022352	0.044000	0.994000	0.086000	192.000000	0.000000	0.000000	0.000000	0.000000	0.000000	0.000000	0.000000	0.000000	0.000000	1761332292.562190	0.000000
135.000000	38753.074557	39583.687733	-187500.022352	-187500.022352	92490.535079	82742.916971	94922.784856	-187500.022352	0.040000	0.986000	0.090000	192.000000	1.000000	64.000000	30.000000	208.000000	2.000000	208.000000	0.000000	0.000000	0.000000	1761332292.562216	0.000000
136.000000	38763.982208	39608.028782	-187500.022352	-187500.022352	92404.413808	82856.732053	94572.667131	-187500.022352	0.040000	0.986000	0.090000	192.000000	0.000000	0.000000	0.000000	0.000000	0.000000	0.000000	0.000000	0.000000	0.000000	1761332292.562244	0.000000
137.000000	38725.291339	39564.331122	-187500.022352	-187500.022352	92559.333749	83059.261210	94664.309283	-187500.022352	0.040000	0.986000	0.090000	192.000000	0.000000	0.000000	0.000000	0.000000	0.000000	0.000000	0.000000	0.000000	0.000000	1761332292.562271	0.000000
138.000000	38695.585870	39524.656776	-187500.022352	-187500.022352	92651.959378	82937.935941	95017.489197	-187500.022352	0.040000	0.986000	0.090000	192.000000	0.000000	0.000000	0.000000	0.000000	0.000000	0.000000	0.000000	0.000000	0.000000	1761332292.562297	0.000000
139.000000	38750.124127	39585.677038	-187500.022352	-187500.022352	92543.464010	82769.984933	95011.141302	-187500.022352	0.040000	0.986000	0.090000	192.000000	0.000000	0.000000	0.000000	0.000000	0.000000	0.000000	0.000000	0.000000	0.000000	1761332292.562324	0.000000
140.000000	38774.554583	39617.729439	-187500.022352	-187500.022352	92417.333116	82824.858466	94629.105285	-187500.022352	0.040000	0.986000	0.090000	192.000000	0.000000	0.000000	0.000000	0.000000	0.000000	0.000000	0.000000	0.000000	0.000000	1761332292.562351	0.000000
141.000000	38733.248560	39572.914192	-187500.022352	-187500.022352	92528.667155	83045.716053	94615.694239	-187500.022352	0.040000	0.986000	0.090000	192.000000	0.000000	0.000000	0.000000	0.000000	0.000000	0.000000	0.000000	0.000000	0.000000	1761332292.562377	0.000000
142.000000	38708.035792	39530.669395	-187500.022352	-187500.022352	92630.814628	82958.097214	94930.675021	-187500.022352	0.040000	0.986000	0.090000	192.000000	0.000000	0.000000	0.000000	0.000000	0.000000	0.000000	0.000000	0.000000	0.000000	1761332292.562439	0.000000
143.000000	38732.309786	39554.652817	-187500.022352	-187500.022352	92555.310435	82760.932477	95010.850729	-187500.022352	0.040000	0.986000	0.090000	192.000000	0.000000	0.000000	0.000000	0.000000	0.000000	0.000000	0.000000	0.000000	0.000000	1761332292.562476	0.000000
144.000000	38769.525441	39602.664364	-187500.022352	-187500.022352	92435.929768	82779.707942	94682.771824	-187500.022352	0.040000	0.986000	0.090000	192.000000	0.000000	0.000000	0.000000	0.000000	0.000000	0.000000	0.000000	0.000000	0.000000	1761332292.562502	0.000000
145.000000	38736.176638	39571.818956	-187500.022352	-187500.022352	92518.586519	83029.220465	94587.531041	-187500.022352	0.042000	0.998000	0.096000	192.000000	1.000000	80.000000	31.000000	48.000000	3.000000	0.000000	0.000000	0.000000	0.000000	1761332292.562529	0.000000
146.000000	38707.544054	39528.478924	-187500.022352	-187500.022352	92642.683404	83001.169026	94884.921001	-187500.022352	0.042000	0.998000	0.096000	192.000000	0.000000	0.000000	0.000000	0.000000	0.000000	0.000000	0.000000	0.000000	0.000000	1761332292.562557	0.000000
147.000000	38732.578007	39559.011407	-187500.022352	-187500.022352	92606.026543	82798.706925	95063.623198	-187500.022352	0.042000	0.998000	0.096000	192.000000	0.000000	0.000000	0.000000	0.000000	0.000000	0.000000	0.000000	0.000000	0.000000	1761332292.562583	0.000000
148.000000	38781.975363	39615.583672	-187500.022352	-187500.022352	92478.889820	82769.850823	94787.467395	-187500.022352	0.042000	0.998000	0.096000	192.000000	0.000000	0.000000	0.000000	0.000000	0.000000	0.000000	0.000000	0.000000	0.000000	1761332292.562610	0.000000
149.000000	38775.560412	39619.562283	-187500.022352	-187500.022352	92498.224079	82992.362439	94568.688520	-187500.022352	0.042000	0.998000	0.096000	192.000000	0.000000	0.000000	0.000000	0.000000	0.000000	0.000000	0.000000	0.000000	0.000000	1761332292.562636	0.000000
150.000000	38742.435127	39577.116320	-187500.022352	-187500.022352	92610.139264	83024.146619	94784.852241	-187500.022352	0.042000	0.998000	0.096000	192.000000	0.000000	0.000000	0.000000	0.000000	0.000000	0.000000	0.000000	0.000000	0.000000	1761332293.037223	0.000000
151.000000	38748.894781	39579.820881	-187500.022352	-187500.022352	92611.167444	82823.070326	95030.654374	-187500.022352	0.042000	0.998000	0.096000	192.000000	0.000000	0.000000	0.000000	0.000000	0.000000	0.000000	0.000000	0.000000	0.000000	1761332293.037280	0.000000
152.000000	38781.237755	39622.982099	-187500.022352	-187500.022352	92503.342629	82766.252192	94870.817050	-187500.022352	0.042000	0.998000	0.096000	192.000000	0.000000	0.000000	0.000000	0.000000	0.000000	0.000000	0.000000	0.000000	0.000000	1761332293.037302	0.000000
153.000000	38778.667304	39628.882960	-187500.022352	-187500.022352	92481.102643	82954.610342	94580.579648	-187500.022352	0.042000	0.998000	0.096000	192.000000	0.000000	0.000000	0.000000	0.000000	0.000000	0.000000	0.000000	0.000000	0.000000	1761332293.037323	0.000000
154.000000	38749.498278	39587.979268	-187500.022352	-187500.022352	92591.050874	83040.619855	94716.791179	-187500.022352	0.042000	0.998000	0.096000	192.000000	0.000000	0.000000	0.000000	0.000000	0.000000	0.000000	0.000000	0.000000	0.000000	1761332293.037343	0.000000
155.000000	38742.859810	39571.953067	-187500.022352	-187500.022352	92623.617366	82847.478431	95012.258889	-187500.022352	0.040000	0.978000	0.086000	192.000000	1.000000	64.000000	30.000000	144.000000	2.000000	176.000000	0.000000	0.000000	0.000000	1761332293.037363	0.000000
156.000000	38779.516671	39616.142466	-187500.022352	-187500.022352	92519.391181	82737.910180	94909.351457	-187500.022352	0.040000	0.978000	0.086000	192.000000	0.000000	0.000000	0.000000	0.000000	0.000000	0.000000	0.000000	0.000000	0.000000	1761332293.037386	0.000000
157.000000	38790.714895	39645.110326	-187500.022352	-187500.022352	92459.913189	82895.244109	94567.682692	-187500.022352	0.040000	0.978000	0.086000	192.000000	0.000000	0.000000	0.000000	0.000000	0.000000	0.000000	0.000000	0.000000	0.000000	1761332293.037405	0.000000
158.000000	38737.964778	39590.884994	-187500.022352	-187500.022352	92577.840993	83059.842355	94661.604722	-187500.022352	0.040000	0.978000	0.086000	192.000000	0.000000	0.000000	0.000000	0.000000	0.000000	0.000000	0.000000	0.000000	0.000000	1761332293.037544	0.000000
159.000000	38716.350641	39566.521593	-187500.022352	-187500.022352	92630.591110	82881.318972	94971.131679	-187500.022352	0.040000	0.978000	0.086000	192.000000	0.000000	0.000000	0.000000	0.000000	0.000000	0.000000	0.000000	0.000000	0.000000	1761332293.037586	0.000000
160.000000	38744.826763	39599.803340	-187500.022352	-187500.022352	92542.882865	82735.943226	94956.133658	-187500.022352	0.040000	0.978000	0.086000	192.000000	0.000000	0.000000	0.000000	0.000000	0.000000	0.000000	0.000000	0.000000	0.000000	1761332293.037607	0.000000
161.000000	38779.874299	39641.779916	-187500.022352	-187500.022352	92453.140611	82846.941989	94589.542698	-187500.022352	0.040000	0.978000	0.086000	192.000000	0.000000	0.000000	0.000000	0.000000	0.000000	0.000000	0.000000	0.000000	0.000000	1761332293.037627	0.000000
162.000000	38741.004615	39602.194977	-187500.022352	-187500.022352	92553.902275	83060.825832	94596.047055	-187500.022352	0.040000	0.978000	0.086000	192.000000	0.000000	0.000000	0.000000	0.000000	0.000000	0.000000	0.000000	0.000000	0.000000	1761332293.037646	0.000000
163.000000	38721.402135	39566.700407	-187500.022352	-187500.022352	92629.741744	82927.251807	94909.999658	-187500.022352	0.040000	0.978000	0.086000	192.000000	0.000000	0.000000	0.000000	0.000000	0.000000	0.000000	0.000000	0.000000	0.000000	1761332293.037666	0.000000
164.000000	38746.994882	39596.942317	-187500.022352	-187500.022352	92566.709824	82762.988837	95000.568926	-187500.022352	0.040000	0.978000	0.086000	192.000000	0.000000	0.000000	0.000000	0.000000	0.000000	0.000000	0.000000	0.000000	0.000000	1761332293.037686	0.000000
165.000000	38791.206633	39657.314379	-187500.022352	-187500.022352	92459.600265	82821.215131	94646.472591	-187500.022352	0.036000	0.984000	0.090000	192.000000	1.000000	32.000000	30.000000	192.000000	2.000000	208.000000	0.000000	0.000000	0.000000	1761332293.037705	0.000000
166.000000	38757.723720	39616.365983	-187500.022352	-187500.022352	92530.991737	83057.160146	94557.870276	-187500.022352	0.036000	0.984000	0.090000	192.000000	0.000000	0.000000	0.000000	0.000000	0.000000	0.000000	0.000000	0.000000	0.000000	1761332293.037726	0.000000
167.000000	38734.097926	39585.006486	-187500.022352	-187500.022352	92628.914729	82982.885299	94867.173715	-187500.022352	0.036000	0.984000	0.090000	192.000000	0.000000	0.000000	0.000000	0.000000	0.000000	0.000000	0.000000	0.000000	0.000000	1761332293.037746	0.000000
168.000000	38743.038624	39599.669230	-187500.022352	-187500.022352	92585.731159	82790.056800	95036.421125	-187500.022352	0.036000	0.984000	0.090000	192.000000	0.000000	0.000000	0.000000	0.000000	0.000000	0.000000	0.000000	0.000000	0.000000	1761332293.037766	0.000000
169.000000	38783.919964	39653.894562	-187500.022352	-187500.022352	92479.314504	82809.860445	94748.173028	-187500.022352	0.036000	0.984000	0.090000	192.000000	0.000000	0.000000	0.000000	0.000000	0.000000	0.000000	0.000000	0.000000	0.000000	1761332293.037786	0.000000
170.000000	38774.442825	39648.820716	-187500.022352	-187500.022352	92530.030612	83052.332169	94580.400834	-187500.022352	0.036000	0.984000	0.090000	192.000000	0.000000	0.000000	0.000000	0.000000	0.000000	0.000000	0.000000	0.000000	0.000000	1761332293.037806	0.000000
171.000000	38718.317594	39573.718855	-187500.022352	-187500.022352	92630.322889	83029.443983	94864.044471	-187500.022352	0.036000	0.984000	0.090000	192.000000	0.000000	0.000000	0.000000	0.000000	0.000000	0.000000	0.000000	0.000000	0.000000	1761332293.037825	0.000000
172.000000	38736.400156	39586.571108	-187500.022352	-187500.022352	92617.425933	82822.645643	95111.724152	-187500.022352	0.036000	0.984000	0.090000	192.000000	0.000000	0.000000	0.000000	0.000000	0.000000	0.000000	0.000000	0.000000	0.000000	1761332293.037845	0.000000
173.000000	38787.898575	39646.987873	-187500.022352	-187500.022352	92505.398989	82788.827454	94872.605189	-187500.022352	0.036000	0.984000	0.090000	192.000000	0.000000	0.000000	0.000000	0.000000	0.000000	0.000000	0.000000	0.000000	0.000000	1761332293.037899	0.000000
174.000000	38798.515653	39663.192888	-187500.022352	-187500.022352	92528.778914	83014.513017	94622.332707	-187500.022352	0.036000	0.984000	0.090000	192.000000	0.000000	0.000000	0.000000	0.000000	0.000000	0.000000	0.000000	0.000000	0.000000	1761332293.037920	0.000000
175.000000	38742.680996	39598.551643	-187500.022352	-187500.022352	92637.989537	83062.636323	94839.591663	-187500.022352	0.032000	0.992000	0.096000	192.000000	1.000000	0.000000	31.000000	0.000000	3.000000	0.000000	0.000000	0.000000	0.000000	1761332293.037939	0.000000
176.000000	38745.586723	39597.098779	-187500.022352	-187500.022352	92636.313157	82845.913809	95122.184768	-187500.022352	0.032000	0.992000	0.096000	192.000000	0.000000	0.000000	0.000000	0.000000	0.000000	0.000000	0.000000	0.000000	0.000000	1761332293.037959	0.000000
177.000000	38814.988889	39673.318228	-187500.022352	-187500.022352	92536.400859	82781.339619	94963.733252	-187500.022352	0.032000	0.992000	0.096000	192.000000	0.000000	0.000000	0.000000	0.000000	0.000000	0.000000	0.000000	0.000000	0.000000	1761332293.037978	0.000000
178.000000	38820.465066	39684.561155	-187500.022352	-187500.022352	92508.058847	82975.799796	94646.204370	-187500.022352	0.032000	0.992000	0.096000	192.000000	0.000000	0.000000	0.000000	0.000000	0.000000	0.000000	0.000000	0.000000	0.000000	1761332293.037998	0.000000
179.000000	38751.398176	39608.408762	-187500.022352	-187500.022352	92608.127607	83079.221318	94781.722996	-187500.022352	0.032000	0.992000	0.096000	192.000000	0.000000	0.000000	0.000000	0.000000	0.000000	0.000000	0.000000	0.000000	0.000000	1761332293.038017	0.000000
180.000000	38771.291229	39614.913120	-187500.022352	-187500.022352	92648.383099	82897.211063	95116.574480	-187500.022352	0.032000	0.992000	0.096000	192.000000	0.000000	0.000000	0.000000	0.000000	0.000000	0.000000	0.000000	0.000000	0.000000	1761332293.038036	0.000000
181.000000	38815.346517	39661.181231	-187500.022352	-187500.022352	92550.862438	82775.170538	95041.383212	-187500.022352	0.032000	0.992000	0.096000	192.000000	0.000000	0.000000	0.000000	0.000000	0.000000	0.000000	0.000000	0.000000	0.000000	1761332293.038056	0.000000
182.000000	38802.941299	39663.684626	-187500.022352	-187500.022352	92486.332951	82913.639595	94679.553173	-187500.022352	0.032000	0.992000	0.096000	192.000000	0.000000	0.000000	0.000000	0.000000	0.000000	0.000000	0.000000	0.000000	0.000000	1761332293.038075	0.000000
183.000000	38758.617790	39624.837294	-187500.022352	-187500.022352	92589.352142	83082.395265	94739.209978	-187500.022352	0.032000	0.992000	0.096000	192.000000	0.000000	0.000000	0.000000	0.000000	0.000000	0.000000	0.000000	0.000000	0.000000	1761332293.038094	0.000000
184.000000	38782.914136	39627.251283	-187500.022352	-187500.022352	92653.211075	82931.096307	95077.727148	-187500.022352	0.032000	0.992000	0.096000	192.000000	0.000000	0.000000	0.000000	0.000000	0.000000	0.000000	0.000000	0.000000	0.000000	1761332293.038117	0.000000
185.000000	38814.743020	39658.722539	-187500.022352	-187500.022352	92579.427967	82787.665163	95121.827140	-187500.022352	0.032000	0.992000	0.096000	192.000000	0.000000	0.000000	0.000000	0.000000	0.000000	0.000000	0.000000	0.000000	0.000000	1761332293.038137	0.000000
186.000000	38834.054927	39686.014019	-187500.022352	-187500.022352	92498.246431	82885.789321	94760.287674	-187500.022352	0.034000	0.996000	0.092000	192.000000	1.000000	16.000000	31.000000	32.000000	2.000000	224.000000	0.000000	0.000000	0.000000	1761332293.038357	0.000000
187.000000	38797.018087	39651.368815	-187500.022352	-187500.022352	92585.418235	83092.945289	94727.542368	-187500.022352	0.034000	0.996000	0.092000	192.000000	0.000000	0.000000	0.000000	0.000000	0.000000	0.000000	0.000000	0.000000	0.000000	1761332293.038399	0.000000
188.000000	38755.712063	39605.458332	-187500.022352	-187500.022352	92645.924407	82961.941715	95039.751534	-187500.022352	0.034000	0.996000	0.092000	192.000000	0.000000	0.000000	0.000000	0.000000	0.000000	0.000000	0.000000	0.000000	0.000000	1761332293.038577	0.000000
189.000000	38793.262993	39636.147277	-187500.022352	-187500.022352	92587.876926	82791.152035	95163.624902	-187500.022352	0.034000	0.996000	0.092000	192.000000	0.000000	0.000000	0.000000	0.000000	0.000000	0.000000	0.000000	0.000000	0.000000	1761332293.038601	0.000000
190.000000	38833.898465	39684.874080	-187500.022352	-187500.022352	92492.122053	82841.510515	94816.412904	-187500.022352	0.034000	0.996000	0.092000	192.000000	0.000000	0.000000	0.000000	0.000000	0.000000	0.000000	0.000000	0.000000	0.000000	1761332293.038624	0.000000
191.000000	38789.753770	39647.501963	-187500.022352	-187500.022352	92556.875057	83067.754873	94688.560926	-187500.022352	0.034000	0.996000	0.092000	192.000000	0.000000	0.000000	0.000000	0.000000	0.000000	0.000000	0.000000	0.000000	0.000000	1761332293.038647	0.000000
192.000000	38765.837403	39613.236739	-187500.022352	-187500.022352	92650.372404	83009.662689	95000.747740	-187500.022352	0.034000	0.996000	0.092000	192.000000	0.000000	0.000000	0.000000	0.000000	0.000000	0.000000	0.000000	0.000000	0.000000	1761332293.038669	0.000000
193.000000	38810.987927	39652.084071	-187500.022352	-187500.022352	92618.185892	82814.554312	95184.322618	-187500.022352	0.034000	0.996000	0.092000	192.000000	0.000000	0.000000	0.000000	0.000000	0.000000	0.000000	0.000000	0.000000	0.000000	1761332293.038691	0.000000
194.000000	38843.330901	39693.926536	-187500.022352	-187500.022352	92504.326106	82812.520303	94881.769405	-187500.022352	0.034000	0.996000	0.092000	192.000000	0.000000	0.000000	0.000000	0.000000	0.000000	0.000000	0.000000	0.000000	0.000000	1761332293.038713	0.000000
195.000000	38811.792590	39669.853708	-187500.022352	-187500.022352	92543.866342	83041.335111	94671.663007	-187500.022352	0.034000	0.996000	0.092000	192.000000	0.000000	0.000000	0.000000	0.000000	0.000000	0.000000	0.000000	0.000000	0.000000	1761332293.038735	0.000000
196.000000	38765.613886	39610.174550	-187500.022352	-187500.022352	92651.065308	83059.484727	94948.042327	-187500.022352	0.038000	0.994000	0.092000	192.000000	1.000000	48.000000	31.000000	16.000000	2.000000	224.000000	0.000000	0.000000	0.000000	1761332293.038759	0.000000
197.000000	38791.653668	39638.449507	-187500.022352	-187500.022352	92633.563892	82859.593077	95206.607307	-187500.022352	0.038000	0.994000	0.092000	192.000000	0.000000	0.000000	0.000000	0.000000	0.000000	0.000000	0.000000	0.000000	0.000000	1761332293.038785	0.000000
198.000000	38837.139468	39690.909051	-187500.022352	-187500.022352	92520.218196	82801.769114	94970.170554	-187500.022352	0.038000	0.994000	0.092000	192.000000	0.000000	0.000000	0.000000	0.000000	0.000000	0.000000	0.000000	0.000000	0.000000	1761332293.038810	0.000000
199.000000	38847.622436	39702.531958	-187500.022352	-187500.022352	92539.641862	83024.638358	94691.109024	-187500.022352	0.038000	0.994000	0.092000	192.000000	0.000000	0.000000	0.000000	0.000000	0.000000	0.000000	0.000000	0.000000	0.000000	1761332293.038832	0.000000
200.000000	38760.607095	39617.103591	-187500.022352	-187500.022352	92635.642604	83081.367085	94881.434128	-187500.022352	0.038000	0.994000	0.092000	192.000000	0.000000	0.000000	0.000000	0.000000	0.000000	0.000000	0.000000	0.000000	0.000000	1761332293.038854	0.000000
201.000000	38734.813182	39583.665381	-187500.022352	-187500.022352	92620.018735	82855.770928	95162.976702	-187500.022352	0.038000	0.994000	0.092000	192.000000	0.000000	0.000000	0.000000	0.000000	0.000000	0.000000	0.000000	0.000000	0.000000	1761332293.038877	0.000000
202.000000	38792.324220	39651.167649	-187500.022352	-187500.022352	92515.189053	82767.235669	95017.802121	-187500.022352	0.038000	0.994000	0.092000	192.000000	0.000000	0.000000	0.000000	0.000000	0.000000	0.000000	0.000000	0.000000	0.000000	1761332293.038899	0.000000
203.000000	38839.307587	39693.546557	-187500.022352	-187500.022352	92515.569033	82965.540345	94689.767920	-187500.022352	0.038000	0.994000	0.092000	192.000000	0.000000	0.000000	0.000000	0.000000	0.000000	0.000000	0.000000	0.000000	0.000000	1761332293.038922	0.000000
204.000000	38817.693450	39654.878039	-187500.022352	-187500.022352	92640.135305	83112.123086	94833.601395	-187500.022352	0.038000	0.994000	0.092000	192.000000	0.000000	0.000000	0.000000	0.000000	0.000000	0.000000	0.000000	0.000000	0.000000	1761332293.038964	0.000000
205.000000	38802.986002	39641.422289	-187500.022352	-187500.022352	92661.816497	82931.923322	95175.761899	-187500.022352	0.038000	0.994000	0.092000	192.000000	0.000000	0.000000	0.000000	0.000000	0.000000	0.000000	0.000000	0.000000	0.000000	1761332293.038985	0.000000
206.000000	38800.504959	39646.384376	-187500.022352	-187500.022352	92551.532990	82785.631154	95116.149797	-187500.022352	0.036000	0.998000	0.090000	192.000000	1.000000	32.000000	31.000000	48.000000	2.000000	208.000000	0.000000	0.000000	0.000000	1761332293.039006	0.000000
207.000000	38839.218180	39694.820606	-187500.022352	-187500.022352	92515.099646	82929.129354	94741.467505	-187500.022352	0.036000	0.998000	0.090000	192.000000	0.000000	0.000000	0.000000	0.000000	0.000000	0.000000	0.000000	0.000000	0.000000	1761332293.039035	0.000000
208.000000	38754.840345	39612.454428	-187500.022352	-187500.022352	92606.898261	83096.320402	94761.852296	-187500.022352	0.036000	0.998000	0.090000	192.000000	0.000000	0.000000	0.000000	0.000000	0.000000	0.000000	0.000000	0.000000	0.000000	1761332293.039063	0.000000
209.000000	38718.943443	39563.012369	-187500.022352	-187500.022352	92620.398715	82915.181865	95069.613465	-187500.022352	0.036000	0.998000	0.090000	192.000000	0.000000	0.000000	0.000000	0.000000	0.000000	0.000000	0.000000	0.000000	0.000000	1761332293.039084	0.000000
210.000000	38803.187168	39638.427155	-187500.022352	-187500.022352	92562.798269	82786.324058	95145.207065	-187500.022352	0.036000	0.998000	0.090000	192.000000	0.000000	0.000000	0.000000	0.000000	0.000000	0.000000	0.000000	0.000000	0.000000	1761332293.039106	0.000000
211.000000	38912.666012	39744.441479	-187500.022352	-187500.022352	92528.711859	82915.450086	94816.234090	-187500.022352	0.036000	0.998000	0.090000	192.000000	0.000000	0.000000	0.000000	0.000000	0.000000	0.000000	0.000000	0.000000	0.000000	1761332293.039127	0.000000
212.000000	38872.790500	39708.790446	-187500.022352	-187500.022352	92630.546407	83144.980150	94773.698720	-187500.022352	0.036000	0.998000	0.090000	192.000000	0.000000	0.000000	0.000000	0.000000	0.000000	0.000000	0.000000	0.000000	0.000000	1761332293.039147	0.000000
213.000000	38825.293043	39655.794460	-187500.022352	-187500.022352	92677.350959	83021.352651	95079.716454	-187500.022352	0.036000	0.998000	0.090000	192.000000	0.000000	0.000000	0.000000	0.000000	0.000000	0.000000	0.000000	0.000000	0.000000	1761332293.039169	0.000000
214.000000	38846.080166	39680.023751	-187500.022352	-187500.022352	92610.385133	82832.256893	95205.132092	-187500.022352	0.036000	0.998000	0.090000	192.000000	0.000000	0.000000	0.000000	0.000000	0.000000	0.000000	0.000000	0.000000	0.000000	1761332293.039190	0.000000
215.000000	38861.458166	39704.297746	-187500.022352	-187500.022352	92505.890728	82858.631952	94861.384614	-187500.022352	0.036000	0.998000	0.090000	192.000000	0.000000	0.000000	0.000000	0.000000	0.000000	0.000000	0.000000	0.000000	0.000000	1761332293.039211	0.000000
216.000000	38826.611796	39674.994609	-187500.022352	-187500.022352	92578.802118	83093.101751	94720.680382	-187500.022352	0.040000	0.992000	0.086000	192.000000	1.000000	64.000000	31.000000	0.000000	2.000000	176.000000	0.000000	0.000000	0.000000	1761332293.039233	0.000000
217.000000	38760.920019	39604.273689	-187500.022352	-187500.022352	92648.114878	83031.276826	95008.772017	-187500.022352	0.040000	0.992000	0.086000	192.000000	0.000000	0.000000	0.000000	0.000000	0.000000	0.000000	0.000000	0.000000	0.000000	1761332293.039255	0.000000
218.000000	38789.507900	39626.290158	-187500.022352	-187500.022352	92595.945906	82819.538751	95214.542176	-187500.022352	0.040000	0.992000	0.086000	192.000000	0.000000	0.000000	0.000000	0.000000	0.000000	0.000000	0.000000	0.000000	0.000000	1761332293.039279	0.000000
219.000000	38853.299779	39685.052894	-187500.022352	-187500.022352	92502.269745	82813.973166	94937.000565	-187500.022352	0.040000	0.992000	0.086000	192.000000	0.000000	0.000000	0.000000	0.000000	0.000000	0.000000	0.000000	0.000000	0.000000	1761332293.039317	0.000000
220.000000	38788.904403	39643.612760	-187500.022352	-187500.022352	92528.533045	83033.668462	94691.466652	-187500.022352	0.040000	0.992000	0.086000	192.000000	0.000000	0.000000	0.000000	0.000000	0.000000	0.000000	0.000000	0.000000	0.000000	1761332293.039337	0.000000
221.000000	38788.949107	39625.597254	-187500.022352	-187500.022352	92629.674689	83050.454623	94933.401934	-187500.022352	0.040000	0.992000	0.086000	192.000000	0.000000	0.000000	0.000000	0.000000	0.000000	0.000000	0.000000	0.000000	0.000000	1761332293.039357	0.000000
222.000000	38838.145296	39664.802213	-187500.022352	-187500.022352	92637.453096	82873.697027	95232.065944	-187500.022352	0.040000	0.992000	0.086000	192.000000	0.000000	0.000000	0.000000	0.000000	0.000000	0.000000	0.000000	0.000000	0.000000	1761332293.039377	0.000000
223.000000	38866.219087	39704.297746	-187500.022352	-187500.022352	92523.727420	82801.456189	95013.152959	-187500.022352	0.040000	0.992000	0.086000	192.000000	0.000000	0.000000	0.000000	0.000000	0.000000	0.000000	0.000000	0.000000	0.000000	1761332293.039398	0.000000
224.000000	38837.966482	39691.981935	-187500.022352	-187500.022352	92527.348402	82998.710334	94708.051647	-187500.022352	0.040000	0.992000	0.086000	192.000000	0.000000	0.000000	0.000000	0.000000	0.000000	0.000000	0.000000	0.000000	0.000000	1761332293.039431	0.000000
225.000000	38745.564371	39603.871358	-187500.022352	-187500.022352	92616.397752	83059.775300	94866.726681	-187500.022352	0.040000	0.992000	0.086000	192.000000	0.000000	0.000000	0.000000	0.000000	0.000000	0.000000	0.000000	0.000000	0.000000	1761332293.039452	0.000000
226.000000	38804.170645	39634.739117	-187500.022352	-187500.022352	92634.815590	82885.923432	95202.874565	-187500.022352	0.056000	0.988000	0.088000	192.000000	1.000000	192.000000	30.000000	224.000000	2.000000	192.000000	0.000000	0.000000	0.000000	1761332293.039473	0.000000
227.000000	38848.069471	39690.417312	-187500.022352	-187500.022352	92537.741964	82792.694306	95093.283962	-187500.022352	0.056000	0.988000	0.088000	192.000000	0.000000	0.000000	0.000000	0.000000	0.000000	0.000000	0.000000	0.000000	0.000000	1761332293.039496	0.000000
228.000000	38876.143262	39725.375441	-187500.022352	-187500.022352	92525.962594	82973.028180	94759.281845	-187500.022352	0.056000	0.988000	0.088000	192.000000	0.000000	0.000000	0.000000	0.000000	0.000000	0.000000	0.000000	0.000000	0.000000	1761332293.039518	0.000000
229.000000	38815.435924	39659.728367	-187500.022352	-187500.022352	92634.547369	83111.296071	94861.429317	-187500.022352	0.056000	0.988000	0.088000	192.000000	0.000000	0.000000	0.000000	0.000000	0.000000	0.000000	0.000000	0.000000	0.000000	1761332293.039542	0.000000
230.000000	38734.321443	39588.649820	-187500.022352	-187500.022352	92614.631965	82891.354906	95159.735699	-187500.022352	0.056000	0.988000	0.088000	192.000000	0.000000	0.000000	0.000000	0.000000	0.000000	0.000000	0.000000	0.000000	0.000000	1761332293.039568	0.000000
231.000000	38851.422233	39700.363839	-187500.022352	-187500.022352	92550.013071	82766.453358	95126.968041	-187500.022352	0.056000	0.988000	0.088000	192.000000	0.000000	0.000000	0.000000	0.000000	0.000000	0.000000	0.000000	0.000000	0.000000	1761332293.039589	0.000000
232.000000	38859.692378	39718.222883	-187500.022352	-187500.022352	92482.823727	82879.217908	94732.079772	-187500.022352	0.056000	0.988000	0.088000	192.000000	0.000000	0.000000	0.000000	0.000000	0.000000	0.000000	0.000000	0.000000	0.000000	1761332293.039610	0.000000
233.000000	38742.479830	39612.834407	-187500.022352	-187500.022352	92556.763298	83046.587771	94731.565682	-187500.022352	0.056000	0.988000	0.088000	192.000000	0.000000	0.000000	0.000000	0.000000	0.000000	0.000000	0.000000	0.000000	0.000000	1761332293.039630	0.000000
234.000000	38808.305718	39644.305664	-187500.022352	-187500.022352	92634.793238	82927.832952	95088.277172	-187500.022352	0.056000	0.988000	0.088000	192.000000	0.000000	0.000000	0.000000	0.000000	0.000000	0.000000	0.000000	0.000000	0.000000	1761332293.039665	0.000000
235.000000	38870.756492	39717.842903	-187500.022352	-187500.022352	92598.985743	82795.711791	95179.919324	-187500.022352	0.056000	0.988000	0.088000	192.000000	0.000000	0.000000	0.000000	0.000000	0.000000	0.000000	0.000000	0.000000	0.000000	1761332293.039685	0.000000
236.000000	38891.655373	39745.044976	-187500.022352	-187500.022352	92509.601117	82873.160586	94822.067895	-187500.022352	0.042000	0.994000	0.090000	192.000000	1.000000	80.000000	31.000000	16.000000	2.000000	208.000000	0.000000	0.000000	0.000000	1761332293.039704	0.000000
237.000000	38913.291861	39749.492973	-187500.022352	-187500.022352	92639.732974	83132.016138	94786.036883	-187500.022352	0.042000	0.994000	0.090000	192.000000	0.000000	0.000000	0.000000	0.000000	0.000000	0.000000	0.000000	0.000000	0.000000	1761332293.039724	0.000000
238.000000	38872.701093	39696.876967	-187500.022352	-187500.022352	92700.932050	83025.912407	95104.973925	-187500.022352	0.042000	0.994000	0.090000	192.000000	0.000000	0.000000	0.000000	0.000000	0.000000	0.000000	0.000000	0.000000	0.000000	1761332293.039745	0.000000
239.000000	38859.513564	39695.714676	-187500.022352	-187500.022352	92622.343316	82822.600940	95247.242778	-187500.022352	0.042000	0.994000	0.090000	192.000000	0.000000	0.000000	0.000000	0.000000	0.000000	0.000000	0.000000	0.000000	0.000000	1761332293.039766	0.000000
240.000000	38825.851837	39696.318173	-187500.022352	-187500.022352	92500.883937	82826.154867	94896.141576	-187500.022352	0.042000	0.994000	0.090000	192.000000	0.000000	0.000000	0.000000	0.000000	0.000000	0.000000	0.000000	0.000000	0.000000	1761332293.039785	0.000000
241.000000	38798.850930	39660.175402	-187500.022352	-187500.022352	92560.965426	83063.776262	94733.152656	-187500.022352	0.042000	0.994000	0.090000	192.000000	0.000000	0.000000	0.000000	0.000000	0.000000	0.000000	0.000000	0.000000	0.000000	1761332293.039804	0.000000
242.000000	38839.531105	39674.525222	-187500.022352	-187500.022352	92686.291657	83063.016303	95047.038203	-187500.022352	0.042000	0.994000	0.090000	192.000000	0.000000	0.000000	0.000000	0.000000	0.000000	0.000000	0.000000	0.000000	0.000000	1761332293.039824	0.000000
243.000000	38824.376622	39672.535917	-187500.022352	-187500.022352	92646.147924	82864.465757	95286.023055	-187500.022352	0.042000	0.994000	0.090000	192.000000	0.000000	0.000000	0.000000	0.000000	0.000000	0.000000	0.000000	0.000000	0.000000	1761332293.039844	0.000000
244.000000	38861.033483	39726.113048	-187500.022352	-187500.022352	92538.747792	82834.402661	95007.341505	-187500.022352	0.042000	0.994000	0.090000	192.000000	0.000000	0.000000	0.000000	0.000000	0.000000	0.000000	0.000000	0.000000	0.000000	1761332293.039862	0.000000
245.000000	38837.295930	39707.292879	-187500.022352	-187500.022352	92572.074243	83060.982294	94752.129287	-187500.022352	0.042000	0.994000	0.090000	192.000000	0.000000	0.000000	0.000000	0.000000	0.000000	0.000000	0.000000	0.000000	0.000000	1761332293.039882	0.000000
246.000000	38822.923758	39670.524260	-187500.022352	-187500.022352	92682.469509	83100.477827	95002.535880	-187500.022352	0.020000	1.000000	0.086000	192.000000	0.000000	160.000000	31.000000	64.000000	2.000000	176.000000	0.000000	0.000000	0.000000	1761332293.039901	0.000000
247.000000	38801.600194	39661.047120	-187500.022352	-187500.022352	92668.186744	82887.063371	95285.486613	-187500.022352	0.020000	1.000000	0.086000	192.000000	0.000000	0.000000	0.000000	0.000000	0.000000	0.000000	0.000000	0.000000	0.000000	1761332293.039921	0.000000
248.000000	38842.950921	39698.463940	-187500.022352	-187500.022352	92541.005318	82798.014021	95084.276209	-187500.022352	0.020000	1.000000	0.086000	192.000000	0.000000	0.000000	0.000000	0.000000	0.000000	0.000000	0.000000	0.000000	0.000000	1761332293.039940	0.000000
249.000000	38889.151977	39753.896267	-187500.022352	-187500.022352	92566.419252	83018.379869	94775.397453	-187500.022352	0.020000	1.000000	0.086000	192.000000	0.000000	0.000000	0.000000	0.000000	0.000000	0.000000	0.000000	0.000000	0.000000	1761332293.039970	0.000000
250.000000	38808.953918	39667.864402	-187500.022352	-187500.022352	92679.563782	83119.789734	94963.219161	-187500.022352	0.020000	1.000000	0.086000	192.000000	0.000000	0.000000	0.000000	0.000000	0.000000	0.000000	0.000000	0.000000	0.000000	1761332293.040003	0.000000
251.000000	38874.466881	39702.420199	-187500.022352	-187500.022352	92727.172998	82960.757072	95350.329024	-187500.022352	0.020000	1.000000	0.086000	192.000000	0.000000	0.000000	0.000000	0.000000	0.000000	0.000000	0.000000	0.000000	0.000000	1761332293.040023	0.000000
252.000000	38897.779751	39741.267531	-187500.022352	-187500.022352	92622.745648	82848.506611	95260.944398	-187500.022352	0.020000	1.000000	0.086000	192.000000	0.000000	0.000000	0.000000	0.000000	0.000000	0.000000	0.000000	0.000000	0.000000	1761332293.040042	0.000000
253.000000	38846.281331	39717.552330	-187500.022352	-187500.022352	92572.007188	82997.548043	94893.392312	-187500.022352	0.020000	1.000000	0.086000	192.000000	0.000000	0.000000	0.000000	0.000000	0.000000	0.000000	0.000000	0.000000	0.000000	1761332293.040061	0.000000
254.000000	38800.035572	39659.169574	-187500.022352	-187500.022352	92683.318875	83152.490336	94992.701112	-187500.022352	0.020000	1.000000	0.086000	192.000000	0.000000	0.000000	0.000000	0.000000	0.000000	0.000000	0.000000	0.000000	0.000000	1761332293.040080	0.000000
255.000000	38840.983968	39673.809966	-187500.022352	-187500.022352	92718.902852	82982.728837	95356.408698	-187500.022352	0.020000	1.000000	0.086000	192.000000	0.000000	0.000000	0.000000	0.000000	0.000000	0.000000	0.000000	0.000000	0.000000	1761332293.040098	0.000000
0.000000	38929.675690	39755.438537	-187500.022352	-187500.022352	92656.832058	82859.324856	95373.284265	-187500.022352	0.026000	0.996000	0.078000	192.000000	0.000000	208.000000	31.000000	32.000000	2.000000	112.000000	0.000000	0.000000	0.000000	1761332293.040118	0.000000
1.000000	38910.430838	39753.605694	-187500.022352	-187500.022352	92577.639827	82979.018447	95004.726351	-187500.022352	0.026000	0.996000	0.078000	192.000000	0.000000	0.000000	0.000000	0.000000	0.000000	0.000000	0.000000	0.000000	0.000000	1761332293.040138	0.000000
2.000000	38868.253096	39717.351165	-187500.022352	-187500.022352	92698.898041	83198.691392	95034.565930	-187500.022352	0.026000	0.996000	0.078000	192.000000	0.000000	0.000000	0.000000	0.000000	0.000000	0.000000	0.000000	0.000000	0.000000	1761332293.040157	0.000000
3.000000	38760.674150	39647.993701	-187500.022352	-187500.022352	92730.346946	83034.204904	95363.963588	-187500.022352	0.026000	0.996000	0.078000	192.000000	0.000000	0.000000	0.000000	0.000000	0.000000	0.000000	0.000000	0.000000	0.000000	1761332293.040176	0.000000
4.000000	38842.436831	39683.555327	-187500.022352	-187500.022352	92644.851523	82853.759271	95462.624188	-187500.022352	0.026000	0.996000	0.078000	192.000000	0.000000	0.000000	0.000000	0.000000	0.000000	0.000000	0.000000	0.000000	0.000000	1761332293.040195	0.000000
5.000000	38934.414260	39766.681465	-187500.022352	-187500.022352	92578.064511	82950.296456	95128.376201	-187500.022352	0.026000	0.996000	0.078000	192.000000	0.000000	0.000000	0.000000	0.000000	0.000000	0.000000	0.000000	0.000000	0.000000	1761332293.040214	0.000000
6.000000	38864.430948	39722.022679	-187500.022352	-187500.022352	92668.074986	83186.219118	95036.532883	-187500.022352	0.026000	0.996000	0.078000	192.000000	0.000000	0.000000	0.000000	0.000000	0.000000	0.000000	0.000000	0.000000	0.000000	1761332293.040234	0.000000
7.000000	38810.764409	39654.721577	-187500.022352	-187500.022352	92724.021402	83081.858824	95358.241541	-187500.022352	0.026000	0.996000	0.078000	192.000000	0.000000	0.000000	0.000000	0.000000	0.000000	0.000000	0.000000	0.000000	0.000000	1761332293.040253	0.000000
8.000000	38894.158768	39723.564949	-187500.022352	-187500.022352	92694.204175	82907.850493	95557.015605	-187500.022352	0.026000	0.996000	0.078000	192.000000	0.000000	0.000000	0.000000	0.000000	0.000000	0.000000	0.000000	0.000000	0.000000	1761332293.040272	0.000000
9.000000	38946.484202	39785.345171	-187500.022352	-187500.022352	92597.778749	82930.001072	95225.047496	-187500.022352	0.026000	0.996000	0.078000	192.000000	0.000000	0.000000	0.000000	0.000000	0.000000	0.000000	0.000000	0.000000	0.000000	1761332293.040301	0.000000
10.000000	38898.383248	39745.559066	-187500.022352	-187500.022352	92642.124610	83159.978170	95011.834206	-187500.022352	0.024000	1.010000	0.084000	192.000000	0.000000	192.000000	31.000000	144.000000	2.000000	160.000000	0.000000	0.000000	0.000000	1761332293.040320	0.000000
11.000000	38851.444584	39686.148129	-187500.022352	-187500.022352	92721.875634	83128.193990	95280.926857	-187500.022352	0.024000	1.010000	0.084000	192.000000	0.000000	0.000000	0.000000	0.000000	0.000000	0.000000	0.000000	0.000000	0.000000	1761332293.040341	0.000000
12.000000	38887.497948	39709.103371	-187500.022352	-187500.022352	92693.444215	82929.911665	95539.447133	-187500.022352	0.024000	1.010000	0.084000	192.000000	0.000000	0.000000	0.000000	0.000000	0.000000	0.000000	0.000000	0.000000	0.000000	1761332293.040361	0.000000
13.000000	38939.689271	39765.966209	-187500.022352	-187500.022352	92575.270543	82893.143045	95261.503191	-187500.022352	0.024000	1.010000	0.084000	192.000000	0.000000	0.000000	0.000000	0.000000	0.000000	0.000000	0.000000	0.000000	0.000000	1761332293.040380	0.000000
14.000000	38851.221067	39716.144170	-187500.022352	-187500.022352	92571.046063	83093.235861	94937.514655	-187500.022352	0.024000	1.010000	0.084000	192.000000	0.000000	0.000000	0.000000	0.000000	0.000000	0.000000	0.000000	0.000000	0.000000	1761332293.361837	0.000000
15.000000	38835.060756	39673.228821	-187500.022352	-187500.022352	92672.433576	83134.050147	95146.838742	-187500.022352	0.024000	1.010000	0.084000	192.000000	0.000000	0.000000	0.000000	0.000000	0.000000	0.000000	0.000000	0.000000	0.000000	1761332293.361958	0.000000
16.000000	38871.941134	39696.184063	-187500.022352	-187500.022352	92683.989428	82946.653121	95476.214048	-187500.022352	0.024000	1.010000	0.084000	192.000000	0.000000	0.000000	0.000000	0.000000	0.000000	0.000000	0.000000	0.000000	0.000000	1761332293.362005	0.000000
17.000000	38884.905146	39731.924502	-187500.022352	-187500.022352	92558.417327	82850.518268	95272.164973	-187500.022352	0.024000	1.010000	0.084000	192.000000	0.000000	0.000000	0.000000	0.000000	0.000000	0.000000	0.000000	0.000000	0.000000	1761332293.362031	0.000000
18.000000	38953.234429	39790.933107	-187500.022352	-187500.022352	92560.786612	83065.072663	94917.845120	-187500.022352	0.024000	1.010000	0.084000	192.000000	0.000000	0.000000	0.000000	0.000000	0.000000	0.000000	0.000000	0.000000	0.000000	1761332293.362056	0.000000
19.000000	38917.717507	39737.780659	-187500.022352	-187500.022352	92671.137175	83171.154043	95045.764154	-187500.022352	0.024000	1.010000	0.084000	192.000000	0.000000	0.000000	0.000000	0.000000	0.000000	0.000000	0.000000	0.000000	0.000000	1761332293.362080	0.000000
20.000000	38889.710771	39704.118932	-187500.022352	-187500.022352	92690.404378	82982.818244	95399.882841	-187500.022352	0.026000	0.994000	0.076000	192.000000	0.000000	208.000000	31.000000	16.000000	2.000000	96.000000	0.000000	0.000000	0.000000	1761332293.362104	0.000000
21.000000	38894.359934	39716.166522	-187500.022352	-187500.022352	92574.510583	82855.435652	95316.399076	-187500.022352	0.026000	0.994000	0.076000	192.000000	0.000000	0.000000	0.000000	0.000000	0.000000	0.000000	0.000000	0.000000	0.000000	1761332293.362130	0.000000
22.000000	38880.837128	39732.371537	-187500.022352	-187500.022352	92522.207501	82996.855139	94910.178472	-187500.022352	0.026000	0.994000	0.076000	192.000000	0.000000	0.000000	0.000000	0.000000	0.000000	0.000000	0.000000	0.000000	0.000000	1761332293.362155	0.000000
23.000000	38790.245508	39643.813925	-187500.022352	-187500.022352	92618.230595	83147.461193	94947.550589	-187500.022352	0.026000	0.994000	0.076000	192.000000	0.000000	0.000000	0.000000	0.000000	0.000000	0.000000	0.000000	0.000000	0.000000	1761332293.362179	0.000000
24.000000	38899.389076	39700.408542	-187500.022352	-187500.022352	92703.256631	83010.445000	95334.056954	-187500.022352	0.026000	0.994000	0.076000	192.000000	0.000000	0.000000	0.000000	0.000000	0.000000	0.000000	0.000000	0.000000	0.000000	1761332293.362260	0.000000
25.000000	38910.095562	39739.255874	-187500.022352	-187500.022352	92612.396790	82857.044978	95349.613768	-187500.022352	0.026000	0.994000	0.076000	192.000000	0.000000	0.000000	0.000000	0.000000	0.000000	0.000000	0.000000	0.000000	0.000000	1761332293.362285	0.000000
26.000000	38902.339506	39746.341377	-187500.022352	-187500.022352	92522.520426	82949.044758	94939.973347	-187500.022352	0.026000	0.994000	0.076000	192.000000	0.000000	0.000000	0.000000	0.000000	0.000000	0.000000	0.000000	0.000000	0.000000	1761332293.362309	0.000000
27.000000	38849.857610	39692.876004	-187500.022352	-187500.022352	92600.416255	83141.180353	94872.225210	-187500.022352	0.026000	0.994000	0.076000	192.000000	0.000000	0.000000	0.000000	0.000000	0.000000	0.000000	0.000000	0.000000	0.000000	1761332293.362332	0.000000
28.000000	38907.659222	39704.096580	-187500.022352	-187500.022352	92690.583192	83038.407032	95243.867665	-187500.022352	0.026000	0.994000	0.076000	192.000000	0.000000	0.000000	0.000000	0.000000	0.000000	0.000000	0.000000	0.000000	0.000000	1761332293.362356	0.000000
29.000000	38908.106256	39723.050859	-187500.022352	-187500.022352	92638.034241	82880.916641	95395.814824	-187500.022352	0.026000	0.994000	0.076000	192.000000	0.000000	0.000000	0.000000	0.000000	0.000000	0.000000	0.000000	0.000000	0.000000	1761332293.362380	0.000000
30.000000	38878.981933	39732.527999	-187500.022352	-187500.022352	92518.251242	82917.104115	95008.973182	-187500.022352	0.036000	1.002000	0.080000	192.000000	1.000000	32.000000	31.000000	80.000000	2.000000	128.000000	0.000000	0.000000	0.000000	1761332293.362404	0.000000
31.000000	38905.021716	39739.300578	-187500.022352	-187500.022352	92621.851578	83173.724493	94895.046341	-187500.022352	0.036000	1.002000	0.080000	192.000000	0.000000	0.000000	0.000000	0.000000	0.000000	0.000000	0.000000	0.000000	0.000000	1761332293.362429	0.000000
32.000000	38816.240587	39653.916914	-187500.022352	-187500.022352	92687.409244	83079.936573	95210.675324	-187500.022352	0.036000	1.002000	0.080000	192.000000	0.000000	0.000000	0.000000	0.000000	0.000000	0.000000	0.000000	0.000000	0.000000	1761332293.362453	0.000000
33.000000	38881.060646	39706.219996	-187500.022352	-187500.022352	92650.417107	82892.472493	95437.322013	-187500.022352	0.036000	1.002000	0.080000	192.000000	0.000000	0.000000	0.000000	0.000000	0.000000	0.000000	0.000000	0.000000	0.000000	1761332293.362477	0.000000
34.000000	38975.943801	39800.097322	-187500.022352	-187500.022352	92562.708862	82913.147856	95116.596832	-187500.022352	0.036000	1.002000	0.080000	192.000000	0.000000	0.000000	0.000000	0.000000	0.000000	0.000000	0.000000	0.000000	0.000000	1761332293.362500	0.000000
35.000000	38886.693285	39744.173258	-187500.022352	-187500.022352	92588.592182	83126.227036	94852.779192	-187500.022352	0.036000	1.002000	0.080000	192.000000	0.000000	0.000000	0.000000	0.000000	0.000000	0.000000	0.000000	0.000000	0.000000	1761332293.362524	0.000000
36.000000	38887.050913	39705.258871	-187500.022352	-187500.022352	92708.688105	83137.715833	95156.472344	-187500.022352	0.036000	1.002000	0.080000	192.000000	0.000000	0.000000	0.000000	0.000000	0.000000	0.000000	0.000000	0.000000	0.000000	1761332293.362547	0.000000
37.000000	38903.546501	39717.038240	-187500.022352	-187500.022352	92682.938896	82926.558903	95435.980908	-187500.022352	0.036000	1.002000	0.080000	192.000000	0.000000	0.000000	0.000000	0.000000	0.000000	0.000000	0.000000	0.000000	0.000000	1761332293.362571	0.000000
38.000000	38888.660239	39735.277264	-187500.022352	-187500.022352	92544.514542	82855.458004	95156.673510	-187500.022352	0.036000	1.002000	0.080000	192.000000	0.000000	0.000000	0.000000	0.000000	0.000000	0.000000	0.000000	0.000000	0.000000	1761332293.362594	0.000000
39.000000	38849.701148	39702.464903	-187500.022352	-187500.022352	92554.371661	83073.074588	94847.012442	-187500.022352	0.036000	1.002000	0.080000	192.000000	0.000000	0.000000	0.000000	0.000000	0.000000	0.000000	0.000000	0.000000	0.000000	1761332293.362618	0.000000
40.000000	38858.910067	39695.982897	-187500.022352	-187500.022352	92679.183803	83136.955874	95049.496895	-187500.022352	0.042000	0.998000	0.074000	192.000000	1.000000	80.000000	31.000000	48.000000	2.000000	80.000000	0.000000	0.000000	0.000000	1761332293.362655	0.000000
41.000000	38939.733975	39751.974017	-187500.022352	-187500.022352	92709.515120	82961.382921	95398.966420	-187500.022352	0.042000	0.998000	0.074000	192.000000	0.000000	0.000000	0.000000	0.000000	0.000000	0.000000	0.000000	0.000000	0.000000	1761332293.362679	0.000000
42.000000	38926.702908	39763.686331	-187500.022352	-187500.022352	92569.235572	82843.566876	95205.489720	-187500.022352	0.042000	0.998000	0.074000	192.000000	0.000000	0.000000	0.000000	0.000000	0.000000	0.000000	0.000000	0.000000	0.000000	1761332293.362703	0.000000
43.000000	38839.642863	39713.126685	-187500.022352	-187500.022352	92531.684641	83016.815247	94827.834645	-187500.022352	0.042000	0.998000	0.074000	192.000000	0.000000	0.000000	0.000000	0.000000	0.000000	0.000000	0.000000	0.000000	0.000000	1761332293.362727	0.000000
44.000000	38878.266678	39710.265662	-187500.022352	-187500.022352	92675.316951	83163.867374	94976.831374	-187500.022352	0.042000	0.998000	0.074000	192.000000	0.000000	0.000000	0.000000	0.000000	0.000000	0.000000	0.000000	0.000000	0.000000	1761332293.362750	0.000000
45.000000	38913.828303	39721.977976	-187500.022352	-187500.022352	92698.026323	82973.363456	95330.279509	-187500.022352	0.042000	0.998000	0.074000	192.000000	0.000000	0.000000	0.000000	0.000000	0.000000	0.000000	0.000000	0.000000	0.000000	1761332293.362774	0.000000
46.000000	38924.132457	39748.487145	-187500.022352	-187500.022352	92591.408502	82839.476507	95268.141659	-187500.022352	0.042000	0.998000	0.074000	192.000000	0.000000	0.000000	0.000000	0.000000	0.000000	0.000000	0.000000	0.000000	0.000000	1761332293.362797	0.000000
47.000000	38890.336620	39744.106203	-187500.022352	-187500.022352	92536.222045	82974.481043	94862.323387	-187500.022352	0.042000	0.998000	0.074000	192.000000	0.000000	0.000000	0.000000	0.000000	0.000000	0.000000	0.000000	0.000000	0.000000	1761332293.362821	0.000000
48.000000	38878.937230	39714.668955	-187500.022352	-187500.022352	92667.359730	83170.930525	94917.085161	-187500.022352	0.042000	0.998000	0.074000	192.000000	0.000000	0.000000	0.000000	0.000000	0.000000	0.000000	0.000000	0.000000	0.000000	1761332293.362844	0.000000
49.000000	38874.131605	39695.737028	-187500.022352	-187500.022352	92706.452931	83000.811398	95270.957979	-187500.022352	0.042000	0.998000	0.074000	192.000000	0.000000	0.000000	0.000000	0.000000	0.000000	0.000000	0.000000	0.000000	0.000000	1761332293.362868	0.000000
50.000000	38848.002416	39695.647621	-187500.022352	-187500.022352	92599.477482	82815.828361	95293.712055	-187500.022352	0.038000	0.994000	0.070000	192.000000	1.000000	48.000000	31.000000	16.000000	2.000000	48.000000	0.000000	0.000000	0.000000	1761332293.362892	0.000000
51.000000	38906.094599	39756.734938	-187500.022352	-187500.022352	92534.612719	82921.373298	94896.655666	-187500.022352	0.038000	0.994000	0.070000	192.000000	0.000000	0.000000	0.000000	0.000000	0.000000	0.000000	0.000000	0.000000	0.000000	1761332293.362916	0.000000
52.000000	38877.909050	39723.207322	-187500.022352	-187500.022352	92648.986596	83155.552525	94850.253445	-187500.022352	0.038000	0.994000	0.070000	192.000000	0.000000	0.000000	0.000000	0.000000	0.000000	0.000000	0.000000	0.000000	0.000000	1761332293.362939	0.000000
53.000000	38834.144334	39667.327960	-187500.022352	-187500.022352	92685.174070	83015.362384	95182.445071	-187500.022352	0.038000	0.994000	0.070000	192.000000	0.000000	0.000000	0.000000	0.000000	0.000000	0.000000	0.000000	0.000000	0.000000	1761332293.362962	0.000000
54.000000	38889.263736	39729.801086	-187500.022352	-187500.022352	92626.724258	82830.960492	95315.125026	-187500.022352	0.038000	0.994000	0.070000	192.000000	0.000000	0.000000	0.000000	0.000000	0.000000	0.000000	0.000000	0.000000	0.000000	1761332293.362986	0.000000
55.000000	38960.878725	39792.050694	-187500.022352	-187500.022352	92549.141353	82893.098342	94958.257074	-187500.022352	0.038000	0.994000	0.070000	192.000000	0.000000	0.000000	0.000000	0.000000	0.000000	0.000000	0.000000	0.000000	0.000000	1761332293.363022	0.000000
56.000000	38897.332716	39743.234485	-187500.022352	-187500.022352	92635.307328	83141.403871	94805.147625	-187500.022352	0.038000	0.994000	0.070000	192.000000	0.000000	0.000000	0.000000	0.000000	0.000000	0.000000	0.000000	0.000000	0.000000	1761332293.363046	0.000000
57.000000	38870.644733	39695.669972	-187500.022352	-187500.022352	92703.211928	83073.298105	95110.763027	-187500.022352	0.038000	0.994000	0.070000	192.000000	0.000000	0.000000	0.000000	0.000000	0.000000	0.000000	0.000000	0.000000	0.000000	1761332293.363069	0.000000
58.000000	38851.109308	39694.284164	-187500.022352	-187500.022352	92632.423953	82854.139251	95316.913166	-187500.022352	0.038000	0.994000	0.070000	192.000000	0.000000	0.000000	0.000000	0.000000	0.000000	0.000000	0.000000	0.000000	0.000000	1761332293.363092	0.000000
59.000000	38933.430783	39770.011874	-187500.022352	-187500.022352	92534.858589	82857.335550	95015.276374	-187500.022352	0.038000	0.994000	0.070000	192.000000	0.000000	0.000000	0.000000	0.000000	0.000000	0.000000	0.000000	0.000000	0.000000	1761332293.363116	0.000000
60.000000	38922.120800	39768.424901	-187500.022352	-187500.022352	92614.408447	83130.585626	94811.093189	-187500.022352	0.030000	0.998000	0.068000	192.000000	0.000000	240.000000	31.000000	48.000000	2.000000	32.000000	0.000000	0.000000	0.000000	1761332293.363140	0.000000
61.000000	38875.137433	39708.790446	-187500.022352	-187500.022352	92697.959268	83117.889836	95055.420107	-187500.022352	0.030000	0.998000	0.068000	192.000000	0.000000	0.000000	0.000000	0.000000	0.000000	0.000000	0.000000	0.000000	0.000000	1761332293.363166	0.000000
62.000000	38851.645750	39696.407580	-187500.022352	-187500.022352	92654.172200	82884.604679	95332.492332	-187500.022352	0.030000	0.998000	0.068000	192.000000	0.000000	0.000000	0.000000	0.000000	0.000000	0.000000	0.000000	0.000000	0.000000	1761332293.363191	0.000000
63.000000	38992.752313	39808.814503	-187500.022352	-187500.022352	92567.782708	82844.863277	95112.104131	-187500.022352	0.030000	0.998000	0.068000	192.000000	0.000000	0.000000	0.000000	0.000000	0.000000	0.000000	0.000000	0.000000	0.000000	1761332293.363216	0.000000
64.000000	38960.498746	39799.650288	-187500.022352	-187500.022352	92591.833185	83069.028922	94793.032979	-187500.022352	0.030000	0.998000	0.068000	192.000000	0.000000	0.000000	0.000000	0.000000	0.000000	0.000000	0.000000	0.000000	0.000000	1761332293.363245	0.000000
65.000000	38917.650451	39743.167429	-187500.022352	-187500.022352	92711.012687	83154.725510	95001.127720	-187500.022352	0.030000	0.998000	0.068000	192.000000	0.000000	0.000000	0.000000	0.000000	0.000000	0.000000	0.000000	0.000000	0.000000	1761332293.363270	0.000000
66.000000	38894.896376	39714.780714	-187500.022352	-187500.022352	92687.185727	82929.308168	95338.080268	-187500.022352	0.030000	0.998000	0.068000	192.000000	0.000000	0.000000	0.000000	0.000000	0.000000	0.000000	0.000000	0.000000	0.000000	1761332293.363295	0.000000
67.000000	38949.188763	39779.824290	-187500.022352	-187500.022352	92570.330807	82814.867236	95180.165193	-187500.022352	0.030000	0.998000	0.068000	192.000000	0.000000	0.000000	0.000000	0.000000	0.000000	0.000000	0.000000	0.000000	0.000000	1761332293.363320	0.000000
68.000000	38950.529867	39795.917546	-187500.022352	-187500.022352	92565.346368	83012.344898	94821.218529	-187500.022352	0.030000	0.998000	0.068000	192.000000	0.000000	0.000000	0.000000	0.000000	0.000000	0.000000	0.000000	0.000000	0.000000	1761332293.363345	0.000000
69.000000	38915.504684	39752.063424	-187500.022352	-187500.022352	92688.303314	83160.022874	94933.714859	-187500.022352	0.030000	0.998000	0.068000	192.000000	0.000000	0.000000	0.000000	0.000000	0.000000	0.000000	0.000000	0.000000	0.000000	1761332293.363370	0.000000
70.000000	38906.854559	39728.705851	-187500.022352	-187500.022352	92687.856279	82950.408214	95272.097918	-187500.022352	0.026000	0.994000	0.068000	192.000000	0.000000	208.000000	31.000000	16.000000	2.000000	32.000000	0.000000	0.000000	0.000000	1761332293.363408	0.000000
71.000000	38910.453190	39753.516287	-187500.022352	-187500.022352	92572.610685	82787.285183	95200.885260	-187500.022352	0.026000	0.994000	0.068000	192.000000	0.000000	0.000000	0.000000	0.000000	0.000000	0.000000	0.000000	0.000000	0.000000	1761332293.363434	0.000000
72.000000	38930.882684	39766.770871	-187500.022352	-187500.022352	92527.974251	82936.237208	94818.938651	-187500.022352	0.026000	0.994000	0.068000	192.000000	0.000000	0.000000	0.000000	0.000000	0.000000	0.000000	0.000000	0.000000	0.000000	1761332293.363459	0.000000
73.000000	38849.745852	39702.487254	-187500.022352	-187500.022352	92641.141133	83128.998653	94828.482846	-187500.022352	0.026000	0.994000	0.068000	192.000000	0.000000	0.000000	0.000000	0.000000	0.000000	0.000000	0.000000	0.000000	0.000000	1761332293.363484	0.000000
74.000000	38891.767131	39709.773923	-187500.022352	-187500.022352	92680.636666	82983.824072	95196.839594	-187500.022352	0.026000	0.994000	0.068000	192.000000	0.000000	0.000000	0.000000	0.000000	0.000000	0.000000	0.000000	0.000000	0.000000	1761332293.363509	0.000000
75.000000	39028.604511	39831.635634	-187500.022352	-187500.022352	92645.320910	82860.017760	95299.255288	-187500.022352	0.026000	0.994000	0.068000	192.000000	0.000000	0.000000	0.000000	0.000000	0.000000	0.000000	0.000000	0.000000	0.000000	1761332293.363533	0.000000
76.000000	38999.122560	39832.730869	-187500.022352	-187500.022352	92555.422193	82936.572485	94900.231946	-187500.022352	0.026000	0.994000	0.068000	192.000000	0.000000	0.000000	0.000000	0.000000	0.000000	0.000000	0.000000	0.000000	0.000000	1761332293.363568	0.000000
77.000000	38870.756492	39730.628101	-187500.022352	-187500.022352	92627.260700	83155.217249	94821.263232	-187500.022352	0.026000	0.994000	0.068000	192.000000	0.000000	0.000000	0.000000	0.000000	0.000000	0.000000	0.000000	0.000000	0.000000	1761332293.363594	0.000000
78.000000	38847.689491	39678.459129	-187500.022352	-187500.022352	92662.040015	83007.405163	95127.146855	-187500.022352	0.026000	0.994000	0.068000	192.000000	0.000000	0.000000	0.000000	0.000000	0.000000	0.000000	0.000000	0.000000	0.000000	1761332293.363619	0.000000
79.000000	38925.562969	39738.630025	-187500.022352	-187500.022352	92610.116912	82822.690347	95293.712055	-187500.022352	0.026000	0.994000	0.068000	192.000000	0.000000	0.000000	0.000000	0.000000	0.000000	0.000000	0.000000	0.000000	0.000000	1761332293.363643	0.000000
80.000000	38959.470565	39798.756218	-187500.022352	-187500.022352	92522.453370	82870.657190	94953.071469	-187500.022352	0.026000	0.994000	0.068000	192.000000	0.000000	208.000000	31.000000	16.000000	2.000000	32.000000	0.000000	0.000000	0.000000	1761332293.363668	0.000000
81.000000	38986.672638	39820.929148	-187500.022352	-187500.022352	92649.791259	83164.604981	94822.626689	-187500.022352	0.026000	0.994000	0.068000	192.000000	0.000000	0.000000	0.000000	0.000000	0.000000	0.000000	0.000000	0.000000	0.000000	1761332293.363694	0.000000
82.000000	38894.583451	39725.755420	-187500.022352	-187500.022352	92684.592925	83064.871498	95082.041035	-187500.022352	0.026000	0.994000	0.068000	192.000000	0.000000	0.000000	0.000000	0.000000	0.000000	0.000000	0.000000	0.000000	0.000000	1761332293.363719	0.000000
83.000000	38949.836963	39777.075026	-187500.022352	-187500.022352	92651.646453	82855.458004	95308.933593	-187500.022352	0.026000	0.994000	0.068000	192.000000	0.000000	0.000000	0.000000	0.000000	0.000000	0.000000	0.000000	0.000000	0.000000	1761332293.363744	0.000000
84.000000	38920.220902	39771.107110	-187500.022352	-187500.022352	92525.247338	82823.025623	95007.833243	-187500.022352	0.026000	0.994000	0.068000	192.000000	0.000000	0.000000	0.000000	0.000000	0.000000	0.000000	0.000000	0.000000	0.000000	1761332293.363769	0.000000
85.000000	38962.868030	39785.523985	-187500.022352	-187500.022352	92587.564002	83089.190196	94780.963037	-187500.022352	0.026000	0.994000	0.068000	192.000000	0.000000	0.000000	0.000000	0.000000	0.000000	0.000000	0.000000	0.000000	0.000000	1761332293.363793	0.000000
86.000000	38938.906960	39753.203363	-187500.022352	-187500.022352	92702.071989	83110.446705	95025.222901	-187500.022352	0.026000	0.994000	0.068000	192.000000	0.000000	0.000000	0.000000	0.000000	0.000000	0.000000	0.000000	0.000000	0.000000	1761332293.363832	0.000000
87.000000	38942.259722	39754.678578	-187500.022352	-187500.022352	92656.921465	82867.684408	95287.028883	-187500.022352	0.026000	0.994000	0.068000	192.000000	0.000000	0.000000	0.000000	0.000000	0.000000	0.000000	0.000000	0.000000	0.000000	1761332293.363857	0.000000
88.000000	38985.197423	39807.316936	-187500.022352	-187500.022352	92550.929493	82808.541692	95075.849602	-187500.022352	0.026000	0.994000	0.068000	192.000000	0.000000	0.000000	0.000000	0.000000	0.000000	0.000000	0.000000	0.000000	0.000000	1761332293.363882	0.000000
89.000000	38928.960434	39772.112938	-187500.022352	-187500.022352	92562.306531	83037.535314	94766.032072	-187500.022352	0.026000	0.994000	0.068000	192.000000	0.000000	0.000000	0.000000	0.000000	0.000000	0.000000	0.000000	0.000000	0.000000	1761332293.363906	0.000000
90.000000	38944.651359	39754.320950	-187500.022352	-187500.022352	92707.056428	83152.378577	94971.690473	-187500.022352	0.032000	0.998000	0.064000	192.000000	1.000000	0.000000	31.000000	48.000000	2.000000	0.000000	0.000000	0.000000	0.000000	1761332293.363931	0.000000
91.000000	38936.403565	39762.367578	-187500.022352	-187500.022352	92688.750349	82913.594891	95272.120270	-187500.022352	0.032000	0.998000	0.064000	192.000000	0.000000	0.000000	0.000000	0.000000	0.000000	0.000000	0.000000	0.000000	0.000000	1761332293.363957	0.000000
92.000000	38933.140210	39760.087700	-187500.022352	-187500.022352	92537.965481	82769.761416	95117.736771	-187500.022352	0.032000	0.998000	0.064000	192.000000	0.000000	0.000000	0.000000	0.000000	0.000000	0.000000	0.000000	0.000000	0.000000	1761332293.363983	0.000000
93.000000	38941.477411	39789.033209	-187500.022352	-187500.022352	92558.551438	82989.590822	94781.320665	-187500.022352	0.032000	0.998000	0.064000	192.000000	0.000000	0.000000	0.000000	0.000000	0.000000	0.000000	0.000000	0.000000	0.000000	1761332293.830732	0.000000
94.000000	38968.947705	39785.322819	-187500.022352	-187500.022352	92717.002954	83178.574822	94900.187242	-187500.022352	0.032000	0.998000	0.064000	192.000000	0.000000	0.000000	0.000000	0.000000	0.000000	0.000000	0.000000	0.000000	0.000000	1761332293.830883	0.000000
95.000000	38928.669861	39750.655264	-187500.022352	-187500.022352	92704.262460	82946.384900	95203.299249	-187500.022352	0.032000	0.998000	0.064000	192.000000	0.000000	0.000000	0.000000	0.000000	0.000000	0.000000	0.000000	0.000000	0.000000	1761332293.830950	0.000000
96.000000	38889.733123	39721.039202	-187500.022352	-187500.022352	92545.453315	82747.454375	95137.272195	-187500.022352	0.032000	0.998000	0.064000	192.000000	0.000000	0.000000	0.000000	0.000000	0.000000	0.000000	0.000000	0.000000	0.000000	1761332293.830976	0.000000
97.000000	39004.084647	39821.130314	-187500.022352	-187500.022352	92533.182208	82924.033156	94776.224467	-187500.022352	0.032000	0.998000	0.064000	192.000000	0.000000	0.000000	0.000000	0.000000	0.000000	0.000000	0.000000	0.000000	0.000000	1761332293.831000	0.000000
98.000000	39039.981549	39845.896047	-187500.022352	-187500.022352	92716.757085	83193.885767	94829.578081	-187500.022352	0.032000	0.998000	0.064000	192.000000	0.000000	0.000000	0.000000	0.000000	0.000000	0.000000	0.000000	0.000000	0.000000	1761332293.831025	0.000000
99.000000	38947.221809	39757.226677	-187500.022352	-187500.022352	92702.988410	82985.969840	95127.482131	-187500.022352	0.032000	0.998000	0.064000	192.000000	0.000000	0.000000	0.000000	0.000000	0.000000	0.000000	0.000000	0.000000	0.000000	1761332293.831049	0.000000
100.000000	38875.271544	39714.445438	-187500.022352	-187500.022352	92555.332786	82743.498116	95139.060335	-187500.022352	0.042000	0.994000	0.066000	192.000000	1.000000	80.000000	31.000000	16.000000	2.000000	16.000000	0.000000	0.000000	0.000000	1761332293.831074	0.000000
101.000000	39022.323671	39836.463611	-187500.022352	-187500.022352	92532.377545	82881.967173	94806.354619	-187500.022352	0.042000	0.994000	0.066000	192.000000	0.000000	0.000000	0.000000	0.000000	0.000000	0.000000	0.000000	0.000000	0.000000	1761332293.831159	0.000000
102.000000	38935.129516	39765.943857	-187500.022352	-187500.022352	92635.776715	83136.508839	94732.772676	-187500.022352	0.042000	0.994000	0.066000	192.000000	0.000000	0.000000	0.000000	0.000000	0.000000	0.000000	0.000000	0.000000	0.000000	1761332293.831184	0.000000
103.000000	38883.675800	39703.493083	-187500.022352	-187500.022352	92656.988520	82993.055343	95017.064514	-187500.022352	0.042000	0.994000	0.066000	192.000000	0.000000	0.000000	0.000000	0.000000	0.000000	0.000000	0.000000	0.000000	0.000000	1761332293.831207	0.000000
104.000000	38989.377199	39797.906852	-187500.022352	-187500.022352	92619.504645	82807.155884	95187.541269	-187500.022352	0.042000	0.994000	0.066000	192.000000	0.000000	0.000000	0.000000	0.000000	0.000000	0.000000	0.000000	0.000000	0.000000	1761332293.831231	0.000000
105.000000	38989.444255	39809.418000	-187500.022352	-187500.022352	92525.761429	82844.148021	94860.691710	-187500.022352	0.042000	0.994000	0.066000	192.000000	0.000000	0.000000	0.000000	0.000000	0.000000	0.000000	0.000000	0.000000	0.000000	1761332293.831254	0.000000
106.000000	38943.779641	39762.904020	-187500.022352	-187500.022352	92598.672819	83105.641080	94689.834975	-187500.022352	0.042000	0.994000	0.066000	192.000000	0.000000	0.000000	0.000000	0.000000	0.000000	0.000000	0.000000	0.000000	0.000000	1761332293.831278	0.000000
107.000000	38931.799106	39734.226732	-187500.022352	-187500.022352	92677.306256	83060.825832	94969.365891	-187500.022352	0.042000	0.994000	0.066000	192.000000	0.000000	0.000000	0.000000	0.000000	0.000000	0.000000	0.000000	0.000000	0.000000	1761332293.831302	0.000000
108.000000	38940.203362	39744.396775	-187500.022352	-187500.022352	92612.128569	82813.794352	95178.824088	-187500.022352	0.042000	0.994000	0.066000	192.000000	0.000000	0.000000	0.000000	0.000000	0.000000	0.000000	0.000000	0.000000	0.000000	1761332293.831325	0.000000
109.000000	38956.587190	39796.141064	-187500.022352	-187500.022352	92535.462086	82808.720506	94919.297984	-187500.022352	0.042000	0.994000	0.066000	192.000000	0.000000	0.000000	0.000000	0.000000	0.000000	0.000000	0.000000	0.000000	0.000000	1761332293.831349	0.000000
110.000000	38970.132347	39798.599756	-187500.022352	-187500.022352	92601.131511	83092.520606	94695.802891	-187500.022352	0.062000	0.982000	0.056000	192.000000	1.000000	240.000000	30.000000	176.000000	1.000000	192.000000	0.000000	0.000000	0.000000	1761332293.831372	0.000000
111.000000	38879.428968	39707.494045	-187500.022352	-187500.022352	92676.054558	83099.740219	94909.910251	-187500.022352	0.062000	0.982000	0.056000	192.000000	0.000000	0.000000	0.000000	0.000000	0.000000	0.000000	0.000000	0.000000	0.000000	1761332293.831397	0.000000
112.000000	38952.742690	39753.404528	-187500.022352	-187500.022352	92647.712546	82862.454100	95194.090330	-187500.022352	0.062000	0.982000	0.056000	192.000000	0.000000	0.000000	0.000000	0.000000	0.000000	0.000000	0.000000	0.000000	0.000000	1761332293.831421	0.000000
113.000000	39054.130203	39849.785250	-187500.022352	-187500.022352	92567.514487	82819.382288	95026.116970	-187500.022352	0.062000	0.982000	0.056000	192.000000	0.000000	0.000000	0.000000	0.000000	0.000000	0.000000	0.000000	0.000000	0.000000	1761332293.831444	0.000000
114.000000	38995.278060	39812.614299	-187500.022352	-187500.022352	92580.210278	83049.202925	94711.292650	-187500.022352	0.062000	0.982000	0.056000	192.000000	0.000000	0.000000	0.000000	0.000000	0.000000	0.000000	0.000000	0.000000	0.000000	1761332293.831468	0.000000
115.000000	38913.850655	39732.192723	-187500.022352	-187500.022352	92682.760082	83143.259066	94873.879239	-187500.022352	0.062000	0.982000	0.056000	192.000000	0.000000	0.000000	0.000000	0.000000	0.000000	0.000000	0.000000	0.000000	0.000000	1761332293.831491	0.000000
116.000000	38880.211279	39704.677725	-187500.022352	-187500.022352	92637.050764	82876.647458	95151.823181	-187500.022352	0.062000	0.982000	0.056000	192.000000	0.000000	0.000000	0.000000	0.000000	0.000000	0.000000	0.000000	0.000000	0.000000	1761332293.831528	0.000000
117.000000	38928.155771	39751.839906	-187500.022352	-187500.022352	92519.368830	82742.000549	95027.391020	-187500.022352	0.062000	0.982000	0.056000	192.000000	0.000000	0.000000	0.000000	0.000000	0.000000	0.000000	0.000000	0.000000	0.000000	1761332293.831552	0.000000
118.000000	38973.127481	39792.810654	-187500.022352	-187500.022352	92532.645766	82971.530613	94708.431626	-187500.022352	0.062000	0.982000	0.056000	192.000000	0.000000	0.000000	0.000000	0.000000	0.000000	0.000000	0.000000	0.000000	0.000000	1761332293.831576	0.000000
119.000000	38916.666975	39739.479392	-187500.022352	-187500.022352	92673.707625	83157.050092	94809.237994	-187500.022352	0.062000	0.982000	0.056000	192.000000	0.000000	0.000000	0.000000	0.000000	0.000000	0.000000	0.000000	0.000000	0.000000	1761332293.831600	0.000000
120.000000	38947.601789	39750.744671	-187500.022352	-187500.022352	92691.611372	82955.392653	95150.839704	-187500.022352	0.068000	1.008000	0.056000	192.000000	2.000000	32.000000	31.000000	128.000000	1.000000	192.000000	0.000000	0.000000	0.000000	1761332293.831623	0.000000
121.000000	39003.145874	39814.603605	-187500.022352	-187500.022352	92602.852595	82796.628213	95139.283852	-187500.022352	0.068000	1.008000	0.056000	192.000000	0.000000	0.000000	0.000000	0.000000	0.000000	0.000000	0.000000	0.000000	0.000000	1761332293.831648	0.000000
122.000000	38981.419978	39811.519064	-187500.022352	-187500.022352	92529.740039	82919.585159	94748.731822	-187500.022352	0.068000	1.008000	0.056000	192.000000	0.000000	0.000000	0.000000	0.000000	0.000000	0.000000	0.000000	0.000000	0.000000	1761332293.831671	0.000000
123.000000	38920.958510	39756.891400	-187500.022352	-187500.022352	92657.614369	83158.972342	94764.512153	-187500.022352	0.068000	1.008000	0.056000	192.000000	0.000000	0.000000	0.000000	0.000000	0.000000	0.000000	0.000000	0.000000	0.000000	1761332293.831695	0.000000
124.000000	38905.021716	39727.632967	-187500.022352	-187500.022352	92691.119634	82998.263299	95109.220756	-187500.022352	0.068000	1.008000	0.056000	192.000000	0.000000	0.000000	0.000000	0.000000	0.000000	0.000000	0.000000	0.000000	0.000000	1761332293.831718	0.000000
125.000000	38977.888403	39783.154700	-187500.022352	-187500.022352	92601.511491	82795.398867	95186.490737	-187500.022352	0.068000	1.008000	0.056000	192.000000	0.000000	0.000000	0.000000	0.000000	0.000000	0.000000	0.000000	0.000000	0.000000	1761332293.831742	0.000000
126.000000	38987.611412	39828.305224	-187500.022352	-187500.022352	92528.443638	82880.648420	94815.608241	-187500.022352	0.068000	1.008000	0.056000	192.000000	0.000000	0.000000	0.000000	0.000000	0.000000	0.000000	0.000000	0.000000	0.000000	1761332293.831765	0.000000
127.000000	38942.974978	39784.071122	-187500.022352	-187500.022352	92619.929328	83133.580760	94707.336391	-187500.022352	0.068000	1.008000	0.056000	192.000000	0.000000	0.000000	0.000000	0.000000	0.000000	0.000000	0.000000	0.000000	0.000000	1761332293.831789	0.000000
128.000000	38982.962249	39782.841776	-187500.022352	-187500.022352	92701.356733	83042.519753	95030.363802	-187500.022352	0.068000	1.008000	0.056000	192.000000	0.000000	0.000000	0.000000	0.000000	0.000000	0.000000	0.000000	0.000000	0.000000	1761332293.831817	0.000000
129.000000	38991.992353	39797.392761	-187500.022352	-187500.022352	92630.524055	82816.633024	95202.561641	-187500.022352	0.068000	1.008000	0.056000	192.000000	0.000000	0.000000	0.000000	0.000000	0.000000	0.000000	0.000000	0.000000	0.000000	1761332293.831841	0.000000
130.000000	38975.675580	39805.081761	-187500.022352	-187500.022352	92523.794475	82841.778736	94890.084254	-187500.022352	0.042000	1.016000	0.060000	192.000000	1.000000	80.000000	31.000000	192.000000	1.000000	224.000000	0.000000	0.000000	0.000000	1761332293.831864	0.000000
131.000000	38967.248972	39799.940860	-187500.022352	-187500.022352	92616.196587	83130.965606	94728.235272	-187500.022352	0.042000	1.016000	0.060000	192.000000	0.000000	0.000000	0.000000	0.000000	0.000000	0.000000	0.000000	0.000000	0.000000	1761332293.831888	0.000000
132.000000	38902.831245	39750.051767	-187500.022352	-187500.022352	92702.921355	83095.649850	94997.394979	-187500.022352	0.042000	1.016000	0.060000	192.000000	0.000000	0.000000	0.000000	0.000000	0.000000	0.000000	0.000000	0.000000	0.000000	1761332293.831923	0.000000
133.000000	38945.210152	39769.967171	-187500.022352	-187500.022352	92642.661052	82846.427899	95230.903653	-187500.022352	0.042000	1.016000	0.060000	192.000000	0.000000	0.000000	0.000000	0.000000	0.000000	0.000000	0.000000	0.000000	0.000000	1761332293.831947	0.000000
134.000000	39033.164267	39853.562695	-187500.022352	-187500.022352	92546.146220	82824.903169	94978.060720	-187500.022352	0.042000	1.016000	0.060000	192.000000	0.000000	0.000000	0.000000	0.000000	0.000000	0.000000	0.000000	0.000000	0.000000	1761332293.831970	0.000000
135.000000	39017.406287	39849.271160	-187500.022352	-187500.022352	92605.646563	83096.879196	94724.055496	-187500.022352	0.042000	1.016000	0.060000	192.000000	0.000000	0.000000	0.000000	0.000000	0.000000	0.000000	0.000000	0.000000	0.000000	1761332293.831994	0.000000
136.000000	38970.445272	39793.883538	-187500.022352	-187500.022352	92720.266309	83139.839249	94946.410650	-187500.022352	0.042000	1.016000	0.060000	192.000000	0.000000	0.000000	0.000000	0.000000	0.000000	0.000000	0.000000	0.000000	0.000000	1761332293.832017	0.000000
137.000000	38924.221864	39754.164488	-187500.022352	-187500.022352	92660.989483	82862.856431	95210.094179	-187500.022352	0.042000	1.016000	0.060000	192.000000	0.000000	0.000000	0.000000	0.000000	0.000000	0.000000	0.000000	0.000000	0.000000	1761332293.832040	0.000000
138.000000	38981.241164	39815.452971	-187500.022352	-187500.022352	92563.647635	82785.742913	95038.119857	-187500.022352	0.042000	1.016000	0.060000	192.000000	0.000000	0.000000	0.000000	0.000000	0.000000	0.000000	0.000000	0.000000	0.000000	1761332293.832064	0.000000
139.000000	38945.657187	39789.033209	-187500.022352	-187500.022352	92556.539781	83001.973689	94705.570603	-187500.022352	0.042000	1.016000	0.060000	192.000000	0.000000	0.000000	0.000000	0.000000	0.000000	0.000000	0.000000	0.000000	0.000000	1761332293.832087	0.000000
140.000000	38951.558048	39788.854395	-187500.022352	-187500.022352	92696.774625	83141.247409	94871.912285	-187500.022352	0.018000	1.000000	0.064000	192.000000	0.000000	144.000000	31.000000	64.000000	2.000000	0.000000	0.000000	0.000000	0.000000	1761332293.832110	0.000000
141.000000	38975.250897	39800.186729	-187500.022352	-187500.022352	92689.398550	82892.092513	95156.405289	-187500.022352	0.018000	1.000000	0.064000	192.000000	0.000000	0.000000	0.000000	0.000000	0.000000	0.000000	0.000000	0.000000	0.000000	1761332293.832135	0.000000
142.000000	38972.099301	39815.900006	-187500.022352	-187500.022352	92580.187926	82752.170593	95059.644587	-187500.022352	0.018000	1.000000	0.064000	192.000000	0.000000	0.000000	0.000000	0.000000	0.000000	0.000000	0.000000	0.000000	0.000000	1761332293.832158	0.000000
143.000000	38978.782472	39826.315919	-187500.022352	-187500.022352	92562.865324	82948.374206	94709.951545	-187500.022352	0.018000	1.000000	0.064000	192.000000	0.000000	0.000000	0.000000	0.000000	0.000000	0.000000	0.000000	0.000000	0.000000	1761332293.832181	0.000000
144.000000	38940.292769	39770.302447	-187500.022352	-187500.022352	92680.346093	83128.775135	94768.088432	-187500.022352	0.018000	1.000000	0.064000	192.000000	0.000000	0.000000	0.000000	0.000000	0.000000	0.000000	0.000000	0.000000	0.000000	1761332293.832204	0.000000
145.000000	38943.198495	39752.465755	-187500.022352	-187500.022352	92692.885422	82924.703708	95102.604640	-187500.022352	0.018000	1.000000	0.064000	192.000000	0.000000	0.000000	0.000000	0.000000	0.000000	0.000000	0.000000	0.000000	0.000000	1761332293.832227	0.000000
146.000000	38907.122780	39750.141174	-187500.022352	-187500.022352	92566.642769	82722.956863	95085.751425	-187500.022352	0.018000	1.000000	0.064000	192.000000	0.000000	0.000000	0.000000	0.000000	0.000000	0.000000	0.000000	0.000000	0.000000	1761332293.832250	0.000000
147.000000	38985.666810	39820.392706	-187500.022352	-187500.022352	92532.265786	82873.629972	94723.921385	-187500.022352	0.018000	1.000000	0.064000	192.000000	0.000000	0.000000	0.000000	0.000000	0.000000	0.000000	0.000000	0.000000	0.000000	1761332293.832288	0.000000
148.000000	38970.020589	39795.045828	-187500.022352	-187500.022352	92662.911733	83132.217304	94723.742571	-187500.022352	0.018000	1.000000	0.064000	192.000000	0.000000	0.000000	0.000000	0.000000	0.000000	0.000000	0.000000	0.000000	0.000000	1761332293.832310	0.000000
149.000000	38919.058611	39748.062461	-187500.022352	-187500.022352	92691.969000	82959.863002	95025.669935	-187500.022352	0.018000	1.000000	0.064000	192.000000	0.000000	0.000000	0.000000	0.000000	0.000000	0.000000	0.000000	0.000000	0.000000	1761332293.832332	0.000000
150.000000	38979.073045	39784.786378	-187500.022352	-187500.022352	92608.284069	82759.792538	95140.043812	-187500.022352	0.016000	0.976000	0.062000	192.000000	0.000000	128.000000	30.000000	128.000000	1.000000	240.000000	0.000000	0.000000	0.000000	1761332293.832354	0.000000
151.000000	39000.262499	39823.298433	-187500.022352	-187500.022352	92546.973234	82855.905039	94817.508139	-187500.022352	0.016000	0.976000	0.062000	192.000000	0.000000	0.000000	0.000000	0.000000	0.000000	0.000000	0.000000	0.000000	0.000000	1761332293.832377	0.000000
152.000000	38985.219775	39811.496712	-187500.022352	-187500.022352	92655.490953	83128.395155	94700.317943	-187500.022352	0.016000	0.976000	0.062000	192.000000	0.000000	0.000000	0.000000	0.000000	0.000000	0.000000	0.000000	0.000000	0.000000	1761332293.832399	0.000000
153.000000	38949.009949	39768.402549	-187500.022352	-187500.022352	92714.298393	83026.493553	94992.723464	-187500.022352	0.016000	0.976000	0.062000	192.000000	0.000000	0.000000	0.000000	0.000000	0.000000	0.000000	0.000000	0.000000	0.000000	1761332293.832421	0.000000
154.000000	38936.738841	39760.601790	-187500.022352	-187500.022352	92621.672764	82772.734198	95152.896065	-187500.022352	0.016000	0.976000	0.062000	192.000000	0.000000	0.000000	0.000000	0.000000	0.000000	0.000000	0.000000	0.000000	0.000000	1761332293.832460	0.000000
155.000000	38967.651304	39802.846587	-187500.022352	-187500.022352	92528.980080	82789.877986	94844.374936	-187500.022352	0.016000	0.976000	0.062000	192.000000	0.000000	0.000000	0.000000	0.000000	0.000000	0.000000	0.000000	0.000000	0.000000	1761332293.832483	0.000000
156.000000	38977.843699	39808.903910	-187500.022352	-187500.022352	92626.634851	83092.051219	94673.562905	-187500.022352	0.016000	0.976000	0.062000	192.000000	0.000000	0.000000	0.000000	0.000000	0.000000	0.000000	0.000000	0.000000	0.000000	1761332293.832506	0.000000
157.000000	38956.386025	39783.221755	-187500.022352	-187500.022352	92727.821198	83078.282544	94935.882978	-187500.022352	0.016000	0.976000	0.062000	192.000000	0.000000	0.000000	0.000000	0.000000	0.000000	0.000000	0.000000	0.000000	0.000000	1761332293.832528	0.000000
158.000000	38971.674618	39783.780549	-187500.022352	-187500.022352	92656.161506	82810.910977	95151.622015	-187500.022352	0.016000	0.976000	0.062000	192.000000	0.000000	0.000000	0.000000	0.000000	0.000000	0.000000	0.000000	0.000000	0.000000	1761332293.832550	0.000000
159.000000	38988.527833	39815.207102	-187500.022352	-187500.022352	92532.511655	82754.852802	94894.129919	-187500.022352	0.016000	0.976000	0.062000	192.000000	0.000000	0.000000	0.000000	0.000000	0.000000	0.000000	0.000000	0.000000	0.000000	1761332293.832573	0.000000
160.000000	38986.203252	39820.549169	-187500.022352	-187500.022352	92592.011999	83036.350672	94639.141219	-187500.022352	0.030000	0.978000	0.062000	192.000000	0.000000	240.000000	30.000000	144.000000	1.000000	240.000000	0.000000	0.000000	0.000000	1761332293.832595	0.000000
161.000000	38979.318914	39790.486072	-187500.022352	-187500.022352	92716.354754	83115.229978	94863.396271	-187500.022352	0.030000	0.978000	0.062000	192.000000	0.000000	0.000000	0.000000	0.000000	0.000000	0.000000	0.000000	0.000000	0.000000	1761332293.832618	0.000000
162.000000	38969.998237	39779.377255	-187500.022352	-187500.022352	92668.790241	82846.137326	95135.886387	-187500.022352	0.030000	0.978000	0.062000	192.000000	0.000000	0.000000	0.000000	0.000000	0.000000	0.000000	0.000000	0.000000	0.000000	1761332293.832653	0.000000
163.000000	38992.260574	39816.525855	-187500.022352	-187500.022352	92551.398879	82741.777032	94968.136545	-187500.022352	0.030000	0.978000	0.062000	192.000000	0.000000	0.000000	0.000000	0.000000	0.000000	0.000000	0.000000	0.000000	0.000000	1761332293.832675	0.000000
164.000000	38984.437464	39814.134218	-187500.022352	-187500.022352	92561.211295	82973.631677	94644.729155	-187500.022352	0.030000	0.978000	0.062000	192.000000	0.000000	0.000000	0.000000	0.000000	0.000000	0.000000	0.000000	0.000000	0.000000	1761332293.832698	0.000000
165.000000	38943.354958	39763.060482	-187500.022352	-187500.022352	92686.291657	83108.658565	94775.531563	-187500.022352	0.030000	0.978000	0.062000	192.000000	0.000000	0.000000	0.000000	0.000000	0.000000	0.000000	0.000000	0.000000	0.000000	1761332293.832720	0.000000
166.000000	38929.161600	39742.943912	-187500.022352	-187500.022352	92676.054558	82874.971077	95093.708646	-187500.022352	0.030000	0.978000	0.062000	192.000000	0.000000	0.000000	0.000000	0.000000	0.000000	0.000000	0.000000	0.000000	0.000000	1761332293.832742	0.000000
167.000000	38958.844716	39785.725151	-187500.022352	-187500.022352	92575.248191	82738.893657	95044.445401	-187500.022352	0.030000	0.978000	0.062000	192.000000	0.000000	0.000000	0.000000	0.000000	0.000000	0.000000	0.000000	0.000000	0.000000	1761332293.832764	0.000000
168.000000	38979.408321	39817.151703	-187500.022352	-187500.022352	92555.712766	82918.154647	94680.067263	-187500.022352	0.030000	0.978000	0.062000	192.000000	0.000000	0.000000	0.000000	0.000000	0.000000	0.000000	0.000000	0.000000	0.000000	1761332293.832787	0.000000
169.000000	38933.408431	39764.803918	-187500.022352	-187500.022352	92686.112843	83118.403926	94728.347031	-187500.022352	0.030000	0.978000	0.062000	192.000000	0.000000	0.000000	0.000000	0.000000	0.000000	0.000000	0.000000	0.000000	0.000000	1761332293.832809	0.000000
170.000000	38919.371536	39736.528961	-187500.022352	-187500.022352	92695.902907	82911.024441	95041.986709	-187500.022352	0.044000	0.996000	0.056000	192.000000	1.000000	96.000000	31.000000	32.000000	1.000000	192.000000	0.000000	0.000000	0.000000	1761332293.832832	0.000000
171.000000	38962.175126	39780.025456	-187500.022352	-187500.022352	92602.137339	82736.077337	95078.241238	-187500.022352	0.044000	0.996000	0.056000	192.000000	0.000000	0.000000	0.000000	0.000000	0.000000	0.000000	0.000000	0.000000	0.000000	1761332293.832855	0.000000
172.000000	38996.909737	39827.969948	-187500.022352	-187500.022352	92555.042214	82864.443405	94711.136187	-187500.022352	0.044000	0.996000	0.056000	192.000000	0.000000	0.000000	0.000000	0.000000	0.000000	0.000000	0.000000	0.000000	0.000000	1761332293.832877	0.000000
173.000000	38941.008024	39775.063369	-187500.022352	-187500.022352	92677.797994	83126.003519	94687.085710	-187500.022352	0.044000	0.996000	0.056000	192.000000	0.000000	0.000000	0.000000	0.000000	0.000000	0.000000	0.000000	0.000000	0.000000	1761332293.832899	0.000000
174.000000	38926.479390	39745.827287	-187500.022352	-187500.022352	92712.309088	82972.067055	94989.951848	-187500.022352	0.044000	0.996000	0.056000	192.000000	0.000000	0.000000	0.000000	0.000000	0.000000	0.000000	0.000000	0.000000	0.000000	1761332293.832922	0.000000
175.000000	38951.468641	39773.543450	-187500.022352	-187500.022352	92618.543520	82745.688587	95091.093491	-187500.022352	0.044000	0.996000	0.056000	192.000000	0.000000	0.000000	0.000000	0.000000	0.000000	0.000000	0.000000	0.000000	0.000000	1761332293.832944	0.000000
176.000000	38979.900060	39815.765895	-187500.022352	-187500.022352	92533.830408	82808.474637	94753.828019	-187500.022352	0.044000	0.996000	0.056000	192.000000	0.000000	0.000000	0.000000	0.000000	0.000000	0.000000	0.000000	0.000000	0.000000	1761332293.832966	0.000000
177.000000	38939.979844	39781.478319	-187500.022352	-187500.022352	92634.860293	83085.211585	94633.218006	-187500.022352	0.044000	0.996000	0.056000	192.000000	0.000000	0.000000	0.000000	0.000000	0.000000	0.000000	0.000000	0.000000	0.000000	1761332293.832988	0.000000
178.000000	38889.844881	39717.351165	-187500.022352	-187500.022352	92701.088512	83001.727820	94921.957841	-187500.022352	0.044000	0.996000	0.056000	192.000000	0.000000	0.000000	0.000000	0.000000	0.000000	0.000000	0.000000	0.000000	0.000000	1761332293.833022	0.000000
179.000000	38910.654355	39728.951720	-187500.022352	-187500.022352	92628.378287	82767.503890	95126.766876	-187500.022352	0.044000	0.996000	0.056000	192.000000	0.000000	0.000000	0.000000	0.000000	0.000000	0.000000	0.000000	0.000000	0.000000	1761332293.833044	0.000000
180.000000	38950.775737	39779.354904	-187500.022352	-187500.022352	92530.455295	82774.567041	94834.249596	-187500.022352	0.042000	1.002000	0.056000	192.000000	1.000000	80.000000	31.000000	80.000000	1.000000	192.000000	0.000000	0.000000	0.000000	1761332293.833067	0.000000
181.000000	38913.247158	39751.258761	-187500.022352	-187500.022352	92605.378342	83056.422538	94627.563015	-187500.022352	0.042000	1.002000	0.056000	192.000000	0.000000	0.000000	0.000000	0.000000	0.000000	0.000000	0.000000	0.000000	0.000000	1761332293.833090	0.000000
182.000000	38875.696227	39697.703981	-187500.022352	-187500.022352	92696.595811	83055.640227	94883.289323	-187500.022352	0.042000	1.002000	0.056000	192.000000	0.000000	0.000000	0.000000	0.000000	0.000000	0.000000	0.000000	0.000000	0.000000	1761332293.833112	0.000000
183.000000	38889.755474	39708.835150	-187500.022352	-187500.022352	92639.375346	82795.801198	95123.011783	-187500.022352	0.042000	1.002000	0.056000	192.000000	0.000000	0.000000	0.000000	0.000000	0.000000	0.000000	0.000000	0.000000	0.000000	1761332293.833134	0.000000
184.000000	38918.812742	39749.917656	-187500.022352	-187500.022352	92540.088897	82755.813927	94915.654649	-187500.022352	0.042000	1.002000	0.056000	192.000000	0.000000	0.000000	0.000000	0.000000	0.000000	0.000000	0.000000	0.000000	0.000000	1761332293.833156	0.000000
185.000000	38905.982841	39750.834078	-187500.022352	-187500.022352	92579.875002	83011.651994	94627.875939	-187500.022352	0.042000	1.002000	0.056000	192.000000	0.000000	0.000000	0.000000	0.000000	0.000000	0.000000	0.000000	0.000000	0.000000	1761332293.833178	0.000000
186.000000	38864.006265	39699.782693	-187500.022352	-187500.022352	92686.381064	83083.311687	94805.795825	-187500.022352	0.042000	1.002000	0.056000	192.000000	0.000000	0.000000	0.000000	0.000000	0.000000	0.000000	0.000000	0.000000	0.000000	1761332293.833200	0.000000
187.000000	38867.135509	39694.664144	-187500.022352	-187500.022352	92650.707680	82828.479448	95093.663942	-187500.022352	0.042000	1.002000	0.056000	192.000000	0.000000	0.000000	0.000000	0.000000	0.000000	0.000000	0.000000	0.000000	0.000000	1761332293.833223	0.000000
188.000000	38904.418219	39739.479392	-187500.022352	-187500.022352	92543.575769	82727.248398	94962.190981	-187500.022352	0.042000	1.002000	0.056000	192.000000	0.000000	0.000000	0.000000	0.000000	0.000000	0.000000	0.000000	0.000000	0.000000	1761332293.833245	0.000000
189.000000	38910.319079	39755.840868	-187500.022352	-187500.022352	92555.086917	82959.840651	94643.857437	-187500.022352	0.042000	1.002000	0.056000	192.000000	0.000000	0.000000	0.000000	0.000000	0.000000	0.000000	0.000000	0.000000	0.000000	1761332293.833267	0.000000
190.000000	38872.969314	39709.863330	-187500.022352	-187500.022352	92678.557954	83115.207626	94760.466487	-187500.022352	0.036000	1.004000	0.058000	192.000000	1.000000	32.000000	31.000000	96.000000	1.000000	208.000000	0.000000	0.000000	0.000000	1761332293.833289	0.000000
191.000000	38868.566021	39696.742856	-187500.022352	-187500.022352	92665.817459	82881.251917	95070.529887	-187500.022352	0.036000	1.004000	0.058000	192.000000	0.000000	0.000000	0.000000	0.000000	0.000000	0.000000	0.000000	0.000000	0.000000	1761332293.833312	0.000000
192.000000	38901.847768	39731.857447	-187500.022352	-187500.022352	92562.552400	82737.574904	95043.059593	-187500.022352	0.036000	1.004000	0.058000	192.000000	0.000000	0.000000	0.000000	0.000000	0.000000	0.000000	0.000000	0.000000	0.000000	1761332293.833334	0.000000
193.000000	38924.132457	39767.083796	-187500.022352	-187500.022352	92536.289100	82912.253787	94682.928286	-187500.022352	0.036000	1.004000	0.058000	192.000000	0.000000	0.000000	0.000000	0.000000	0.000000	0.000000	0.000000	0.000000	0.000000	1761332293.833442	0.000000
194.000000	38873.237535	39713.797237	-187500.022352	-187500.022352	92670.064291	83139.392214	94735.812513	-187500.022352	0.036000	1.004000	0.058000	192.000000	0.000000	0.000000	0.000000	0.000000	0.000000	0.000000	0.000000	0.000000	0.000000	1761332293.833467	0.000000
195.000000	38853.635055	39682.281277	-187500.022352	-187500.022352	92682.581268	82941.489868	95064.606674	-187500.022352	0.036000	1.004000	0.058000	192.000000	0.000000	0.000000	0.000000	0.000000	0.000000	0.000000	0.000000	0.000000	0.000000	1761332293.833489	0.000000
196.000000	38900.394905	39733.042089	-187500.022352	-187500.022352	92581.283162	82736.859648	95090.199422	-187500.022352	0.036000	1.004000	0.058000	192.000000	0.000000	0.000000	0.000000	0.000000	0.000000	0.000000	0.000000	0.000000	0.000000	1761332293.833512	0.000000
197.000000	38925.048879	39769.766005	-187500.022352	-187500.022352	92525.560263	82851.859373	94725.553063	-187500.022352	0.036000	1.004000	0.058000	192.000000	0.000000	0.000000	0.000000	0.000000	0.000000	0.000000	0.000000	0.000000	0.000000	1761332293.833534	0.000000
198.000000	38877.707884	39721.665051	-187500.022352	-187500.022352	92645.298558	83117.375745	94679.821393	-187500.022352	0.036000	1.004000	0.058000	192.000000	0.000000	0.000000	0.000000	0.000000	0.000000	0.000000	0.000000	0.000000	0.000000	1761332293.833556	0.000000
199.000000	38844.515544	39674.100539	-187500.022352	-187500.022352	92693.108939	82989.166139	95013.175310	-187500.022352	0.036000	1.004000	0.058000	192.000000	0.000000	0.000000	0.000000	0.000000	0.000000	0.000000	0.000000	0.000000	0.000000	1761332293.833578	0.000000
200.000000	38876.657352	39706.957603	-187500.022352	-187500.022352	92604.886604	82758.406730	95135.282890	-187500.022352	0.028000	0.998000	0.064000	192.000000	0.000000	224.000000	31.000000	48.000000	2.000000	0.000000	0.000000	0.000000	0.000000	1761332293.833601	0.000000
201.000000	38912.017812	39755.192668	-187500.022352	-187500.022352	92521.939280	82812.632062	94799.202061	-187500.022352	0.028000	0.998000	0.064000	192.000000	0.000000	0.000000	0.000000	0.000000	0.000000	0.000000	0.000000	0.000000	0.000000	1761332293.833624	0.000000
202.000000	38883.295820	39730.382232	-187500.022352	-187500.022352	92623.080924	83101.081324	94664.622207	-187500.022352	0.028000	0.998000	0.064000	192.000000	0.000000	0.000000	0.000000	0.000000	0.000000	0.000000	0.000000	0.000000	0.000000	1761332293.833646	0.000000
203.000000	38849.678796	39681.096635	-187500.022352	-187500.022352	92690.136157	83027.119401	94943.147295	-187500.022352	0.028000	0.998000	0.064000	192.000000	0.000000	0.000000	0.000000	0.000000	0.000000	0.000000	0.000000	0.000000	0.000000	1761332293.833667	0.000000
204.000000	38869.996532	39695.222937	-187500.022352	-187500.022352	92623.639718	82777.495119	95152.806658	-187500.022352	0.028000	0.998000	0.064000	192.000000	0.000000	0.000000	0.000000	0.000000	0.000000	0.000000	0.000000	0.000000	0.000000	1761332293.833688	0.000000
205.000000	38907.927443	39745.156735	-187500.022352	-187500.022352	92522.565129	82764.575811	94867.844268	-187500.022352	0.028000	0.998000	0.064000	192.000000	0.000000	0.000000	0.000000	0.000000	0.000000	0.000000	0.000000	0.000000	0.000000	1761332293.833709	0.000000
206.000000	38889.151977	39733.936159	-187500.022352	-187500.022352	92591.632019	83045.313721	94642.449277	-187500.022352	0.028000	0.998000	0.064000	192.000000	0.000000	0.000000	0.000000	0.000000	0.000000	0.000000	0.000000	0.000000	0.000000	1761332293.833731	0.000000
207.000000	38846.080166	39676.425120	-187500.022352	-187500.022352	92682.424805	83054.902620	94872.381672	-187500.022352	0.028000	0.998000	0.064000	192.000000	0.000000	0.000000	0.000000	0.000000	0.000000	0.000000	0.000000	0.000000	0.000000	1761332293.833751	0.000000
208.000000	38862.732215	39691.624307	-187500.022352	-187500.022352	92629.495875	82796.672916	95124.755219	-187500.022352	0.028000	0.998000	0.064000	192.000000	0.000000	0.000000	0.000000	0.000000	0.000000	0.000000	0.000000	0.000000	0.000000	1761332293.833802	0.000000
209.000000	38908.799161	39749.470621	-187500.022352	-187500.022352	92516.306641	82726.913122	94908.882071	-187500.022352	0.028000	0.998000	0.064000	192.000000	0.000000	0.000000	0.000000	0.000000	0.000000	0.000000	0.000000	0.000000	0.000000	1761332293.833823	0.000000
210.000000	38902.920652	39750.074118	-187500.022352	-187500.022352	92548.202580	82982.393561	94615.001335	-187500.022352	0.024000	0.994000	0.066000	192.000000	0.000000	192.000000	31.000000	16.000000	2.000000	16.000000	0.000000	0.000000	0.000000	1761332293.833844	0.000000
211.000000	38860.877020	39695.669972	-187500.022352	-187500.022352	92660.408337	83081.948230	94795.782244	-187500.022352	0.024000	0.994000	0.066000	192.000000	0.000000	0.000000	0.000000	0.000000	0.000000	0.000000	0.000000	0.000000	0.000000	1761332293.833866	0.000000
212.000000	38862.441643	39691.311382	-187500.022352	-187500.022352	92628.512398	82833.329777	95096.010875	-187500.022352	0.024000	0.994000	0.066000	192.000000	0.000000	0.000000	0.000000	0.000000	0.000000	0.000000	0.000000	0.000000	0.000000	1761332293.833887	0.000000
213.000000	38906.653393	39743.793278	-187500.022352	-187500.022352	92520.642879	82719.201770	94979.468880	-187500.022352	0.024000	0.994000	0.066000	192.000000	0.000000	0.000000	0.000000	0.000000	0.000000	0.000000	0.000000	0.000000	0.000000	1761332294.309968	0.000000
214.000000	38910.743762	39757.874877	-187500.022352	-187500.022352	92525.292042	82938.964121	94646.047908	-187500.022352	0.024000	0.994000	0.066000	192.000000	0.000000	0.000000	0.000000	0.000000	0.000000	0.000000	0.000000	0.000000	0.000000	1761332294.310059	0.000000
215.000000	38863.112195	39699.402714	-187500.022352	-187500.022352	92659.022529	83119.543865	94765.517982	-187500.022352	0.024000	0.994000	0.066000	192.000000	0.000000	0.000000	0.000000	0.000000	0.000000	0.000000	0.000000	0.000000	0.000000	1761332294.310111	0.000000
216.000000	38860.318227	39685.388170	-187500.022352	-187500.022352	92650.171238	82891.444313	95078.598866	-187500.022352	0.024000	0.994000	0.066000	192.000000	0.000000	0.000000	0.000000	0.000000	0.000000	0.000000	0.000000	0.000000	0.000000	1761332294.310176	0.000000
217.000000	38904.954661	39737.803011	-187500.022352	-187500.022352	92542.346423	82723.202732	95037.114029	-187500.022352	0.024000	0.994000	0.066000	192.000000	0.000000	0.000000	0.000000	0.000000	0.000000	0.000000	0.000000	0.000000	0.000000	1761332294.310273	0.000000
218.000000	38911.213149	39759.037168	-187500.022352	-187500.022352	92506.740094	82883.397685	94672.445318	-187500.022352	0.024000	0.994000	0.066000	192.000000	0.000000	0.000000	0.000000	0.000000	0.000000	0.000000	0.000000	0.000000	0.000000	1761332294.310303	0.000000
219.000000	38861.502869	39705.214167	-187500.022352	-187500.022352	92637.855427	83121.779039	94705.749417	-187500.022352	0.024000	0.994000	0.066000	192.000000	0.000000	0.000000	0.000000	0.000000	0.000000	0.000000	0.000000	0.000000	0.000000	1761332294.310332	0.000000
220.000000	38841.274541	39671.530088	-187500.022352	-187500.022352	92666.555067	82946.362549	95041.539674	-187500.022352	0.034000	0.992000	0.066000	192.000000	1.000000	16.000000	31.000000	0.000000	2.000000	16.000000	0.000000	0.000000	0.000000	1761332294.310362	0.000000
221.000000	38885.732160	39716.390039	-187500.022352	-187500.022352	92569.615551	82736.502020	95089.081834	-187500.022352	0.034000	0.992000	0.066000	192.000000	0.000000	0.000000	0.000000	0.000000	0.000000	0.000000	0.000000	0.000000	0.000000	1761332294.310394	0.000000
222.000000	38914.320041	39756.891400	-187500.022352	-187500.022352	92511.009277	82843.186896	94737.623005	-187500.022352	0.034000	0.992000	0.066000	192.000000	0.000000	0.000000	0.000000	0.000000	0.000000	0.000000	0.000000	0.000000	0.000000	1761332294.310423	0.000000
223.000000	38878.423140	39722.357955	-187500.022352	-187500.022352	92632.692174	83114.782943	94678.167364	-187500.022352	0.034000	0.992000	0.066000	192.000000	0.000000	0.000000	0.000000	0.000000	0.000000	0.000000	0.000000	0.000000	0.000000	1761332294.310451	0.000000
224.000000	38857.971294	39688.293897	-187500.022352	-187500.022352	92682.380102	82987.914442	94984.118042	-187500.022352	0.034000	0.992000	0.066000	192.000000	0.000000	0.000000	0.000000	0.000000	0.000000	0.000000	0.000000	0.000000	0.000000	1761332294.310636	0.000000
225.000000	38884.793387	39717.641737	-187500.022352	-187500.022352	92594.805967	82751.768261	95121.000126	-187500.022352	0.034000	0.992000	0.066000	192.000000	0.000000	0.000000	0.000000	0.000000	0.000000	0.000000	0.000000	0.000000	0.000000	1761332294.310665	0.000000
226.000000	38915.705850	39759.864182	-187500.022352	-187500.022352	92510.025800	82800.807989	94805.840529	-187500.022352	0.034000	0.992000	0.066000	192.000000	0.000000	0.000000	0.000000	0.000000	0.000000	0.000000	0.000000	0.000000	0.000000	1761332294.310696	0.000000
227.000000	38885.083960	39733.645586	-187500.022352	-187500.022352	92611.636831	83100.589585	94669.763108	-187500.022352	0.034000	0.992000	0.066000	192.000000	0.000000	0.000000	0.000000	0.000000	0.000000	0.000000	0.000000	0.000000	0.000000	1761332294.310724	0.000000
228.000000	38854.327959	39689.366780	-187500.022352	-187500.022352	92686.559878	83047.995931	94940.129809	-187500.022352	0.034000	0.992000	0.066000	192.000000	0.000000	0.000000	0.000000	0.000000	0.000000	0.000000	0.000000	0.000000	0.000000	1761332294.310753	0.000000
229.000000	38874.668047	39706.622327	-187500.022352	-187500.022352	92613.559081	82786.748741	95140.289681	-187500.022352	0.034000	0.992000	0.066000	192.000000	0.000000	0.000000	0.000000	0.000000	0.000000	0.000000	0.000000	0.000000	0.000000	1761332294.310781	0.000000
230.000000	38911.436666	39755.125613	-187500.022352	-187500.022352	92513.311507	82769.157919	94881.165908	-187500.022352	0.044000	0.992000	0.064000	192.000000	1.000000	96.000000	31.000000	0.000000	2.000000	0.000000	0.000000	0.000000	0.000000	1761332294.310809	0.000000
231.000000	38896.371591	39746.609598	-187500.022352	-187500.022352	92576.924572	83044.687872	94643.343347	-187500.022352	0.044000	0.992000	0.064000	192.000000	0.000000	0.000000	0.000000	0.000000	0.000000	0.000000	0.000000	0.000000	0.000000	1761332294.310840	0.000000
232.000000	38855.445547	39690.283202	-187500.022352	-187500.022352	92669.416090	83072.560498	94862.390442	-187500.022352	0.044000	0.992000	0.064000	192.000000	0.000000	0.000000	0.000000	0.000000	0.000000	0.000000	0.000000	0.000000	0.000000	1761332294.310869	0.000000
233.000000	38870.957657	39700.632060	-187500.022352	-187500.022352	92621.158674	82816.118934	95123.794094	-187500.022352	0.044000	0.992000	0.064000	192.000000	0.000000	0.000000	0.000000	0.000000	0.000000	0.000000	0.000000	0.000000	0.000000	1761332294.310897	0.000000
234.000000	38908.486236	39749.828249	-187500.022352	-187500.022352	92512.573899	82741.195886	94934.296004	-187500.022352	0.044000	0.992000	0.064000	192.000000	0.000000	0.000000	0.000000	0.000000	0.000000	0.000000	0.000000	0.000000	0.000000	1761332294.310925	0.000000
235.000000	38905.558158	39756.801993	-187500.022352	-187500.022352	92536.400859	82985.835729	94620.164588	-187500.022352	0.044000	0.992000	0.064000	192.000000	0.000000	0.000000	0.000000	0.000000	0.000000	0.000000	0.000000	0.000000	0.000000	1761332294.310954	0.000000
236.000000	38858.127756	39700.185025	-187500.022352	-187500.022352	92654.708642	83104.858769	94786.573325	-187500.022352	0.044000	0.992000	0.064000	192.000000	0.000000	0.000000	0.000000	0.000000	0.000000	0.000000	0.000000	0.000000	0.000000	1761332294.310982	0.000000
237.000000	38852.383358	39688.897394	-187500.022352	-187500.022352	92633.988575	82869.673713	95097.910774	-187500.022352	0.044000	0.992000	0.064000	192.000000	0.000000	0.000000	0.000000	0.000000	0.000000	0.000000	0.000000	0.000000	0.000000	1761332294.311010	0.000000
238.000000	38891.275393	39734.852580	-187500.022352	-187500.022352	92526.879016	82744.995683	94996.098578	-187500.022352	0.044000	0.992000	0.064000	192.000000	0.000000	0.000000	0.000000	0.000000	0.000000	0.000000	0.000000	0.000000	0.000000	1761332294.311038	0.000000
239.000000	38892.460035	39748.218924	-187500.022352	-187500.022352	92519.435885	82946.943694	94650.764126	-187500.022352	0.044000	0.992000	0.064000	192.000000	0.000000	0.000000	0.000000	0.000000	0.000000	0.000000	0.000000	0.000000	0.000000	1761332294.311133	0.000000
240.000000	38849.835259	39697.681629	-187500.022352	-187500.022352	92645.790296	83127.545789	94731.140999	-187500.022352	0.046000	0.996000	0.060000	192.000000	1.000000	112.000000	31.000000	32.000000	1.000000	224.000000	0.000000	0.000000	0.000000	1761332294.311160	0.000000
241.000000	38835.664253	39672.513565	-187500.022352	-187500.022352	92648.338395	82912.410249	95058.705814	-187500.022352	0.046000	0.996000	0.060000	192.000000	0.000000	0.000000	0.000000	0.000000	0.000000	0.000000	0.000000	0.000000	0.000000	1761332294.311188	0.000000
242.000000	38875.070378	39716.770019	-187500.022352	-187500.022352	92544.559246	82740.815907	95053.944892	-187500.022352	0.046000	0.996000	0.060000	192.000000	0.000000	0.000000	0.000000	0.000000	0.000000	0.000000	0.000000	0.000000	0.000000	1761332294.311245	0.000000
243.000000	38899.053800	39753.493935	-187500.022352	-187500.022352	92499.028742	82884.470568	94680.424891	-187500.022352	0.046000	0.996000	0.060000	192.000000	0.000000	0.000000	0.000000	0.000000	0.000000	0.000000	0.000000	0.000000	0.000000	1761332294.311272	0.000000
244.000000	38859.155936	39711.964394	-187500.022352	-187500.022352	92624.757305	83125.131801	94676.155707	-187500.022352	0.046000	0.996000	0.060000	192.000000	0.000000	0.000000	0.000000	0.000000	0.000000	0.000000	0.000000	0.000000	0.000000	1761332294.311298	0.000000
245.000000	38836.491267	39676.983914	-187500.022352	-187500.022352	92654.708642	82958.298380	95002.178252	-187500.022352	0.046000	0.996000	0.060000	192.000000	0.000000	0.000000	0.000000	0.000000	0.000000	0.000000	0.000000	0.000000	0.000000	1761332294.311325	0.000000
246.000000	38866.174384	39709.952737	-187500.022352	-187500.022352	92566.151031	82754.495174	95090.557050	-187500.022352	0.046000	0.996000	0.060000	192.000000	0.000000	0.000000	0.000000	0.000000	0.000000	0.000000	0.000000	0.000000	0.000000	1761332294.311351	0.000000
247.000000	38888.459073	39745.581418	-187500.022352	-187500.022352	92501.576841	82854.183954	94755.370290	-187500.022352	0.046000	0.996000	0.060000	192.000000	0.000000	0.000000	0.000000	0.000000	0.000000	0.000000	0.000000	0.000000	0.000000	1761332294.311385	0.000000
248.000000	38853.456241	39710.355068	-187500.022352	-187500.022352	92611.905052	83128.484562	94667.483231	-187500.022352	0.046000	0.996000	0.060000	192.000000	0.000000	0.000000	0.000000	0.000000	0.000000	0.000000	0.000000	0.000000	0.000000	1761332294.311412	0.000000
249.000000	38825.091878	39668.400844	-187500.022352	-187500.022352	92666.085680	83018.312814	94966.884848	-187500.022352	0.046000	0.996000	0.060000	192.000000	0.000000	0.000000	0.000000	0.000000	0.000000	0.000000	0.000000	0.000000	0.000000	1761332294.311439	0.000000
250.000000	38848.605913	39693.703019	-187500.022352	-187500.022352	92585.798214	82777.048084	95125.738695	-187500.022352	0.040000	0.994000	0.060000	192.000000	1.000000	64.000000	31.000000	16.000000	1.000000	224.000000	0.000000	0.000000	0.000000	1761332294.311466	0.000000
251.000000	38881.328867	39737.557141	-187500.022352	-187500.022352	92498.157024	82804.116047	94815.675296	-187500.022352	0.040000	0.994000	0.060000	192.000000	0.000000	0.000000	0.000000	0.000000	0.000000	0.000000	0.000000	0.000000	0.000000	1761332294.311494	0.000000
252.000000	38855.065567	39716.054763	-187500.022352	-187500.022352	92586.938153	83093.124103	94645.220893	-187500.022352	0.040000	0.994000	0.060000	192.000000	0.000000	0.000000	0.000000	0.000000	0.000000	0.000000	0.000000	0.000000	0.000000	1761332294.311520	0.000000
253.000000	38820.286253	39666.702112	-187500.022352	-187500.022352	92662.218828	83050.968713	94896.141576	-187500.022352	0.040000	0.994000	0.060000	192.000000	0.000000	0.000000	0.000000	0.000000	0.000000	0.000000	0.000000	0.000000	0.000000	1761332294.311546	0.000000
254.000000	38841.341596	39680.850766	-187500.022352	-187500.022352	92594.023656	82789.207433	95112.439407	-187500.022352	0.040000	0.994000	0.060000	192.000000	0.000000	0.000000	0.000000	0.000000	0.000000	0.000000	0.000000	0.000000	0.000000	1761332294.311589	0.000000
255.000000	38879.496024	39731.946854	-187500.022352	-187500.022352	92492.412626	82760.552497	94870.124146	-187500.022352	0.040000	0.994000	0.060000	192.000000	0.000000	0.000000	0.000000	0.000000	0.000000	0.000000	0.000000	0.000000	0.000000	1761332294.311616	0.000000
0.000000	38868.968352	39731.231598	-187500.022352	-187500.022352	92550.214237	83034.182553	94618.599965	-187500.022352	0.040000	0.994000	0.060000	192.000000	0.000000	0.000000	0.000000	0.000000	0.000000	0.000000	0.000000	0.000000	0.000000	1761332294.311642	0.000000
1.000000	38831.305663	39681.163690	-187500.022352	-187500.022352	92650.595921	83077.254364	94819.162168	-187500.022352	0.040000	0.994000	0.060000	192.000000	0.000000	0.000000	0.000000	0.000000	0.000000	0.000000	0.000000	0.000000	0.000000	1761332294.311668	0.000000
2.000000	38830.880979	39675.575754	-187500.022352	-187500.022352	92607.054723	82819.605806	95089.595925	-187500.022352	0.040000	0.994000	0.060000	192.000000	0.000000	0.000000	0.000000	0.000000	0.000000	0.000000	0.000000	0.000000	0.000000	1761332294.311695	0.000000
3.000000	38863.380416	39718.893435	-187500.022352	-187500.022352	92507.343591	82746.605008	94946.656519	-187500.022352	0.040000	0.994000	0.060000	192.000000	0.000000	0.000000	0.000000	0.000000	0.000000	0.000000	0.000000	0.000000	0.000000	1761332294.311722	0.000000
4.000000	38866.666122	39732.460944	-187500.022352	-187500.022352	92531.729344	82990.529596	94639.387088	-187500.022352	0.032000	0.996000	0.054000	192.000000	1.000000	0.000000	31.000000	32.000000	1.000000	176.000000	0.000000	0.000000	0.000000	1761332294.311748	0.000000
5.000000	38823.929587	39682.683609	-187500.022352	-187500.022352	92648.539561	83115.609958	94776.827964	-187500.022352	0.032000	0.996000	0.054000	192.000000	0.000000	0.000000	0.000000	0.000000	0.000000	0.000000	0.000000	0.000000	0.000000	1761332294.311776	0.000000
6.000000	38824.041346	39673.117062	-187500.022352	-187500.022352	92629.965261	82873.339399	95084.119747	-187500.022352	0.032000	0.996000	0.054000	192.000000	0.000000	0.000000	0.000000	0.000000	0.000000	0.000000	0.000000	0.000000	0.000000	1761332294.311802	0.000000
7.000000	38857.300741	39714.445438	-187500.022352	-187500.022352	92527.326051	82742.894619	95019.456150	-187500.022352	0.032000	0.996000	0.054000	192.000000	0.000000	0.000000	0.000000	0.000000	0.000000	0.000000	0.000000	0.000000	0.000000	1761332294.311828	0.000000
8.000000	38877.327904	39748.174220	-187500.022352	-187500.022352	92506.784798	82931.856266	94658.654291	-187500.022352	0.032000	0.996000	0.054000	192.000000	0.000000	0.000000	0.000000	0.000000	0.000000	0.000000	0.000000	0.000000	0.000000	1761332294.311854	0.000000
9.000000	38828.466991	39693.837129	-187500.022352	-187500.022352	92633.318023	83138.542847	94734.046726	-187500.022352	0.032000	0.996000	0.054000	192.000000	0.000000	0.000000	0.000000	0.000000	0.000000	0.000000	0.000000	0.000000	0.000000	1761332294.311880	0.000000
10.000000	38806.830502	39656.979103	-187500.022352	-187500.022352	92644.270378	82935.723118	95076.251933	-187500.022352	0.032000	0.996000	0.054000	192.000000	0.000000	0.000000	0.000000	0.000000	0.000000	0.000000	0.000000	0.000000	0.000000	1761332294.311906	0.000000
11.000000	38846.907180	39700.117970	-187500.022352	-187500.022352	92544.559246	82752.863497	95089.573573	-187500.022352	0.032000	0.996000	0.054000	192.000000	0.000000	0.000000	0.000000	0.000000	0.000000	0.000000	0.000000	0.000000	0.000000	1761332294.311933	0.000000
12.000000	38875.182137	39739.010005	-187500.022352	-187500.022352	92491.898536	82888.560937	94723.250833	-187500.022352	0.032000	0.996000	0.054000	192.000000	0.000000	0.000000	0.000000	0.000000	0.000000	0.000000	0.000000	0.000000	0.000000	1761332294.311959	0.000000
13.000000	38837.586503	39698.553347	-187500.022352	-187500.022352	92610.988630	83135.234789	94696.652257	-187500.022352	0.032000	0.996000	0.054000	192.000000	0.000000	0.000000	0.000000	0.000000	0.000000	0.000000	0.000000	0.000000	0.000000	1761332294.311985	0.000000
14.000000	38819.839218	39668.937286	-187500.022352	-187500.022352	92639.375346	82968.334313	95000.166595	-187500.022352	0.024000	0.996000	0.054000	192.000000	0.000000	192.000000	31.000000	32.000000	1.000000	176.000000	0.000000	0.000000	0.000000	1761332294.312026	0.000000
15.000000	38846.348387	39698.776865	-187500.022352	-187500.022352	92546.637958	82750.047177	95095.295619	-187500.022352	0.024000	0.996000	0.054000	192.000000	0.000000	0.000000	0.000000	0.000000	0.000000	0.000000	0.000000	0.000000	0.000000	1761332294.312053	0.000000
16.000000	38875.919744	39739.188819	-187500.022352	-187500.022352	92475.447652	82828.479448	94753.917426	-187500.022352	0.024000	0.996000	0.054000	192.000000	0.000000	0.000000	0.000000	0.000000	0.000000	0.000000	0.000000	0.000000	0.000000	1761332294.312080	0.000000
17.000000	38837.966482	39703.202510	-187500.022352	-187500.022352	92587.139319	83113.486542	94652.775783	-187500.022352	0.024000	0.996000	0.054000	192.000000	0.000000	0.000000	0.000000	0.000000	0.000000	0.000000	0.000000	0.000000	0.000000	1761332294.312106	0.000000
18.000000	38806.115247	39660.398920	-187500.022352	-187500.022352	92648.852485	83018.402221	94946.053022	-187500.022352	0.024000	0.996000	0.054000	192.000000	0.000000	0.000000	0.000000	0.000000	0.000000	0.000000	0.000000	0.000000	0.000000	1761332294.312133	0.000000
19.000000	38832.982043	39684.717618	-187500.022352	-187500.022352	92571.962484	82772.622439	95117.334439	-187500.022352	0.024000	0.996000	0.054000	192.000000	0.000000	0.000000	0.000000	0.000000	0.000000	0.000000	0.000000	0.000000	0.000000	1761332294.312159	0.000000
20.000000	38872.231707	39729.421107	-187500.022352	-187500.022352	92475.626466	82785.228823	94816.636421	-187500.022352	0.024000	0.996000	0.054000	192.000000	0.000000	0.000000	0.000000	0.000000	0.000000	0.000000	0.000000	0.000000	0.000000	1761332294.312185	0.000000
21.000000	38846.080166	39709.863330	-187500.022352	-187500.022352	92551.264769	83065.318533	94621.326878	-187500.022352	0.024000	0.996000	0.054000	192.000000	0.000000	0.000000	0.000000	0.000000	0.000000	0.000000	0.000000	0.000000	0.000000	1761332294.312229	0.000000
22.000000	38807.724572	39660.041292	-187500.022352	-187500.022352	92637.251930	83049.739367	94874.303922	-187500.022352	0.024000	0.996000	0.054000	192.000000	0.000000	0.000000	0.000000	0.000000	0.000000	0.000000	0.000000	0.000000	0.000000	1761332294.312264	0.000000
23.000000	38825.829485	39676.648638	-187500.022352	-187500.022352	92574.376473	82785.005305	95096.703779	-187500.022352	0.024000	0.996000	0.054000	192.000000	0.000000	0.000000	0.000000	0.000000	0.000000	0.000000	0.000000	0.000000	0.000000	1761332294.312291	0.000000
24.000000	38864.073320	39727.767077	-187500.022352	-187500.022352	92471.469041	82743.967503	94871.308788	-187500.022352	0.024000	0.998000	0.048000	192.000000	0.000000	192.000000	31.000000	48.000000	1.000000	128.000000	0.000000	0.000000	0.000000	1761332294.312317	0.000000
25.000000	38852.606875	39723.497894	-187500.022352	-187500.022352	92525.292042	83018.245759	94614.330782	-187500.022352	0.024000	0.998000	0.048000	192.000000	0.000000	0.000000	0.000000	0.000000	0.000000	0.000000	0.000000	0.000000	0.000000	1761332294.312345	0.000000
26.000000	38804.327107	39664.578696	-187500.022352	-187500.022352	92639.800029	83095.024001	94834.786038	-187500.022352	0.024000	0.998000	0.048000	192.000000	0.000000	0.000000	0.000000	0.000000	0.000000	0.000000	0.000000	0.000000	0.000000	1761332294.312371	0.000000
27.000000	38816.620566	39670.725426	-187500.022352	-187500.022352	92594.761264	82831.318120	95110.986544	-187500.022352	0.024000	0.998000	0.048000	192.000000	0.000000	0.000000	0.000000	0.000000	0.000000	0.000000	0.000000	0.000000	0.000000	1761332294.312397	0.000000
28.000000	38864.609762	39726.962415	-187500.022352	-187500.022352	92483.829556	82729.617683	94952.356214	-187500.022352	0.024000	0.998000	0.048000	192.000000	0.000000	0.000000	0.000000	0.000000	0.000000	0.000000	0.000000	0.000000	0.000000	1761332294.312424	0.000000
29.000000	38865.123852	39736.104278	-187500.022352	-187500.022352	92502.046228	82968.580183	94639.945881	-187500.022352	0.024000	0.998000	0.048000	192.000000	0.000000	0.000000	0.000000	0.000000	0.000000	0.000000	0.000000	0.000000	0.000000	1761332294.312465	0.000000
30.000000	38827.394107	39687.221013	-187500.022352	-187500.022352	92623.147979	83107.339812	94758.276017	-187500.022352	0.024000	0.998000	0.048000	192.000000	0.000000	0.000000	0.000000	0.000000	0.000000	0.000000	0.000000	0.000000	0.000000	1761332294.312491	0.000000
31.000000	38821.582654	39667.573830	-187500.022352	-187500.022352	92606.406523	82867.326780	95066.528924	-187500.022352	0.024000	0.998000	0.048000	192.000000	0.000000	0.000000	0.000000	0.000000	0.000000	0.000000	0.000000	0.000000	0.000000	1761332294.312518	0.000000
32.000000	38851.690453	39705.102409	-187500.022352	-187500.022352	92502.672077	82727.695433	95024.775866	-187500.022352	0.024000	0.998000	0.048000	192.000000	0.000000	0.000000	0.000000	0.000000	0.000000	0.000000	0.000000	0.000000	0.000000	1761332294.312544	0.000000
33.000000	38867.113157	39734.450249	-187500.022352	-187500.022352	92485.684751	82909.303356	94678.927324	-187500.022352	0.024000	0.998000	0.048000	192.000000	0.000000	0.000000	0.000000	0.000000	0.000000	0.000000	0.000000	0.000000	0.000000	1761332294.312570	0.000000
34.000000	38826.745907	39688.383304	-187500.022352	-187500.022352	92609.871043	83117.286338	94721.641507	-187500.022352	0.030000	0.998000	0.046000	192.000000	0.000000	240.000000	31.000000	48.000000	1.000000	112.000000	0.000000	0.000000	0.000000	1761332294.312597	0.000000
35.000000	38812.530197	39659.594257	-187500.022352	-187500.022352	92620.354011	82920.009842	95042.567854	-187500.022352	0.030000	0.998000	0.046000	192.000000	0.000000	0.000000	0.000000	0.000000	0.000000	0.000000	0.000000	0.000000	0.000000	1761332294.312624	0.000000
36.000000	38840.380471	39693.814778	-187500.022352	-187500.022352	92523.146274	82733.126907	95080.811689	-187500.022352	0.030000	0.998000	0.046000	192.000000	0.000000	0.000000	0.000000	0.000000	0.000000	0.000000	0.000000	0.000000	0.000000	1761332294.312651	0.000000
37.000000	38865.637942	39731.253950	-187500.022352	-187500.022352	92466.506954	82852.149946	94710.823263	-187500.022352	0.030000	0.998000	0.046000	192.000000	0.000000	0.000000	0.000000	0.000000	0.000000	0.000000	0.000000	0.000000	0.000000	1761332294.312677	0.000000
38.000000	38825.069526	39689.165615	-187500.022352	-187500.022352	92588.569830	83115.341737	94672.110042	-187500.022352	0.030000	0.998000	0.046000	192.000000	0.000000	0.000000	0.000000	0.000000	0.000000	0.000000	0.000000	0.000000	0.000000	1761332294.312703	0.000000
39.000000	38796.436941	39647.390204	-187500.022352	-187500.022352	92629.853502	82976.403293	94993.259906	-187500.022352	0.030000	0.998000	0.046000	192.000000	0.000000	0.000000	0.000000	0.000000	0.000000	0.000000	0.000000	0.000000	0.000000	1761332294.312730	0.000000
40.000000	38825.650671	39680.850766	-187500.022352	-187500.022352	92546.772068	82763.435872	95129.203216	-187500.022352	0.030000	0.998000	0.046000	192.000000	0.000000	0.000000	0.000000	0.000000	0.000000	0.000000	0.000000	0.000000	0.000000	1761332294.312756	0.000000
41.000000	38862.955733	39731.119839	-187500.022352	-187500.022352	92470.619675	82827.428916	94800.632572	-187500.022352	0.030000	0.998000	0.046000	192.000000	0.000000	0.000000	0.000000	0.000000	0.000000	0.000000	0.000000	0.000000	0.000000	1761332294.312782	0.000000
42.000000	38841.542762	39706.219996	-187500.022352	-187500.022352	92567.536839	83097.706210	94657.536704	-187500.022352	0.030000	0.998000	0.046000	192.000000	0.000000	0.000000	0.000000	0.000000	0.000000	0.000000	0.000000	0.000000	0.000000	1761332294.312808	0.000000
43.000000	38817.000546	39663.595219	-187500.022352	-187500.022352	92625.561968	83008.209826	94923.969498	-187500.022352	0.030000	0.998000	0.046000	192.000000	0.000000	0.000000	0.000000	0.000000	0.000000	0.000000	0.000000	0.000000	0.000000	1761332294.312834	0.000000
44.000000	38837.564151	39684.359990	-187500.022352	-187500.022352	92550.437754	82755.635113	95103.230489	-187500.022352	0.044000	0.998000	0.048000	192.000000	1.000000	96.000000	31.000000	48.000000	1.000000	128.000000	0.000000	0.000000	0.000000	1761332294.312875	0.000000
45.000000	38868.297800	39728.169409	-187500.022352	-187500.022352	92463.243599	82768.308552	94836.350660	-187500.022352	0.044000	0.998000	0.048000	192.000000	0.000000	0.000000	0.000000	0.000000	0.000000	0.000000	0.000000	0.000000	0.000000	1761332294.312903	0.000000
46.000000	38842.258017	39710.802103	-187500.022352	-187500.022352	92539.999490	83054.142660	94637.598948	-187500.022352	0.044000	0.998000	0.048000	192.000000	0.000000	0.000000	0.000000	0.000000	0.000000	0.000000	0.000000	0.000000	0.000000	1761332294.312929	0.000000
47.000000	38811.256148	39666.299780	-187500.022352	-187500.022352	92624.556139	83049.314684	94873.231038	-187500.022352	0.044000	0.998000	0.048000	192.000000	0.000000	0.000000	0.000000	0.000000	0.000000	0.000000	0.000000	0.000000	0.000000	1761332294.312956	0.000000
48.000000	38823.594311	39675.888679	-187500.022352	-187500.022352	92562.775917	82783.217166	95108.103169	-187500.022352	0.044000	0.998000	0.048000	192.000000	0.000000	0.000000	0.000000	0.000000	0.000000	0.000000	0.000000	0.000000	0.000000	1761332294.312982	0.000000
49.000000	38859.088881	39721.128609	-187500.022352	-187500.022352	92465.612884	82743.989854	94922.404876	-187500.022352	0.044000	0.998000	0.048000	192.000000	0.000000	0.000000	0.000000	0.000000	0.000000	0.000000	0.000000	0.000000	0.000000	1761332294.313008	0.000000
50.000000	38858.910067	39729.197589	-187500.022352	-187500.022352	92507.924736	83004.007698	94640.459971	-187500.022352	0.044000	0.998000	0.048000	192.000000	0.000000	0.000000	0.000000	0.000000	0.000000	0.000000	0.000000	0.000000	0.000000	1761332294.313034	0.000000
51.000000	38809.982098	39668.445548	-187500.022352	-187500.022352	92617.761209	83091.894757	94831.030945	-187500.022352	0.044000	0.998000	0.048000	192.000000	0.000000	0.000000	0.000000	0.000000	0.000000	0.000000	0.000000	0.000000	0.000000	1761332294.313061	0.000000
52.000000	38821.157971	39669.607838	-187500.022352	-187500.022352	92582.467804	82836.883704	95118.697896	-187500.022352	0.044000	0.998000	0.048000	192.000000	0.000000	0.000000	0.000000	0.000000	0.000000	0.000000	0.000000	0.000000	0.000000	1761332294.313087	0.000000
53.000000	38870.041236	39728.996423	-187500.022352	-187500.022352	92476.699349	82724.990872	94984.699188	-187500.022352	0.044000	0.998000	0.048000	192.000000	0.000000	0.000000	0.000000	0.000000	0.000000	0.000000	0.000000	0.000000	0.000000	1761332294.313114	0.000000
54.000000	38877.462015	39748.911828	-187500.022352	-187500.022352	92478.174565	82934.292607	94633.642689	-187500.022352	0.054000	0.994000	0.048000	192.000000	1.000000	176.000000	31.000000	16.000000	1.000000	128.000000	0.000000	0.000000	0.000000	1761332294.313140	0.000000
55.000000	38826.477686	39688.897394	-187500.022352	-187500.022352	92597.778749	83089.123140	94734.739630	-187500.022352	0.054000	0.994000	0.048000	192.000000	0.000000	0.000000	0.000000	0.000000	0.000000	0.000000	0.000000	0.000000	0.000000	1761332294.313168	0.000000
56.000000	38814.072468	39663.975199	-187500.022352	-187500.022352	92595.565927	82873.093530	95073.033282	-187500.022352	0.054000	0.994000	0.048000	192.000000	0.000000	0.000000	0.000000	0.000000	0.000000	0.000000	0.000000	0.000000	0.000000	1761332294.313387	0.000000
57.000000	38855.222029	39708.298708	-187500.022352	-187500.022352	92491.272687	82717.726555	95039.326851	-187500.022352	0.054000	0.994000	0.048000	192.000000	0.000000	0.000000	0.000000	0.000000	0.000000	0.000000	0.000000	0.000000	0.000000	1761332294.313440	0.000000
58.000000	38863.961561	39727.789429	-187500.022352	-187500.022352	92464.316483	82887.420999	94688.985609	-187500.022352	0.054000	0.994000	0.048000	192.000000	0.000000	0.000000	0.000000	0.000000	0.000000	0.000000	0.000000	0.000000	0.000000	1761332294.313470	0.000000
59.000000	38824.175456	39686.706923	-187500.022352	-187500.022352	92586.021732	83100.611937	94698.842728	-187500.022352	0.054000	0.994000	0.048000	192.000000	0.000000	0.000000	0.000000	0.000000	0.000000	0.000000	0.000000	0.000000	0.000000	1761332294.313498	0.000000
60.000000	38799.029744	39649.021882	-187500.022352	-187500.022352	92610.809816	82929.084650	95044.087773	-187500.022352	0.054000	0.994000	0.048000	192.000000	0.000000	0.000000	0.000000	0.000000	0.000000	0.000000	0.000000	0.000000	0.000000	1761332294.313572	0.000000
61.000000	38836.670081	39691.065513	-187500.022352	-187500.022352	92507.924736	82723.336842	95086.511384	-187500.022352	0.054000	0.994000	0.048000	192.000000	0.000000	0.000000	0.000000	0.000000	0.000000	0.000000	0.000000	0.000000	0.000000	1761332294.313600	0.000000
62.000000	38864.766224	39734.293787	-187500.022352	-187500.022352	92450.257236	82830.602864	94722.267356	-187500.022352	0.054000	0.994000	0.048000	192.000000	0.000000	0.000000	0.000000	0.000000	0.000000	0.000000	0.000000	0.000000	0.000000	1761332294.313627	0.000000
63.000000	38822.946110	39690.171443	-187500.022352	-187500.022352	92570.330807	83097.706210	94668.936094	-187500.022352	0.054000	0.994000	0.048000	192.000000	0.000000	0.000000	0.000000	0.000000	0.000000	0.000000	0.000000	0.000000	0.000000	1761332294.313654	0.000000
64.000000	38796.772217	39648.686606	-187500.022352	-187500.022352	92619.750514	82978.437302	95000.479519	-187500.022352	0.056000	0.998000	0.054000	192.000000	1.000000	192.000000	31.000000	48.000000	1.000000	176.000000	0.000000	0.000000	0.000000	1761332294.313681	0.000000
65.000000	38828.735212	39680.895469	-187500.022352	-187500.022352	92535.484437	82754.003436	95150.102097	-187500.022352	0.056000	0.998000	0.054000	192.000000	0.000000	0.000000	0.000000	0.000000	0.000000	0.000000	0.000000	0.000000	0.000000	1761332294.313709	0.000000
66.000000	38871.449396	39734.226732	-187500.022352	-187500.022352	92446.502143	82792.627250	94810.534395	-187500.022352	0.056000	0.998000	0.054000	192.000000	0.000000	0.000000	0.000000	0.000000	0.000000	0.000000	0.000000	0.000000	0.000000	1761332294.313735	0.000000
67.000000	38845.342558	39713.506664	-187500.022352	-187500.022352	92539.194827	83065.318533	94641.756373	-187500.022352	0.056000	0.998000	0.054000	192.000000	0.000000	0.000000	0.000000	0.000000	0.000000	0.000000	0.000000	0.000000	0.000000	1761332294.313762	0.000000
68.000000	38810.429133	39667.238553	-187500.022352	-187500.022352	92613.112046	83009.483875	94919.409742	-187500.022352	0.056000	0.998000	0.054000	192.000000	0.000000	0.000000	0.000000	0.000000	0.000000	0.000000	0.000000	0.000000	0.000000	1761332294.313789	0.000000
69.000000	38829.852799	39680.336676	-187500.022352	-187500.022352	92543.508714	82757.110328	95120.575442	-187500.022352	0.056000	0.998000	0.054000	192.000000	0.000000	0.000000	0.000000	0.000000	0.000000	0.000000	0.000000	0.000000	0.000000	1761332294.313815	0.000000
70.000000	38864.810927	39727.789429	-187500.022352	-187500.022352	92454.481715	82753.869325	94862.971588	-187500.022352	0.056000	0.998000	0.054000	192.000000	0.000000	0.000000	0.000000	0.000000	0.000000	0.000000	0.000000	0.000000	0.000000	1761332294.313841	0.000000
71.000000	38846.638959	39717.954662	-187500.022352	-187500.022352	92524.621490	83036.194210	94637.040155	-187500.022352	0.056000	0.998000	0.054000	192.000000	0.000000	0.000000	0.000000	0.000000	0.000000	0.000000	0.000000	0.000000	0.000000	1761332294.313868	0.000000
72.000000	38806.718744	39664.444585	-187500.022352	-187500.022352	92621.002212	83063.843317	94874.125108	-187500.022352	0.056000	0.998000	0.054000	192.000000	0.000000	0.000000	0.000000	0.000000	0.000000	0.000000	0.000000	0.000000	0.000000	1761332294.313894	0.000000
73.000000	38820.129790	39672.111234	-187500.022352	-187500.022352	92571.873077	82811.961509	95143.798905	-187500.022352	0.056000	0.998000	0.054000	192.000000	0.000000	0.000000	0.000000	0.000000	0.000000	0.000000	0.000000	0.000000	0.000000	1761332294.313920	0.000000
74.000000	38868.811890	39730.471638	-187500.022352	-187500.022352	92457.700367	82733.842162	94928.685716	-187500.022352	0.054000	0.998000	0.054000	192.000000	1.000000	176.000000	31.000000	48.000000	1.000000	176.000000	0.000000	0.000000	0.000000	1761332294.313947	0.000000
75.000000	38865.503832	39738.920598	-187500.022352	-187500.022352	92488.411664	82981.544194	94616.811826	-187500.022352	0.054000	0.998000	0.054000	192.000000	0.000000	0.000000	0.000000	0.000000	0.000000	0.000000	0.000000	0.000000	0.000000	1761332294.313990	0.000000
76.000000	38814.094819	39676.492176	-187500.022352	-187500.022352	92609.222842	83095.448684	94802.353657	-187500.022352	0.054000	0.998000	0.054000	192.000000	0.000000	0.000000	0.000000	0.000000	0.000000	0.000000	0.000000	0.000000	0.000000	1761332294.314016	0.000000
77.000000	38812.977232	39667.551478	-187500.022352	-187500.022352	92583.406578	82849.378329	95113.534643	-187500.022352	0.054000	0.998000	0.054000	192.000000	0.000000	0.000000	0.000000	0.000000	0.000000	0.000000	0.000000	0.000000	0.000000	1761332294.790304	0.000000
78.000000	38856.004340	39716.948833	-187500.022352	-187500.022352	92480.923829	82728.522447	95012.057723	-187500.022352	0.054000	0.998000	0.054000	192.000000	0.000000	0.000000	0.000000	0.000000	0.000000	0.000000	0.000000	0.000000	0.000000	1761332294.790372	0.000000
79.000000	38865.772052	39739.367633	-187500.022352	-187500.022352	92483.717797	82931.006900	94663.370510	-187500.022352	0.054000	0.998000	0.054000	192.000000	0.000000	0.000000	0.000000	0.000000	0.000000	0.000000	0.000000	0.000000	0.000000	1761332294.790425	0.000000
80.000000	38816.575863	39683.801196	-187500.022352	-187500.022352	92612.128569	83109.798504	94762.187572	-187500.022352	0.054000	0.998000	0.054000	192.000000	0.000000	0.000000	0.000000	0.000000	0.000000	0.000000	0.000000	0.000000	0.000000	1761332294.790468	0.000000
81.000000	38809.870340	39664.578696	-187500.022352	-187500.022352	92601.578546	82881.140158	95071.893343	-187500.022352	0.054000	0.998000	0.054000	192.000000	0.000000	0.000000	0.000000	0.000000	0.000000	0.000000	0.000000	0.000000	0.000000	1761332294.790507	0.000000
82.000000	38850.706977	39710.936214	-187500.022352	-187500.022352	92496.435940	82713.949110	95048.200494	-187500.022352	0.054000	0.998000	0.054000	192.000000	0.000000	0.000000	0.000000	0.000000	0.000000	0.000000	0.000000	0.000000	0.000000	1761332294.790525	0.000000
83.000000	38868.476614	39740.574627	-187500.022352	-187500.022352	92469.189163	82880.179033	94701.122606	-187500.022352	0.054000	0.998000	0.054000	192.000000	0.000000	0.000000	0.000000	0.000000	0.000000	0.000000	0.000000	0.000000	0.000000	1761332294.790543	0.000000
84.000000	38823.326090	39693.278336	-187500.022352	-187500.022352	92597.108197	83120.683804	94714.287783	-187500.022352	0.050000	1.002000	0.058000	192.000000	1.000000	144.000000	31.000000	80.000000	1.000000	208.000000	0.000000	0.000000	0.000000	1761332294.790560	0.000000
85.000000	38805.936433	39660.913010	-187500.022352	-187500.022352	92617.604747	82944.105022	95031.950776	-187500.022352	0.050000	1.002000	0.058000	192.000000	0.000000	0.000000	0.000000	0.000000	0.000000	0.000000	0.000000	0.000000	0.000000	1761332294.790580	0.000000
86.000000	38837.407689	39696.094656	-187500.022352	-187500.022352	92528.287176	82742.715805	95106.695009	-187500.022352	0.050000	1.002000	0.058000	192.000000	0.000000	0.000000	0.000000	0.000000	0.000000	0.000000	0.000000	0.000000	0.000000	1761332294.790597	0.000000
87.000000	38868.968352	39742.832153	-187500.022352	-187500.022352	92465.277608	82833.240370	94741.959243	-187500.022352	0.050000	1.002000	0.058000	192.000000	0.000000	0.000000	0.000000	0.000000	0.000000	0.000000	0.000000	0.000000	0.000000	1761332294.790615	0.000000
88.000000	38829.875151	39705.594147	-187500.022352	-187500.022352	92578.511545	83104.255271	94663.169344	-187500.022352	0.050000	1.002000	0.058000	192.000000	0.000000	0.000000	0.000000	0.000000	0.000000	0.000000	0.000000	0.000000	0.000000	1761332294.790632	0.000000
89.000000	38804.841197	39668.669065	-187500.022352	-187500.022352	92627.484218	82991.982459	94969.254132	-187500.022352	0.050000	1.002000	0.058000	192.000000	0.000000	0.000000	0.000000	0.000000	0.000000	0.000000	0.000000	0.000000	0.000000	1761332294.790649	0.000000
90.000000	38835.284273	39699.983859	-187500.022352	-187500.022352	92545.922702	82760.328980	95121.089533	-187500.022352	0.050000	1.002000	0.058000	192.000000	0.000000	0.000000	0.000000	0.000000	0.000000	0.000000	0.000000	0.000000	0.000000	1761332294.790717	0.000000
91.000000	38870.331808	39744.374424	-187500.022352	-187500.022352	92464.562352	82799.645698	94815.787055	-187500.022352	0.050000	1.002000	0.058000	192.000000	0.000000	0.000000	0.000000	0.000000	0.000000	0.000000	0.000000	0.000000	0.000000	1761332294.790735	0.000000
92.000000	38848.583561	39724.794295	-187500.022352	-187500.022352	92556.651539	83088.005553	94652.284044	-187500.022352	0.050000	1.002000	0.058000	192.000000	0.000000	0.000000	0.000000	0.000000	0.000000	0.000000	0.000000	0.000000	0.000000	1761332294.790752	0.000000
93.000000	38818.073430	39678.235612	-187500.022352	-187500.022352	92622.030392	83038.161163	94904.098797	-187500.022352	0.050000	1.002000	0.058000	192.000000	0.000000	0.000000	0.000000	0.000000	0.000000	0.000000	0.000000	0.000000	0.000000	1761332294.790769	0.000000
94.000000	38835.239570	39694.842958	-187500.022352	-187500.022352	92551.980025	82783.485387	95119.703724	-187500.022352	0.040000	1.000000	0.054000	192.000000	1.000000	64.000000	31.000000	64.000000	1.000000	176.000000	0.000000	0.000000	0.000000	1761332294.790787	0.000000
95.000000	38871.739968	39745.469659	-187500.022352	-187500.022352	92452.470058	82759.971352	94856.981320	-187500.022352	0.040000	1.000000	0.054000	192.000000	0.000000	0.000000	0.000000	0.000000	0.000000	0.000000	0.000000	0.000000	0.000000	1761332294.790805	0.000000
96.000000	38855.579657	39737.445383	-187500.022352	-187500.022352	92523.682716	83050.298160	94634.268538	-187500.022352	0.040000	1.000000	0.054000	192.000000	0.000000	0.000000	0.000000	0.000000	0.000000	0.000000	0.000000	0.000000	0.000000	1761332294.790822	0.000000
97.000000	38818.632223	39690.283202	-187500.022352	-187500.022352	92626.523093	83095.582795	94866.167887	-187500.022352	0.040000	1.000000	0.054000	192.000000	0.000000	0.000000	0.000000	0.000000	0.000000	0.000000	0.000000	0.000000	0.000000	1761332294.790839	0.000000
98.000000	38832.758526	39697.681629	-187500.022352	-187500.022352	92579.047987	82833.843867	95136.020498	-187500.022352	0.040000	1.000000	0.054000	192.000000	0.000000	0.000000	0.000000	0.000000	0.000000	0.000000	0.000000	0.000000	0.000000	1761332294.790856	0.000000
99.000000	38874.936268	39747.011929	-187500.022352	-187500.022352	92475.827631	82752.841145	94966.974254	-187500.022352	0.040000	1.000000	0.054000	192.000000	0.000000	0.000000	0.000000	0.000000	0.000000	0.000000	0.000000	0.000000	0.000000	1761332294.790873	0.000000
100.000000	38881.261811	39761.249991	-187500.022352	-187500.022352	92499.073446	82983.980535	94646.137315	-187500.022352	0.040000	1.000000	0.054000	192.000000	0.000000	0.000000	0.000000	0.000000	0.000000	0.000000	0.000000	0.000000	0.000000	1761332294.790889	0.000000
101.000000	38844.515544	39713.081981	-187500.022352	-187500.022352	92604.126645	83086.664449	94767.015549	-187500.022352	0.040000	1.000000	0.054000	192.000000	0.000000	0.000000	0.000000	0.000000	0.000000	0.000000	0.000000	0.000000	0.000000	1761332294.790906	0.000000
102.000000	38839.486401	39696.787560	-187500.022352	-187500.022352	92580.724368	82856.664998	95088.724207	-187500.022352	0.040000	1.000000	0.054000	192.000000	0.000000	0.000000	0.000000	0.000000	0.000000	0.000000	0.000000	0.000000	0.000000	1761332294.790923	0.000000
103.000000	38876.791463	39741.982787	-187500.022352	-187500.022352	92480.745015	82737.016110	95024.261776	-187500.022352	0.040000	1.000000	0.054000	192.000000	0.000000	0.000000	0.000000	0.000000	0.000000	0.000000	0.000000	0.000000	0.000000	1761332294.790940	0.000000
104.000000	38890.336620	39768.603715	-187500.022352	-187500.022352	92478.286323	82936.483078	94682.972989	-187500.022352	0.038000	1.004000	0.052000	192.000000	1.000000	48.000000	31.000000	96.000000	1.000000	160.000000	0.000000	0.000000	0.000000	1761332294.790957	0.000000
105.000000	38850.997549	39725.330737	-187500.022352	-187500.022352	92606.451226	83128.216342	94756.979615	-187500.022352	0.038000	1.004000	0.052000	192.000000	0.000000	0.000000	0.000000	0.000000	0.000000	0.000000	0.000000	0.000000	0.000000	1761332294.790986	0.000000
106.000000	38844.739061	39706.331754	-187500.022352	-187500.022352	92603.411389	82916.612377	95081.482241	-187500.022352	0.038000	1.004000	0.052000	192.000000	0.000000	0.000000	0.000000	0.000000	0.000000	0.000000	0.000000	0.000000	0.000000	1761332294.791012	0.000000
107.000000	38883.184061	39747.794240	-187500.022352	-187500.022352	92499.073446	82733.931569	95074.262628	-187500.022352	0.038000	1.004000	0.052000	192.000000	0.000000	0.000000	0.000000	0.000000	0.000000	0.000000	0.000000	0.000000	0.000000	1761332294.791029	0.000000
108.000000	38906.116951	39783.892308	-187500.022352	-187500.022352	92458.549733	82867.416187	94700.519109	-187500.022352	0.038000	1.004000	0.052000	192.000000	0.000000	0.000000	0.000000	0.000000	0.000000	0.000000	0.000000	0.000000	0.000000	1761332294.791046	0.000000
109.000000	38869.974180	39746.564895	-187500.022352	-187500.022352	92584.524165	83110.133780	94680.290780	-187500.022352	0.038000	1.004000	0.052000	192.000000	0.000000	0.000000	0.000000	0.000000	0.000000	0.000000	0.000000	0.000000	0.000000	1761332294.791063	0.000000
110.000000	38849.768203	39711.517359	-187500.022352	-187500.022352	92614.520206	82951.525802	95001.172424	-187500.022352	0.038000	1.004000	0.052000	192.000000	0.000000	0.000000	0.000000	0.000000	0.000000	0.000000	0.000000	0.000000	0.000000	1761332294.791080	0.000000
111.000000	38876.702056	39739.188819	-187500.022352	-187500.022352	92530.522350	82750.404805	95104.303372	-187500.022352	0.038000	1.004000	0.052000	192.000000	0.000000	0.000000	0.000000	0.000000	0.000000	0.000000	0.000000	0.000000	0.000000	1761332294.791097	0.000000
112.000000	38906.139303	39780.070159	-187500.022352	-187500.022352	92468.943294	82836.526076	94763.193400	-187500.022352	0.038000	1.004000	0.052000	192.000000	0.000000	0.000000	0.000000	0.000000	0.000000	0.000000	0.000000	0.000000	0.000000	1761332294.791114	0.000000
113.000000	38871.091768	39745.916694	-187500.022352	-187500.022352	92583.250115	83115.095868	94667.952617	-187500.022352	0.038000	1.004000	0.052000	192.000000	0.000000	0.000000	0.000000	0.000000	0.000000	0.000000	0.000000	0.000000	0.000000	1761332294.791131	0.000000
114.000000	38844.403785	39704.655374	-187500.022352	-187500.022352	92641.185837	83024.168971	94976.876077	-187500.022352	0.038000	1.004000	0.052000	192.000000	0.000000	0.000000	0.000000	0.000000	0.000000	0.000000	0.000000	0.000000	0.000000	1761332294.791148	0.000000
115.000000	38873.237535	39734.226732	-187500.022352	-187500.022352	92559.780784	82778.992686	95134.679393	-187500.022352	0.046000	0.996000	0.052000	192.000000	1.000000	112.000000	31.000000	32.000000	1.000000	160.000000	0.000000	0.000000	0.000000	1761332294.791165	0.000000
116.000000	38907.882739	39777.656171	-187500.022352	-187500.022352	92469.010349	82790.950869	94821.933785	-187500.022352	0.046000	0.996000	0.052000	192.000000	0.000000	0.000000	0.000000	0.000000	0.000000	0.000000	0.000000	0.000000	0.000000	1761332294.791183	0.000000
117.000000	38883.787559	39758.277209	-187500.022352	-187500.022352	92555.802173	83071.465262	94639.342384	-187500.022352	0.046000	0.996000	0.052000	192.000000	0.000000	0.000000	0.000000	0.000000	0.000000	0.000000	0.000000	0.000000	0.000000	1761332294.791200	0.000000
118.000000	38841.118078	39702.442551	-187500.022352	-187500.022352	92640.247064	83062.658675	94922.114303	-187500.022352	0.046000	0.996000	0.052000	192.000000	0.000000	0.000000	0.000000	0.000000	0.000000	0.000000	0.000000	0.000000	0.000000	1761332294.791217	0.000000
119.000000	38866.867288	39722.492066	-187500.022352	-187500.022352	92565.346368	82797.589338	95134.120600	-187500.022352	0.046000	0.996000	0.052000	192.000000	0.000000	0.000000	0.000000	0.000000	0.000000	0.000000	0.000000	0.000000	0.000000	1761332294.791234	0.000000
120.000000	38900.663126	39766.904982	-187500.022352	-187500.022352	92465.724643	82757.758529	94895.448672	-187500.022352	0.046000	0.996000	0.052000	192.000000	0.000000	0.000000	0.000000	0.000000	0.000000	0.000000	0.000000	0.000000	0.000000	1761332294.791251	0.000000
121.000000	38888.794349	39763.507517	-187500.022352	-187500.022352	92528.756562	83027.968768	94643.790381	-187500.022352	0.046000	0.996000	0.052000	192.000000	0.000000	0.000000	0.000000	0.000000	0.000000	0.000000	0.000000	0.000000	0.000000	1761332294.791277	0.000000
122.000000	38856.406672	39718.826380	-187500.022352	-187500.022352	92624.533787	83076.963791	94830.002764	-187500.022352	0.046000	0.996000	0.052000	192.000000	0.000000	0.000000	0.000000	0.000000	0.000000	0.000000	0.000000	0.000000	0.000000	1761332294.791294	0.000000
123.000000	38855.065567	39711.830284	-187500.022352	-187500.022352	92578.757415	82829.485277	95117.155625	-187500.022352	0.046000	0.996000	0.052000	192.000000	0.000000	0.000000	0.000000	0.000000	0.000000	0.000000	0.000000	0.000000	0.000000	1761332294.791311	0.000000
124.000000	38893.868195	39760.199459	-187500.022352	-187500.022352	92470.373806	82736.725537	94966.661330	-187500.022352	0.046000	0.996000	0.052000	192.000000	0.000000	0.000000	0.000000	0.000000	0.000000	0.000000	0.000000	0.000000	0.000000	1761332294.791328	0.000000
125.000000	38896.684515	39773.990485	-187500.022352	-187500.022352	92490.244507	82965.674456	94642.225759	-187500.022352	0.048000	0.998000	0.058000	192.000000	1.000000	128.000000	31.000000	48.000000	1.000000	208.000000	0.000000	0.000000	0.000000	1761332294.791345	0.000000
126.000000	38849.432927	39717.462923	-187500.022352	-187500.022352	92608.261717	83101.237786	94781.186555	-187500.022352	0.048000	0.998000	0.058000	192.000000	0.000000	0.000000	0.000000	0.000000	0.000000	0.000000	0.000000	0.000000	0.000000	1761332294.791363	0.000000
127.000000	38851.019901	39708.902205	-187500.022352	-187500.022352	92582.467804	82859.347207	95086.399625	-187500.022352	0.048000	0.998000	0.058000	192.000000	0.000000	0.000000	0.000000	0.000000	0.000000	0.000000	0.000000	0.000000	0.000000	1761332294.791380	0.000000
128.000000	38889.308439	39756.667883	-187500.022352	-187500.022352	92474.374768	82714.329089	95009.196700	-187500.022352	0.048000	0.998000	0.058000	192.000000	0.000000	0.000000	0.000000	0.000000	0.000000	0.000000	0.000000	0.000000	0.000000	1761332294.791397	0.000000
129.000000	38898.852634	39777.678523	-187500.022352	-187500.022352	92472.050187	82909.571577	94673.674664	-187500.022352	0.048000	0.998000	0.058000	192.000000	0.000000	0.000000	0.000000	0.000000	0.000000	0.000000	0.000000	0.000000	0.000000	1761332294.791414	0.000000
130.000000	38856.026692	39726.381269	-187500.022352	-187500.022352	92601.444435	83115.833475	94737.891226	-187500.022352	0.048000	0.998000	0.058000	192.000000	0.000000	0.000000	0.000000	0.000000	0.000000	0.000000	0.000000	0.000000	0.000000	1761332294.791431	0.000000
131.000000	38845.297855	39698.396885	-187500.022352	-187500.022352	92601.399732	82908.543397	95047.373479	-187500.022352	0.048000	0.998000	0.058000	192.000000	0.000000	0.000000	0.000000	0.000000	0.000000	0.000000	0.000000	0.000000	0.000000	1761332294.791448	0.000000
132.000000	38881.708846	39742.765098	-187500.022352	-187500.022352	92499.945164	82721.705165	95060.471602	-187500.022352	0.048000	0.998000	0.058000	192.000000	0.000000	0.000000	0.000000	0.000000	0.000000	0.000000	0.000000	0.000000	0.000000	1761332294.791464	0.000000
133.000000	38896.192777	39775.644514	-187500.022352	-187500.022352	92469.189163	82865.940972	94729.151693	-187500.022352	0.048000	0.998000	0.058000	192.000000	0.000000	0.000000	0.000000	0.000000	0.000000	0.000000	0.000000	0.000000	0.000000	1761332294.791481	0.000000
134.000000	38859.692378	39735.545484	-187500.022352	-187500.022352	92596.594107	83122.650757	94707.492853	-187500.022352	0.048000	0.998000	0.058000	192.000000	0.000000	0.000000	0.000000	0.000000	0.000000	0.000000	0.000000	0.000000	0.000000	1761332294.791498	0.000000
135.000000	38832.892636	39695.737028	-187500.022352	-187500.022352	92623.818531	82969.384845	95017.556252	-187500.022352	0.054000	0.998000	0.058000	192.000000	1.000000	176.000000	31.000000	48.000000	1.000000	208.000000	0.000000	0.000000	0.000000	1761332294.791515	0.000000
136.000000	38864.453300	39732.393889	-187500.022352	-187500.022352	92536.870246	82751.120061	95123.615280	-187500.022352	0.054000	0.998000	0.058000	192.000000	0.000000	0.000000	0.000000	0.000000	0.000000	0.000000	0.000000	0.000000	0.000000	1761332294.791542	0.000000
137.000000	38898.092675	39778.192613	-187500.022352	-187500.022352	92466.864582	82817.415335	94780.359540	-187500.022352	0.054000	0.998000	0.058000	192.000000	0.000000	0.000000	0.000000	0.000000	0.000000	0.000000	0.000000	0.000000	0.000000	1761332294.791559	0.000000
138.000000	38861.547573	39743.636816	-187500.022352	-187500.022352	92581.216107	83105.350507	94675.015768	-187500.022352	0.054000	0.998000	0.058000	192.000000	0.000000	0.000000	0.000000	0.000000	0.000000	0.000000	0.000000	0.000000	0.000000	1761332294.791576	0.000000
139.000000	38833.831410	39701.749647	-187500.022352	-187500.022352	92643.331604	83021.307948	94962.459202	-187500.022352	0.054000	0.998000	0.058000	192.000000	0.000000	0.000000	0.000000	0.000000	0.000000	0.000000	0.000000	0.000000	0.000000	1761332294.791593	0.000000
140.000000	38853.612704	39720.972147	-187500.022352	-187500.022352	92567.268618	82777.316305	95145.922321	-187500.022352	0.054000	0.998000	0.058000	192.000000	0.000000	0.000000	0.000000	0.000000	0.000000	0.000000	0.000000	0.000000	0.000000	1761332294.791610	0.000000
141.000000	38894.583451	39773.431691	-187500.022352	-187500.022352	92477.504012	82786.815797	94859.976454	-187500.022352	0.054000	0.998000	0.058000	192.000000	0.000000	0.000000	0.000000	0.000000	0.000000	0.000000	0.000000	0.000000	0.000000	1761332294.791627	0.000000
142.000000	38876.925573	39760.624142	-187500.022352	-187500.022352	92557.366795	83071.286448	94658.386071	-187500.022352	0.054000	0.998000	0.058000	192.000000	0.000000	0.000000	0.000000	0.000000	0.000000	0.000000	0.000000	0.000000	0.000000	1761332294.791644	0.000000
143.000000	38838.748793	39707.516397	-187500.022352	-187500.022352	92639.531808	83067.039617	94908.591498	-187500.022352	0.054000	0.998000	0.058000	192.000000	0.000000	0.000000	0.000000	0.000000	0.000000	0.000000	0.000000	0.000000	0.000000	1761332294.791661	0.000000
144.000000	38853.903276	39721.575644	-187500.022352	-187500.022352	92570.442566	82802.216149	95138.054507	-187500.022352	0.054000	0.998000	0.058000	192.000000	0.000000	0.000000	0.000000	0.000000	0.000000	0.000000	0.000000	0.000000	0.000000	1761332294.791678	0.000000
145.000000	38892.907070	39774.504575	-187500.022352	-187500.022352	92466.574009	82748.639017	94910.066713	-187500.022352	0.048000	0.998000	0.056000	192.000000	1.000000	128.000000	31.000000	48.000000	1.000000	192.000000	0.000000	0.000000	0.000000	1761332294.791695	0.000000
146.000000	38875.763282	39766.726168	-187500.022352	-187500.022352	92522.095742	83018.983366	94646.249073	-187500.022352	0.048000	0.998000	0.056000	192.000000	0.000000	0.000000	0.000000	0.000000	0.000000	0.000000	0.000000	0.000000	0.000000	1761332294.791713	0.000000
147.000000	38832.378546	39711.584414	-187500.022352	-187500.022352	92632.513360	83099.561405	94848.353547	-187500.022352	0.048000	0.998000	0.056000	192.000000	0.000000	0.000000	0.000000	0.000000	0.000000	0.000000	0.000000	0.000000	0.000000	1761332294.791730	0.000000
148.000000	38833.674947	39702.353144	-187500.022352	-187500.022352	92592.280220	82852.485222	95144.670623	-187500.022352	0.048000	0.998000	0.056000	192.000000	0.000000	0.000000	0.000000	0.000000	0.000000	0.000000	0.000000	0.000000	0.000000	1761332294.791746	0.000000
149.000000	38875.003323	39752.085775	-187500.022352	-187500.022352	92485.125957	82748.639017	95007.117988	-187500.022352	0.048000	0.998000	0.056000	192.000000	0.000000	0.000000	0.000000	0.000000	0.000000	0.000000	0.000000	0.000000	0.000000	1761332294.791763	0.000000
150.000000	38879.384265	39764.155717	-187500.022352	-187500.022352	92500.772178	82975.375113	94685.699902	-187500.022352	0.048000	0.998000	0.056000	192.000000	0.000000	0.000000	0.000000	0.000000	0.000000	0.000000	0.000000	0.000000	0.000000	1761332294.791781	0.000000
151.000000	38839.419346	39712.769057	-187500.022352	-187500.022352	92616.241290	83121.957853	94800.856090	-187500.022352	0.048000	0.998000	0.056000	192.000000	0.000000	0.000000	0.000000	0.000000	0.000000	0.000000	0.000000	0.000000	0.000000	1761332294.791798	0.000000
152.000000	38832.870285	39700.654411	-187500.022352	-187500.022352	92590.849708	82882.682429	95100.436521	-187500.022352	0.048000	0.998000	0.056000	192.000000	0.000000	0.000000	0.000000	0.000000	0.000000	0.000000	0.000000	0.000000	0.000000	1761332294.791824	0.000000
153.000000	38870.264753	39747.213095	-187500.022352	-187500.022352	92483.293114	82726.622549	95043.037241	-187500.022352	0.048000	0.998000	0.056000	192.000000	0.000000	0.000000	0.000000	0.000000	0.000000	0.000000	0.000000	0.000000	0.000000	1761332294.791842	0.000000
154.000000	38891.409503	39777.924392	-187500.022352	-187500.022352	92468.250390	82901.793170	94687.644504	-187500.022352	0.048000	0.998000	0.056000	192.000000	0.000000	0.000000	0.000000	0.000000	0.000000	0.000000	0.000000	0.000000	0.000000	1761332294.791859	0.000000
155.000000	38846.236628	39724.727240	-187500.022352	-187500.022352	92599.857461	83124.461248	94737.734763	-187500.022352	0.048000	0.998000	0.066000	192.000000	1.000000	128.000000	31.000000	48.000000	2.000000	16.000000	0.000000	0.000000	0.000000	1761332294.791876	0.000000
156.000000	38828.802267	39697.882795	-187500.022352	-187500.022352	92609.580470	82934.873752	95061.097450	-187500.022352	0.048000	0.998000	0.066000	192.000000	0.000000	0.000000	0.000000	0.000000	0.000000	0.000000	0.000000	0.000000	0.000000	1761332294.791894	0.000000
157.000000	38868.364855	39744.016796	-187500.022352	-187500.022352	92510.875167	82732.679872	95091.585230	-187500.022352	0.048000	0.998000	0.066000	192.000000	0.000000	0.000000	0.000000	0.000000	0.000000	0.000000	0.000000	0.000000	0.000000	1761332294.791911	0.000000
158.000000	38893.465864	39783.199404	-187500.022352	-187500.022352	92467.244562	82848.663074	94737.377135	-187500.022352	0.048000	0.998000	0.066000	192.000000	0.000000	0.000000	0.000000	0.000000	0.000000	0.000000	0.000000	0.000000	0.000000	1761332294.791928	0.000000
159.000000	38852.562172	39739.412336	-187500.022352	-187500.022352	92596.705865	83120.683804	94703.693057	-187500.022352	0.048000	0.998000	0.066000	192.000000	0.000000	0.000000	0.000000	0.000000	0.000000	0.000000	0.000000	0.000000	0.000000	1761332294.791945	0.000000
160.000000	38826.187113	39696.251118	-187500.022352	-187500.022352	92637.453096	82984.852253	95019.679668	-187500.022352	0.048000	0.998000	0.066000	192.000000	0.000000	0.000000	0.000000	0.000000	0.000000	0.000000	0.000000	0.000000	0.000000	1761332294.791962	0.000000
161.000000	38854.395015	39726.671842	-187500.022352	-187500.022352	92549.767202	82755.568058	95138.389783	-187500.022352	0.048000	0.998000	0.066000	192.000000	0.000000	0.000000	0.000000	0.000000	0.000000	0.000000	0.000000	0.000000	0.000000	1761332294.791982	0.000000
162.000000	38891.476559	39775.912735	-187500.022352	-187500.022352	92478.353379	82810.486294	94807.114578	-187500.022352	0.048000	0.998000	0.066000	192.000000	0.000000	0.000000	0.000000	0.000000	0.000000	0.000000	0.000000	0.000000	0.000000	1761332294.792000	0.000000
163.000000	38867.001398	39753.851563	-187500.022352	-187500.022352	92583.093653	83091.961812	94665.181001	-187500.022352	0.048000	0.998000	0.066000	192.000000	0.000000	0.000000	0.000000	0.000000	0.000000	0.000000	0.000000	0.000000	0.000000	1761332294.792017	0.000000
164.000000	38831.663290	39703.157807	-187500.022352	-187500.022352	92644.382136	83021.151486	94940.509789	-187500.022352	0.048000	0.998000	0.066000	192.000000	0.000000	0.000000	0.000000	0.000000	0.000000	0.000000	0.000000	0.000000	0.000000	1761332294.792044	0.000000
165.000000	38852.204544	39721.799162	-187500.022352	-187500.022352	92571.627208	82773.672971	95132.891254	-187500.022352	0.038000	1.000000	0.062000	192.000000	1.000000	48.000000	31.000000	64.000000	1.000000	240.000000	0.000000	0.000000	0.000000	1761332294.792061	0.000000
166.000000	38891.051875	39771.352979	-187500.022352	-187500.022352	92485.170661	82773.292991	94865.251465	-187500.022352	0.038000	1.000000	0.062000	192.000000	0.000000	0.000000	0.000000	0.000000	0.000000	0.000000	0.000000	0.000000	0.000000	1761332294.792079	0.000000
167.000000	38872.991666	39758.143098	-187500.022352	-187500.022352	92567.514487	83063.440986	94667.416175	-187500.022352	0.038000	1.000000	0.062000	192.000000	0.000000	0.000000	0.000000	0.000000	0.000000	0.000000	0.000000	0.000000	0.000000	1761332294.792107	0.000000
168.000000	38830.545703	39702.286089	-187500.022352	-187500.022352	92659.782488	83081.210623	94918.850949	-187500.022352	0.038000	1.000000	0.062000	192.000000	0.000000	0.000000	0.000000	0.000000	0.000000	0.000000	0.000000	0.000000	0.000000	1761332294.792124	0.000000
169.000000	38844.135564	39709.930385	-187500.022352	-187500.022352	92597.644639	82816.007175	95160.607417	-187500.022352	0.038000	1.000000	0.062000	192.000000	0.000000	0.000000	0.000000	0.000000	0.000000	0.000000	0.000000	0.000000	0.000000	1761332294.792141	0.000000
170.000000	38895.008134	39770.257744	-187500.022352	-187500.022352	92489.886879	82744.414537	94935.771219	-187500.022352	0.038000	1.000000	0.062000	192.000000	0.000000	0.000000	0.000000	0.000000	0.000000	0.000000	0.000000	0.000000	0.000000	1761332294.792158	0.000000
171.000000	38885.553346	39768.313142	-187500.022352	-187500.022352	92540.893560	83012.367250	94668.891390	-187500.022352	0.038000	1.000000	0.062000	192.000000	0.000000	0.000000	0.000000	0.000000	0.000000	0.000000	0.000000	0.000000	0.000000	1761332294.792175	0.000000
172.000000	38837.340634	39707.829321	-187500.022352	-187500.022352	92656.720299	83111.787809	94859.529419	-187500.022352	0.038000	1.000000	0.062000	192.000000	0.000000	0.000000	0.000000	0.000000	0.000000	0.000000	0.000000	0.000000	0.000000	1761332294.792192	0.000000
173.000000	38842.056852	39702.688420	-187500.022352	-187500.022352	92614.967241	82851.613504	95144.469457	-187500.022352	0.038000	1.000000	0.062000	192.000000	0.000000	0.000000	0.000000	0.000000	0.000000	0.000000	0.000000	0.000000	0.000000	1761332294.792209	0.000000
174.000000	38884.972201	39753.851563	-187500.022352	-187500.022352	92504.259050	82727.628377	95011.141302	-187500.022352	0.038000	1.000000	0.062000	192.000000	0.000000	0.000000	0.000000	0.000000	0.000000	0.000000	0.000000	0.000000	0.000000	1761332294.792226	0.000000
175.000000	38887.028561	39771.800014	-187500.022352	-187500.022352	92515.859606	82950.408214	94684.135280	-187500.022352	0.042000	0.996000	0.062000	192.000000	1.000000	80.000000	31.000000	32.000000	1.000000	240.000000	0.000000	0.000000	0.000000	1761332294.792243	0.000000
176.000000	38848.650616	39725.241330	-187500.022352	-187500.022352	92639.800029	83119.163885	94787.154470	-187500.022352	0.042000	0.996000	0.062000	192.000000	0.000000	0.000000	0.000000	0.000000	0.000000	0.000000	0.000000	0.000000	0.000000	1761332294.792261	0.000000
177.000000	38844.135564	39706.957603	-187500.022352	-187500.022352	92613.469674	82876.066312	95075.134346	-187500.022352	0.042000	0.996000	0.062000	192.000000	0.000000	0.000000	0.000000	0.000000	0.000000	0.000000	0.000000	0.000000	0.000000	1761332294.792278	0.000000
178.000000	38878.624306	39747.749537	-187500.022352	-187500.022352	92507.567109	82713.949110	95044.892436	-187500.022352	0.042000	0.996000	0.062000	192.000000	0.000000	0.000000	0.000000	0.000000	0.000000	0.000000	0.000000	0.000000	0.000000	1761332294.792295	0.000000
179.000000	38892.772960	39777.700875	-187500.022352	-187500.022352	92486.578821	82880.782530	94696.004056	-187500.022352	0.042000	0.996000	0.062000	192.000000	0.000000	0.000000	0.000000	0.000000	0.000000	0.000000	0.000000	0.000000	0.000000	1761332294.792312	0.000000
180.000000	38848.896485	39728.728202	-187500.022352	-187500.022352	92619.862273	83115.274681	94727.520016	-187500.022352	0.042000	0.996000	0.062000	192.000000	0.000000	0.000000	0.000000	0.000000	0.000000	0.000000	0.000000	0.000000	0.000000	1761332294.792329	0.000000
181.000000	38828.198770	39695.155882	-187500.022352	-187500.022352	92634.167389	82932.079784	95048.424011	-187500.022352	0.042000	0.996000	0.062000	192.000000	0.000000	0.000000	0.000000	0.000000	0.000000	0.000000	0.000000	0.000000	0.000000	1761332294.792346	0.000000
182.000000	38866.911991	39736.573665	-187500.022352	-187500.022352	92532.958690	82723.828581	95098.670733	-187500.022352	0.042000	0.996000	0.062000	192.000000	0.000000	0.000000	0.000000	0.000000	0.000000	0.000000	0.000000	0.000000	0.000000	1761332294.792380	0.000000
183.000000	38896.215128	39777.142081	-187500.022352	-187500.022352	92475.291190	82827.741841	94742.652147	-187500.022352	0.042000	0.996000	0.062000	192.000000	0.000000	0.000000	0.000000	0.000000	0.000000	0.000000	0.000000	0.000000	0.000000	1761332294.792402	0.000000
184.000000	38853.880924	39733.556179	-187500.022352	-187500.022352	92601.645601	83115.140571	94700.295591	-187500.022352	0.042000	0.996000	0.062000	192.000000	0.000000	0.000000	0.000000	0.000000	0.000000	0.000000	0.000000	0.000000	0.000000	1761332294.792420	0.000000
185.000000	38829.249302	39692.764246	-187500.022352	-187500.022352	92648.852485	83003.180683	95023.993555	-187500.022352	0.042000	0.998000	0.064000	192.000000	1.000000	80.000000	31.000000	48.000000	2.000000	0.000000	0.000000	0.000000	0.000000	1761332294.792437	0.000000
186.000000	38860.206468	39724.794295	-187500.022352	-187500.022352	92558.931417	82760.083110	95150.504428	-187500.022352	0.042000	0.998000	0.064000	192.000000	0.000000	0.000000	0.000000	0.000000	0.000000	0.000000	0.000000	0.000000	0.000000	1761332294.792454	0.000000
187.000000	38894.494044	39772.649380	-187500.022352	-187500.022352	92480.119166	82803.221977	94834.204892	-187500.022352	0.042000	0.998000	0.064000	192.000000	0.000000	0.000000	0.000000	0.000000	0.000000	0.000000	0.000000	0.000000	0.000000	1761332294.792472	0.000000
188.000000	38861.547573	39743.793278	-187500.022352	-187500.022352	92587.027560	83098.890853	94703.804815	-187500.022352	0.042000	0.998000	0.064000	192.000000	0.000000	0.000000	0.000000	0.000000	0.000000	0.000000	0.000000	0.000000	0.000000	1761332294.792488	0.000000
189.000000	38826.343575	39694.082999	-187500.022352	-187500.022352	92652.317006	83039.211695	94966.504868	-187500.022352	0.042000	0.998000	0.064000	192.000000	0.000000	0.000000	0.000000	0.000000	0.000000	0.000000	0.000000	0.000000	0.000000	1761332294.792506	0.000000
190.000000	38845.879000	39708.030487	-187500.022352	-187500.022352	92573.124775	82776.913974	95156.919379	-187500.022352	0.042000	0.998000	0.064000	192.000000	0.000000	0.000000	0.000000	0.000000	0.000000	0.000000	0.000000	0.000000	0.000000	1761332294.792523	0.000000
191.000000	38882.111178	39755.237371	-187500.022352	-187500.022352	92481.974361	82764.396997	94902.131844	-187500.022352	0.042000	0.998000	0.064000	192.000000	0.000000	0.000000	0.000000	0.000000	0.000000	0.000000	0.000000	0.000000	0.000000	1761332294.792541	0.000000
192.000000	38864.274486	39745.603769	-187500.022352	-187500.022352	92564.161726	83061.362274	94700.474405	-187500.022352	0.042000	0.998000	0.064000	192.000000	0.000000	0.000000	0.000000	0.000000	0.000000	0.000000	0.000000	0.000000	0.000000	1761332294.792558	0.000000
193.000000	38839.754622	39708.298708	-187500.022352	-187500.022352	92653.412241	83078.751931	94909.150292	-187500.022352	0.042000	0.998000	0.064000	192.000000	0.000000	0.000000	0.000000	0.000000	0.000000	0.000000	0.000000	0.000000	0.000000	1761332294.792575	0.000000
194.000000	38856.920762	39721.173313	-187500.022352	-187500.022352	92586.468767	82803.289032	95134.835855	-187500.022352	0.042000	0.998000	0.064000	192.000000	0.000000	0.000000	0.000000	0.000000	0.000000	0.000000	0.000000	0.000000	0.000000	1761332294.792592	0.000000
195.000000	38895.768094	39769.587191	-187500.022352	-187500.022352	92480.722663	82735.831468	94946.678871	-187500.022352	0.048000	0.998000	0.058000	192.000000	1.000000	128.000000	31.000000	48.000000	1.000000	208.000000	0.000000	0.000000	0.000000	1761332294.792609	0.000000
196.000000	38893.935251	39775.465700	-187500.022352	-187500.022352	92522.006335	83000.766695	94671.104213	-187500.022352	0.048000	0.998000	0.058000	192.000000	0.000000	0.000000	0.000000	0.000000	0.000000	0.000000	0.000000	0.000000	0.000000	1761332294.792626	0.000000
197.000000	38845.521372	39716.322984	-187500.022352	-187500.022352	92639.531808	83116.034641	94849.895817	-187500.022352	0.048000	0.998000	0.058000	192.000000	0.000000	0.000000	0.000000	0.000000	0.000000	0.000000	0.000000	0.000000	0.000000	1761332295.269839	0.000000
198.000000	38835.150163	39699.894452	-187500.022352	-187500.022352	92599.008095	82861.694141	95138.278024	-187500.022352	0.048000	0.998000	0.058000	192.000000	0.000000	0.000000	0.000000	0.000000	0.000000	0.000000	0.000000	0.000000	0.000000	1761332295.270068	0.000000
199.000000	38878.825471	39752.108127	-187500.022352	-187500.022352	92486.958800	82736.077337	95030.363802	-187500.022352	0.048000	0.998000	0.058000	192.000000	0.000000	0.000000	0.000000	0.000000	0.000000	0.000000	0.000000	0.000000	0.000000	1761332295.270205	0.000000
200.000000	38888.928460	39769.944819	-187500.022352	-187500.022352	92492.122053	82946.362549	94697.255754	-187500.022352	0.048000	0.998000	0.058000	192.000000	0.000000	0.000000	0.000000	0.000000	0.000000	0.000000	0.000000	0.000000	0.000000	1761332295.270237	0.000000
201.000000	38837.564151	39710.086848	-187500.022352	-187500.022352	92626.388982	83140.420394	94803.806520	-187500.022352	0.048000	0.998000	0.058000	192.000000	0.000000	0.000000	0.000000	0.000000	0.000000	0.000000	0.000000	0.000000	0.000000	1761332295.270268	0.000000
202.000000	38828.466991	39690.730237	-187500.022352	-187500.022352	92615.593090	82914.935996	95113.735809	-187500.022352	0.048000	0.998000	0.058000	192.000000	0.000000	0.000000	0.000000	0.000000	0.000000	0.000000	0.000000	0.000000	0.000000	1761332295.270297	0.000000
203.000000	38868.834241	39739.300578	-187500.022352	-187500.022352	92511.456312	82740.033596	95092.211079	-187500.022352	0.048000	0.998000	0.058000	192.000000	0.000000	0.000000	0.000000	0.000000	0.000000	0.000000	0.000000	0.000000	0.000000	1761332295.270326	0.000000
204.000000	38881.820605	39764.893325	-187500.022352	-187500.022352	92487.897573	82905.794132	94758.343072	-187500.022352	0.048000	0.998000	0.058000	192.000000	0.000000	0.000000	0.000000	0.000000	0.000000	0.000000	0.000000	0.000000	0.000000	1761332295.270355	0.000000
205.000000	38843.152087	39721.463885	-187500.022352	-187500.022352	92615.011944	83141.426222	94763.416918	-187500.022352	0.044000	0.996000	0.062000	192.000000	1.000000	96.000000	31.000000	32.000000	1.000000	240.000000	0.000000	0.000000	0.000000	1761332295.270383	0.000000
206.000000	38824.041346	39684.382341	-187500.022352	-187500.022352	92632.893340	82957.292552	95063.265570	-187500.022352	0.044000	0.996000	0.062000	192.000000	0.000000	0.000000	0.000000	0.000000	0.000000	0.000000	0.000000	0.000000	0.000000	1761332295.270415	0.000000
207.000000	38855.333788	39717.105295	-187500.022352	-187500.022352	92531.483475	82739.184229	95122.408285	-187500.022352	0.044000	0.996000	0.062000	192.000000	0.000000	0.000000	0.000000	0.000000	0.000000	0.000000	0.000000	0.000000	0.000000	1761332295.270444	0.000000
208.000000	38885.195718	39760.937066	-187500.022352	-187500.022352	92470.083233	82834.335605	94778.973732	-187500.022352	0.044000	0.996000	0.062000	192.000000	0.000000	0.000000	0.000000	0.000000	0.000000	0.000000	0.000000	0.000000	0.000000	1761332295.270472	0.000000
209.000000	38850.774032	39726.850656	-187500.022352	-187500.022352	92592.213165	83122.918978	94712.901975	-187500.022352	0.044000	0.996000	0.062000	192.000000	0.000000	0.000000	0.000000	0.000000	0.000000	0.000000	0.000000	0.000000	0.000000	1761332295.270501	0.000000
210.000000	38819.526293	39680.224917	-187500.022352	-187500.022352	92642.191665	83015.228273	95015.343429	-187500.022352	0.044000	0.996000	0.062000	192.000000	0.000000	0.000000	0.000000	0.000000	0.000000	0.000000	0.000000	0.000000	0.000000	1761332295.270529	0.000000
211.000000	38849.008244	39708.678688	-187500.022352	-187500.022352	92555.288083	82767.369779	95152.694899	-187500.022352	0.044000	0.996000	0.062000	192.000000	0.000000	0.000000	0.000000	0.000000	0.000000	0.000000	0.000000	0.000000	0.000000	1761332295.270557	0.000000
212.000000	38882.401750	39753.225714	-187500.022352	-187500.022352	92473.883030	82800.875044	94851.259273	-187500.022352	0.044000	0.996000	0.062000	192.000000	0.000000	0.000000	0.000000	0.000000	0.000000	0.000000	0.000000	0.000000	0.000000	1761332295.270586	0.000000
213.000000	38863.067491	39736.394851	-187500.022352	-187500.022352	92571.448394	83090.330135	94688.315056	-187500.022352	0.044000	0.996000	0.062000	192.000000	0.000000	0.000000	0.000000	0.000000	0.000000	0.000000	0.000000	0.000000	0.000000	1761332295.270631	0.000000
214.000000	38831.305663	39688.495062	-187500.022352	-187500.022352	92653.032261	83056.131966	94953.026766	-187500.022352	0.044000	0.996000	0.062000	192.000000	0.000000	0.000000	0.000000	0.000000	0.000000	0.000000	0.000000	0.000000	0.000000	1761332295.270659	0.000000
215.000000	38850.170535	39708.052839	-187500.022352	-187500.022352	92582.713673	82792.157864	95158.640463	-187500.022352	0.048000	0.996000	0.064000	192.000000	1.000000	128.000000	31.000000	32.000000	2.000000	0.000000	0.000000	0.000000	0.000000	1761332295.270688	0.000000
216.000000	38883.452282	39755.706758	-187500.022352	-187500.022352	92483.717797	82764.665218	94912.815978	-187500.022352	0.048000	0.996000	0.064000	192.000000	0.000000	0.000000	0.000000	0.000000	0.000000	0.000000	0.000000	0.000000	0.000000	1761332295.270718	0.000000
217.000000	38870.264753	39747.526020	-187500.022352	-187500.022352	92555.980987	83052.779204	94687.800966	-187500.022352	0.048000	0.996000	0.064000	192.000000	0.000000	0.000000	0.000000	0.000000	0.000000	0.000000	0.000000	0.000000	0.000000	1761332295.270747	0.000000
218.000000	38833.831410	39695.424103	-187500.022352	-187500.022352	92657.323796	83097.885024	94901.327181	-187500.022352	0.048000	0.996000	0.064000	192.000000	0.000000	0.000000	0.000000	0.000000	0.000000	0.000000	0.000000	0.000000	0.000000	1761332295.270775	0.000000
219.000000	38834.904293	39693.412446	-187500.022352	-187500.022352	92598.851633	82821.952739	95153.320748	-187500.022352	0.048000	0.996000	0.064000	192.000000	0.000000	0.000000	0.000000	0.000000	0.000000	0.000000	0.000000	0.000000	0.000000	1761332295.270803	0.000000
220.000000	38872.835204	39743.055671	-187500.022352	-187500.022352	92494.580745	82736.300854	94989.795386	-187500.022352	0.048000	0.996000	0.064000	192.000000	0.000000	0.000000	0.000000	0.000000	0.000000	0.000000	0.000000	0.000000	0.000000	1761332295.270831	0.000000
221.000000	38877.126739	39757.450194	-187500.022352	-187500.022352	92523.615661	82980.605421	94682.883582	-187500.022352	0.048000	0.996000	0.064000	192.000000	0.000000	0.000000	0.000000	0.000000	0.000000	0.000000	0.000000	0.000000	0.000000	1761332295.270860	0.000000
222.000000	38826.410631	39697.838092	-187500.022352	-187500.022352	92647.421974	83119.610920	94850.208741	-187500.022352	0.048000	0.996000	0.064000	192.000000	0.000000	0.000000	0.000000	0.000000	0.000000	0.000000	0.000000	0.000000	0.000000	1761332295.270888	0.000000
223.000000	38830.366889	39691.020810	-187500.022352	-187500.022352	92615.570738	82863.504632	95139.909701	-187500.022352	0.048000	0.996000	0.064000	192.000000	0.000000	0.000000	0.000000	0.000000	0.000000	0.000000	0.000000	0.000000	0.000000	1761332295.270916	0.000000
224.000000	38877.484367	39744.664996	-187500.022352	-187500.022352	92499.609888	82712.473895	95031.548444	-187500.022352	0.048000	0.996000	0.064000	192.000000	0.000000	0.000000	0.000000	0.000000	0.000000	0.000000	0.000000	0.000000	0.000000	1761332295.270945	0.000000
225.000000	38884.391056	39760.467680	-187500.022352	-187500.022352	92495.921850	82922.714403	94701.480234	-187500.022352	0.046000	0.996000	0.058000	192.000000	1.000000	112.000000	31.000000	32.000000	1.000000	208.000000	0.000000	0.000000	0.000000	1761332295.270973	0.000000
226.000000	38842.235666	39712.098505	-187500.022352	-187500.022352	92621.896281	83125.087097	94774.369273	-187500.022352	0.046000	0.996000	0.058000	192.000000	0.000000	0.000000	0.000000	0.000000	0.000000	0.000000	0.000000	0.000000	0.000000	1761332295.271003	0.000000
227.000000	38832.982043	39693.211280	-187500.022352	-187500.022352	92614.296688	82897.792208	95069.077023	-187500.022352	0.046000	0.996000	0.058000	192.000000	0.000000	0.000000	0.000000	0.000000	0.000000	0.000000	0.000000	0.000000	0.000000	1761332295.271031	0.000000
228.000000	38858.619494	39724.660185	-187500.022352	-187500.022352	92518.027725	82724.119154	95093.552183	-187500.022352	0.046000	0.996000	0.058000	192.000000	0.000000	0.000000	0.000000	0.000000	0.000000	0.000000	0.000000	0.000000	0.000000	1761332295.271074	0.000000
229.000000	38885.352181	39763.105185	-187500.022352	-187500.022352	92482.823727	82873.808786	94752.844543	-187500.022352	0.046000	0.996000	0.058000	192.000000	0.000000	0.000000	0.000000	0.000000	0.000000	0.000000	0.000000	0.000000	0.000000	1761332295.271102	0.000000
230.000000	38847.644788	39722.760287	-187500.022352	-187500.022352	92606.138302	83123.433068	94736.259548	-187500.022352	0.046000	0.996000	0.058000	192.000000	0.000000	0.000000	0.000000	0.000000	0.000000	0.000000	0.000000	0.000000	0.000000	1761332295.271130	0.000000
231.000000	38824.220160	39682.884775	-187500.022352	-187500.022352	92629.898206	82955.124432	95042.836075	-187500.022352	0.046000	0.996000	0.058000	192.000000	0.000000	0.000000	0.000000	0.000000	0.000000	0.000000	0.000000	0.000000	0.000000	1761332295.271159	0.000000
232.000000	38853.568000	39714.333679	-187500.022352	-187500.022352	92535.462086	82730.914084	95136.623995	-187500.022352	0.046000	0.996000	0.058000	192.000000	0.000000	0.000000	0.000000	0.000000	0.000000	0.000000	0.000000	0.000000	0.000000	1761332295.271187	0.000000
233.000000	38885.530995	39757.584305	-187500.022352	-187500.022352	92473.547754	82817.527094	94813.082494	-187500.022352	0.046000	0.996000	0.058000	192.000000	0.000000	0.000000	0.000000	0.000000	0.000000	0.000000	0.000000	0.000000	0.000000	1761332295.271215	0.000000
234.000000	38856.361968	39727.901188	-187500.022352	-187500.022352	92590.380322	83105.864597	94716.835882	-187500.022352	0.046000	0.996000	0.058000	192.000000	0.000000	0.000000	0.000000	0.000000	0.000000	0.000000	0.000000	0.000000	0.000000	1761332295.271244	0.000000
235.000000	38825.427154	39682.013057	-187500.022352	-187500.022352	92650.484163	83009.305061	95007.632078	-187500.022352	0.052000	0.998000	0.058000	192.000000	1.000000	160.000000	31.000000	48.000000	1.000000	208.000000	0.000000	0.000000	0.000000	1761332295.271272	0.000000
236.000000	38851.869267	39707.695211	-187500.022352	-187500.022352	92571.828374	82755.992741	95169.056376	-187500.022352	0.052000	0.998000	0.058000	192.000000	0.000000	0.000000	0.000000	0.000000	0.000000	0.000000	0.000000	0.000000	0.000000	1761332295.271301	0.000000
237.000000	38883.631096	39751.750499	-187500.022352	-187500.022352	92488.277553	82778.590355	94882.618771	-187500.022352	0.052000	0.998000	0.058000	192.000000	0.000000	0.000000	0.000000	0.000000	0.000000	0.000000	0.000000	0.000000	0.000000	1761332295.271329	0.000000
238.000000	38864.050968	39738.831191	-187500.022352	-187500.022352	92577.706883	83066.749044	94691.891335	-187500.022352	0.052000	0.998000	0.058000	192.000000	0.000000	0.000000	0.000000	0.000000	0.000000	0.000000	0.000000	0.000000	0.000000	1761332295.271358	0.000000
239.000000	38821.761468	39685.388170	-187500.022352	-187500.022352	92664.543410	83050.745195	94949.137562	-187500.022352	0.052000	0.998000	0.058000	192.000000	0.000000	0.000000	0.000000	0.000000	0.000000	0.000000	0.000000	0.000000	0.000000	1761332295.271386	0.000000
240.000000	38835.574846	39698.776865	-187500.022352	-187500.022352	92598.918688	82788.581585	95179.896972	-187500.022352	0.052000	0.998000	0.058000	192.000000	0.000000	0.000000	0.000000	0.000000	0.000000	0.000000	0.000000	0.000000	0.000000	1761332295.271414	0.000000
241.000000	38878.713713	39750.990540	-187500.022352	-187500.022352	92493.910193	82747.364968	94950.255150	-187500.022352	0.052000	0.998000	0.058000	192.000000	0.000000	0.000000	0.000000	0.000000	0.000000	0.000000	0.000000	0.000000	0.000000	1761332295.271442	0.000000
242.000000	38864.699169	39745.357900	-187500.022352	-187500.022352	92556.271560	83036.350672	94715.874757	-187500.022352	0.052000	0.998000	0.058000	192.000000	0.000000	0.000000	0.000000	0.000000	0.000000	0.000000	0.000000	0.000000	0.000000	1761332295.271470	0.000000
243.000000	38831.037442	39699.179196	-187500.022352	-187500.022352	92660.341282	83097.527396	94913.307716	-187500.022352	0.052000	0.998000	0.058000	192.000000	0.000000	0.000000	0.000000	0.000000	0.000000	0.000000	0.000000	0.000000	0.000000	1761332295.271498	0.000000
244.000000	38839.464049	39702.040220	-187500.022352	-187500.022352	92603.098464	82813.570835	95154.594797	-187500.022352	0.052000	0.998000	0.058000	192.000000	0.000000	0.000000	0.000000	0.000000	0.000000	0.000000	0.000000	0.000000	0.000000	1761332295.271540	0.000000
245.000000	38870.354160	39741.088717	-187500.022352	-187500.022352	92498.313486	82721.883979	95016.796293	-187500.022352	0.050000	0.994000	0.054000	192.000000	1.000000	144.000000	31.000000	16.000000	1.000000	176.000000	0.000000	0.000000	0.000000	1761332295.271569	0.000000
246.000000	38867.180212	39747.347206	-187500.022352	-187500.022352	92530.209426	82983.689962	94740.528731	-187500.022352	0.050000	0.994000	0.054000	192.000000	0.000000	0.000000	0.000000	0.000000	0.000000	0.000000	0.000000	0.000000	0.000000	1761332295.271598	0.000000
247.000000	38828.399936	39699.067438	-187500.022352	-187500.022352	92652.294654	83133.334891	94887.491451	-187500.022352	0.050000	0.994000	0.054000	192.000000	0.000000	0.000000	0.000000	0.000000	0.000000	0.000000	0.000000	0.000000	0.000000	1761332295.271627	0.000000
248.000000	38835.172514	39694.328868	-187500.022352	-187500.022352	92617.671802	82864.309295	95157.299359	-187500.022352	0.050000	0.994000	0.054000	192.000000	0.000000	0.000000	0.000000	0.000000	0.000000	0.000000	0.000000	0.000000	0.000000	1761332295.271655	0.000000
249.000000	38880.166576	39745.559066	-187500.022352	-187500.022352	92499.274611	82701.812113	95066.528924	-187500.022352	0.050000	0.994000	0.054000	192.000000	0.000000	0.000000	0.000000	0.000000	0.000000	0.000000	0.000000	0.000000	0.000000	1761332295.271684	0.000000
250.000000	38886.648582	39766.234430	-187500.022352	-187500.022352	92489.350437	82905.905891	94739.299385	-187500.022352	0.050000	0.994000	0.054000	192.000000	0.000000	0.000000	0.000000	0.000000	0.000000	0.000000	0.000000	0.000000	0.000000	1761332295.271712	0.000000
251.000000	38842.593293	39715.875949	-187500.022352	-187500.022352	92621.896281	83129.468039	94809.305049	-187500.022352	0.050000	0.994000	0.054000	192.000000	0.000000	0.000000	0.000000	0.000000	0.000000	0.000000	0.000000	0.000000	0.000000	1761332295.271740	0.000000
252.000000	38836.603026	39692.630135	-187500.022352	-187500.022352	92617.381229	82908.722211	95099.810672	-187500.022352	0.050000	0.994000	0.054000	192.000000	0.000000	0.000000	0.000000	0.000000	0.000000	0.000000	0.000000	0.000000	0.000000	1761332295.271768	0.000000
253.000000	38872.097596	39732.818572	-187500.022352	-187500.022352	92513.400914	82711.959805	95117.848530	-187500.022352	0.050000	0.994000	0.054000	192.000000	0.000000	0.000000	0.000000	0.000000	0.000000	0.000000	0.000000	0.000000	0.000000	1761332295.271814	0.000000
254.000000	38898.942041	39774.571630	-187500.022352	-187500.022352	92469.837364	82849.512440	94773.832831	-187500.022352	0.050000	0.994000	0.054000	192.000000	0.000000	0.000000	0.000000	0.000000	0.000000	0.000000	0.000000	0.000000	0.000000	1761332295.271844	0.000000
255.000000	38856.786651	39729.734031	-187500.022352	-187500.022352	92590.313267	83118.202760	94751.190514	-187500.022352	0.048000	0.994000	0.050000	192.000000	1.000000	128.000000	31.000000	16.000000	1.000000	144.000000	0.000000	0.000000	0.000000	1761332295.271872	0.000000
0.000000	38828.019956	39686.192833	-187500.022352	-187500.022352	92626.768962	82972.044703	95066.640683	-187500.022352	0.048000	0.994000	0.050000	192.000000	0.000000	0.000000	0.000000	0.000000	0.000000	0.000000	0.000000	0.000000	0.000000	1761332295.271901	0.000000
1.000000	38862.307532	39724.123743	-187500.022352	-187500.022352	92531.729344	82734.982101	95161.836763	-187500.022352	0.048000	0.994000	0.050000	192.000000	0.000000	0.000000	0.000000	0.000000	0.000000	0.000000	0.000000	0.000000	0.000000	1761332295.271928	0.000000
2.000000	38894.851672	39769.922467	-187500.022352	-187500.022352	92460.248466	82807.222939	94831.120352	-187500.022352	0.048000	0.994000	0.050000	192.000000	0.000000	0.000000	0.000000	0.000000	0.000000	0.000000	0.000000	0.000000	0.000000	1761332295.271957	0.000000
3.000000	38863.335712	39740.261703	-187500.022352	-187500.022352	92576.477537	83113.710059	94739.679365	-187500.022352	0.048000	0.994000	0.050000	192.000000	0.000000	0.000000	0.000000	0.000000	0.000000	0.000000	0.000000	0.000000	0.000000	1761332295.272000	0.000000
4.000000	38834.390203	39695.401751	-187500.022352	-187500.022352	92640.559988	83032.282654	95023.121837	-187500.022352	0.048000	0.994000	0.050000	192.000000	0.000000	0.000000	0.000000	0.000000	0.000000	0.000000	0.000000	0.000000	0.000000	1761332295.272028	0.000000
5.000000	38856.272561	39718.200531	-187500.022352	-187500.022352	92564.698167	82773.024770	95192.190432	-187500.022352	0.048000	0.994000	0.050000	192.000000	0.000000	0.000000	0.000000	0.000000	0.000000	0.000000	0.000000	0.000000	0.000000	1761332295.272057	0.000000
6.000000	38899.344373	39773.521098	-187500.022352	-187500.022352	92469.233867	82772.220108	94897.415626	-187500.022352	0.048000	0.994000	0.050000	192.000000	0.000000	0.000000	0.000000	0.000000	0.000000	0.000000	0.000000	0.000000	0.000000	1761332295.272085	0.000000
7.000000	38873.595163	39751.415223	-187500.022352	-187500.022352	92559.132583	83074.907431	94715.025391	-187500.022352	0.048000	0.994000	0.050000	192.000000	0.000000	0.000000	0.000000	0.000000	0.000000	0.000000	0.000000	0.000000	0.000000	1761332295.272113	0.000000
8.000000	38833.004395	39694.127702	-187500.022352	-187500.022352	92658.575494	83082.149396	94971.869287	-187500.022352	0.048000	0.994000	0.050000	192.000000	0.000000	0.000000	0.000000	0.000000	0.000000	0.000000	0.000000	0.000000	0.000000	1761332295.272141	0.000000
9.000000	38848.628265	39704.208339	-187500.022352	-187500.022352	92592.302572	82803.669012	95195.476138	-187500.022352	0.052000	0.994000	0.054000	192.000000	1.000000	160.000000	31.000000	16.000000	1.000000	176.000000	0.000000	0.000000	0.000000	1761332295.272169	0.000000
10.000000	38884.502814	39753.829211	-187500.022352	-187500.022352	92487.115262	82749.689549	94979.625342	-187500.022352	0.052000	0.994000	0.054000	192.000000	0.000000	0.000000	0.000000	0.000000	0.000000	0.000000	0.000000	0.000000	0.000000	1761332295.272198	0.000000
11.000000	38874.042198	39751.996368	-187500.022352	-187500.022352	92538.546626	83025.912407	94724.524882	-187500.022352	0.052000	0.994000	0.054000	192.000000	0.000000	0.000000	0.000000	0.000000	0.000000	0.000000	0.000000	0.000000	0.000000	1761332295.272227	0.000000
12.000000	38827.259997	39693.121874	-187500.022352	-187500.022352	92650.752384	83112.056030	94921.935489	-187500.022352	0.052000	0.994000	0.054000	192.000000	0.000000	0.000000	0.000000	0.000000	0.000000	0.000000	0.000000	0.000000	0.000000	1761332295.272255	0.000000
13.000000	38834.703128	39693.904185	-187500.022352	-187500.022352	92606.540633	82837.554257	95191.117548	-187500.022352	0.052000	0.994000	0.054000	192.000000	0.000000	0.000000	0.000000	0.000000	0.000000	0.000000	0.000000	0.000000	0.000000	1761332295.272283	0.000000
14.000000	38874.936268	39748.934179	-187500.022352	-187500.022352	92492.792605	82718.017127	95044.735973	-187500.022352	0.052000	0.994000	0.054000	192.000000	0.000000	0.000000	0.000000	0.000000	0.000000	0.000000	0.000000	0.000000	0.000000	1761332295.272311	0.000000
15.000000	38880.032465	39758.925409	-187500.022352	-187500.022352	92509.154082	82955.504412	94733.219711	-187500.022352	0.052000	0.994000	0.054000	192.000000	0.000000	0.000000	0.000000	0.000000	0.000000	0.000000	0.000000	0.000000	0.000000	1761332295.272338	0.000000
16.000000	38830.098668	39698.799217	-187500.022352	-187500.022352	92628.646508	83109.396173	94842.989128	-187500.022352	0.052000	0.994000	0.054000	192.000000	0.000000	0.000000	0.000000	0.000000	0.000000	0.000000	0.000000	0.000000	0.000000	1761332295.272366	0.000000
17.000000	38808.842159	39664.265771	-187500.022352	-187500.022352	92599.879813	82852.149946	95131.438390	-187500.022352	0.052000	0.994000	0.054000	192.000000	0.000000	0.000000	0.000000	0.000000	0.000000	0.000000	0.000000	0.000000	0.000000	1761332295.272395	0.000000
18.000000	38852.137488	39711.293842	-187500.022352	-187500.022352	92499.319315	82699.420476	95098.380160	-187500.022352	0.052000	0.994000	0.054000	192.000000	0.000000	0.000000	0.000000	0.000000	0.000000	0.000000	0.000000	0.000000	0.000000	1761332295.272437	0.000000
19.000000	38873.751625	39745.804935	-187500.022352	-187500.022352	92483.851908	82889.030324	94763.662787	-187500.022352	0.058000	0.994000	0.054000	192.000000	1.000000	208.000000	31.000000	16.000000	1.000000	176.000000	0.000000	0.000000	0.000000	1761332295.272465	0.000000
20.000000	38836.111288	39705.392981	-187500.022352	-187500.022352	92613.693191	83118.493333	94801.213718	-187500.022352	0.058000	0.994000	0.054000	192.000000	0.000000	0.000000	0.000000	0.000000	0.000000	0.000000	0.000000	0.000000	0.000000	1761332295.272495	0.000000
21.000000	38831.931511	39689.746760	-187500.022352	-187500.022352	92616.241290	82900.966156	95085.214983	-187500.022352	0.058000	0.994000	0.054000	192.000000	0.000000	0.000000	0.000000	0.000000	0.000000	0.000000	0.000000	0.000000	0.000000	1761332295.272522	0.000000
22.000000	38863.246305	39725.800124	-187500.022352	-187500.022352	92514.540853	82697.922909	95119.480207	-187500.022352	0.058000	0.994000	0.054000	192.000000	0.000000	0.000000	0.000000	0.000000	0.000000	0.000000	0.000000	0.000000	0.000000	1761332295.272550	0.000000
23.000000	38883.251117	39759.573610	-187500.022352	-187500.022352	92472.698387	82834.514419	94797.480976	-187500.022352	0.058000	0.994000	0.054000	192.000000	0.000000	0.000000	0.000000	0.000000	0.000000	0.000000	0.000000	0.000000	0.000000	1761332295.272579	0.000000
24.000000	38843.599122	39716.434743	-187500.022352	-187500.022352	92601.176214	83119.387402	94773.184630	-187500.022352	0.058000	0.994000	0.054000	192.000000	0.000000	0.000000	0.000000	0.000000	0.000000	0.000000	0.000000	0.000000	0.000000	1761332295.272729	0.000000
25.000000	38828.690508	39686.282240	-187500.022352	-187500.022352	92633.586244	82958.924229	95044.735973	-187500.022352	0.058000	0.994000	0.054000	192.000000	0.000000	0.000000	0.000000	0.000000	0.000000	0.000000	0.000000	0.000000	0.000000	1761332295.272799	0.000000
26.000000	38849.544686	39709.148074	-187500.022352	-187500.022352	92541.407650	82714.798476	95156.449992	-187500.022352	0.058000	0.994000	0.054000	192.000000	0.000000	0.000000	0.000000	0.000000	0.000000	0.000000	0.000000	0.000000	0.000000	1761332295.272830	0.000000
27.000000	38878.825471	39754.209191	-187500.022352	-187500.022352	92468.228038	82780.847881	94848.532361	-187500.022352	0.058000	0.994000	0.054000	192.000000	0.000000	0.000000	0.000000	0.000000	0.000000	0.000000	0.000000	0.000000	0.000000	1761332295.272858	0.000000
28.000000	38857.814831	39738.875894	-187500.022352	-187500.022352	92570.822545	83080.450664	94716.992344	-187500.022352	0.058000	0.994000	0.054000	192.000000	0.000000	0.000000	0.000000	0.000000	0.000000	0.000000	0.000000	0.000000	0.000000	1761332295.272887	0.000000
29.000000	38824.846008	39690.014981	-187500.022352	-187500.022352	92641.118782	83015.697660	94990.756511	-187500.022352	0.062000	0.992000	0.052000	192.000000	1.000000	240.000000	31.000000	0.000000	1.000000	160.000000	0.000000	0.000000	0.000000	1761332295.273025	0.000000
30.000000	38840.268712	39704.767132	-187500.022352	-187500.022352	92570.599028	82758.406730	95185.753129	-187500.022352	0.062000	0.992000	0.052000	192.000000	0.000000	0.000000	0.000000	0.000000	0.000000	0.000000	0.000000	0.000000	0.000000	1761332295.273151	0.000000
31.000000	38877.037332	39752.756328	-187500.022352	-187500.022352	92478.152213	82759.412558	94926.919928	-187500.022352	0.062000	0.992000	0.052000	192.000000	0.000000	0.000000	0.000000	0.000000	0.000000	0.000000	0.000000	0.000000	0.000000	1761332295.273189	0.000000
32.000000	38864.185079	39744.709700	-187500.022352	-187500.022352	92554.617531	83051.728672	94714.958336	-187500.022352	0.062000	0.992000	0.052000	192.000000	0.000000	0.000000	0.000000	0.000000	0.000000	0.000000	0.000000	0.000000	0.000000	1761332295.273253	0.000000
33.000000	38829.428116	39699.581528	-187500.022352	-187500.022352	92652.741689	83066.011437	94947.885865	-187500.022352	0.062000	0.992000	0.052000	192.000000	0.000000	0.000000	0.000000	0.000000	0.000000	0.000000	0.000000	0.000000	0.000000	1761332295.273282	0.000000
34.000000	38841.967445	39705.504740	-187500.022352	-187500.022352	92593.531918	82785.407637	95183.540307	-187500.022352	0.062000	0.992000	0.052000	192.000000	0.000000	0.000000	0.000000	0.000000	0.000000	0.000000	0.000000	0.000000	0.000000	1761332295.273371	0.000000
35.000000	38880.770073	39753.315121	-187500.022352	-187500.022352	92489.305733	82717.860665	94985.883830	-187500.022352	0.062000	0.992000	0.052000	192.000000	0.000000	0.000000	0.000000	0.000000	0.000000	0.000000	0.000000	0.000000	0.000000	1761332295.273399	0.000000
36.000000	38870.935305	39753.762156	-187500.022352	-187500.022352	92531.595234	82990.216671	94714.131321	-187500.022352	0.062000	0.992000	0.052000	192.000000	0.000000	0.000000	0.000000	0.000000	0.000000	0.000000	0.000000	0.000000	0.000000	1761332295.273427	0.000000
37.000000	38828.221122	39700.565004	-187500.022352	-187500.022352	92645.589131	83090.844225	94883.781062	-187500.022352	0.062000	0.992000	0.052000	192.000000	0.000000	0.000000	0.000000	0.000000	0.000000	0.000000	0.000000	0.000000	0.000000	1761332295.273454	0.000000
38.000000	38828.355232	39693.144225	-187500.022352	-187500.022352	92611.458017	82825.037280	95165.793021	-187500.022352	0.062000	0.992000	0.052000	192.000000	0.000000	0.000000	0.000000	0.000000	0.000000	0.000000	0.000000	0.000000	0.000000	1761332295.273482	0.000000
39.000000	38870.644733	39745.268493	-187500.022352	-187500.022352	92507.991792	82707.042421	95058.996386	-187500.022352	0.062000	0.992000	0.054000	192.000000	1.000000	240.000000	31.000000	0.000000	1.000000	176.000000	0.000000	0.000000	0.000000	1761332295.273510	0.000000
40.000000	38876.657352	39762.814613	-187500.022352	-187500.022352	92517.334821	82935.499601	94740.953415	-187500.022352	0.062000	0.992000	0.054000	192.000000	0.000000	0.000000	0.000000	0.000000	0.000000	0.000000	0.000000	0.000000	0.000000	1761332295.273538	0.000000
41.000000	38840.358119	39716.971185	-187500.022352	-187500.022352	92641.007023	83109.016193	94831.813256	-187500.022352	0.062000	0.992000	0.054000	192.000000	0.000000	0.000000	0.000000	0.000000	0.000000	0.000000	0.000000	0.000000	0.000000	1761332295.273565	0.000000
42.000000	38825.740078	39692.518376	-187500.022352	-187500.022352	92631.485180	82872.512385	95137.205140	-187500.022352	0.062000	0.992000	0.054000	192.000000	0.000000	0.000000	0.000000	0.000000	0.000000	0.000000	0.000000	0.000000	0.000000	1761332295.273592	0.000000
43.000000	38863.045140	39739.747612	-187500.022352	-187500.022352	92527.504865	82705.410743	95118.854358	-187500.022352	0.062000	0.992000	0.054000	192.000000	0.000000	0.000000	0.000000	0.000000	0.000000	0.000000	0.000000	0.000000	0.000000	1761332295.273618	0.000000
44.000000	38881.440625	39767.821403	-187500.022352	-187500.022352	92501.554489	82883.732961	94782.058273	-187500.022352	0.062000	0.992000	0.054000	192.000000	0.000000	0.000000	0.000000	0.000000	0.000000	0.000000	0.000000	0.000000	0.000000	1761332295.273776	0.000000
45.000000	38844.001453	39722.380307	-187500.022352	-187500.022352	92633.474485	83125.712946	94808.232165	-187500.022352	0.062000	0.992000	0.054000	192.000000	0.000000	0.000000	0.000000	0.000000	0.000000	0.000000	0.000000	0.000000	0.000000	1761332295.273804	0.000000
46.000000	38832.602064	39696.228766	-187500.022352	-187500.022352	92648.494857	82924.144915	95103.051675	-187500.022352	0.062000	0.992000	0.054000	192.000000	0.000000	0.000000	0.000000	0.000000	0.000000	0.000000	0.000000	0.000000	0.000000	1761332295.273831	0.000000
47.000000	38862.419291	39726.649490	-187500.022352	-187500.022352	92549.275464	82706.416572	95156.584103	-187500.022352	0.062000	0.992000	0.054000	192.000000	0.000000	0.000000	0.000000	0.000000	0.000000	0.000000	0.000000	0.000000	0.000000	1761332295.273858	0.000000
48.000000	38888.839053	39764.602752	-187500.022352	-187500.022352	92490.244507	82820.432820	94823.118427	-187500.022352	0.062000	0.992000	0.054000	192.000000	0.000000	0.000000	0.000000	0.000000	0.000000	0.000000	0.000000	0.000000	0.000000	1761332295.273885	0.000000
49.000000	38862.441643	39739.993482	-187500.022352	-187500.022352	92605.087770	83105.104638	94749.223560	-187500.022352	0.066000	0.996000	0.050000	192.000000	2.000000	16.000000	31.000000	32.000000	1.000000	144.000000	0.000000	0.000000	0.000000	1761332295.273933	0.000000
50.000000	38836.759488	39699.693286	-187500.022352	-187500.022352	92649.835962	82978.437302	95033.515398	-187500.022352	0.066000	0.996000	0.050000	192.000000	0.000000	0.000000	0.000000	0.000000	0.000000	0.000000	0.000000	0.000000	0.000000	1761332295.273962	0.000000
51.000000	38855.222029	39719.899263	-187500.022352	-187500.022352	92567.983874	82739.966540	95182.355664	-187500.022352	0.066000	0.996000	0.050000	192.000000	0.000000	0.000000	0.000000	0.000000	0.000000	0.000000	0.000000	0.000000	0.000000	1761332295.273988	0.000000
52.000000	38889.330791	39767.575534	-187500.022352	-187500.022352	92485.014198	82788.872157	94880.003617	-187500.022352	0.066000	0.996000	0.050000	192.000000	0.000000	0.000000	0.000000	0.000000	0.000000	0.000000	0.000000	0.000000	0.000000	1761332295.274015	0.000000
53.000000	38870.331808	39750.029415	-187500.022352	-187500.022352	92583.563040	83090.464245	94734.314946	-187500.022352	0.066000	0.996000	0.050000	192.000000	0.000000	0.000000	0.000000	0.000000	0.000000	0.000000	0.000000	0.000000	0.000000	1761332295.274042	0.000000
54.000000	38840.738099	39704.923595	-187500.022352	-187500.022352	92659.782488	83038.138811	94997.417330	-187500.022352	0.066000	0.996000	0.050000	192.000000	0.000000	0.000000	0.000000	0.000000	0.000000	0.000000	0.000000	0.000000	0.000000	1761332295.274069	0.000000
55.000000	38857.926590	39721.575644	-187500.022352	-187500.022352	92588.212203	82768.979105	95193.598592	-187500.022352	0.066000	0.996000	0.050000	192.000000	0.000000	0.000000	0.000000	0.000000	0.000000	0.000000	0.000000	0.000000	0.000000	1761332295.274095	0.000000
56.000000	38891.610669	39768.514308	-187500.022352	-187500.022352	92487.741111	82750.605971	94938.788705	-187500.022352	0.066000	0.996000	0.050000	192.000000	0.000000	0.000000	0.000000	0.000000	0.000000	0.000000	0.000000	0.000000	0.000000	1761332295.274121	0.000000
57.000000	38873.975143	39761.451156	-187500.022352	-187500.022352	92554.617531	83038.451736	94708.811606	-187500.022352	0.066000	0.996000	0.050000	192.000000	0.000000	0.000000	0.000000	0.000000	0.000000	0.000000	0.000000	0.000000	0.000000	1761332295.274148	0.000000
58.000000	38831.462125	39705.996478	-187500.022352	-187500.022352	92659.626026	83075.533280	94936.553530	-187500.022352	0.066000	0.996000	0.050000	192.000000	0.000000	0.000000	0.000000	0.000000	0.000000	0.000000	0.000000	0.000000	0.000000	1761332295.274174	0.000000
59.000000	38839.799325	39706.890548	-187500.022352	-187500.022352	92605.087770	82796.181178	95186.155461	-187500.022352	0.066000	1.002000	0.058000	192.000000	2.000000	16.000000	31.000000	80.000000	1.000000	208.000000	0.000000	0.000000	0.000000	1761332295.274200	0.000000
60.000000	38877.976105	39752.666921	-187500.022352	-187500.022352	92497.084140	82720.386412	95007.319153	-187500.022352	0.066000	1.002000	0.058000	192.000000	0.000000	0.000000	0.000000	0.000000	0.000000	0.000000	0.000000	0.000000	0.000000	1761332295.274359	0.000000
61.000000	38873.438701	39755.863220	-187500.022352	-187500.022352	92535.506789	82991.446017	94735.454885	-187500.022352	0.066000	1.002000	0.058000	192.000000	0.000000	0.000000	0.000000	0.000000	0.000000	0.000000	0.000000	0.000000	0.000000	1761332295.750642	0.000000
62.000000	38830.076317	39701.369667	-187500.022352	-187500.022352	92657.614369	83108.323289	94897.415626	-187500.022352	0.066000	1.002000	0.058000	192.000000	0.000000	0.000000	0.000000	0.000000	0.000000	0.000000	0.000000	0.000000	0.000000	1761332295.750751	0.000000
63.000000	38830.657462	39696.899318	-187500.022352	-187500.022352	92633.340375	82844.706815	95187.675379	-187500.022352	0.066000	1.002000	0.058000	192.000000	0.000000	0.000000	0.000000	0.000000	0.000000	0.000000	0.000000	0.000000	0.000000	1761332295.750812	0.000000
64.000000	38879.607782	39753.829211	-187500.022352	-187500.022352	92518.698277	82701.052153	95074.016759	-187500.022352	0.066000	1.002000	0.058000	192.000000	0.000000	0.000000	0.000000	0.000000	0.000000	0.000000	0.000000	0.000000	0.000000	1761332295.751000	0.000000
65.000000	38879.831300	39763.663979	-187500.022352	-187500.022352	92520.821693	82928.592912	94761.762889	-187500.022352	0.066000	1.002000	0.058000	192.000000	0.000000	0.000000	0.000000	0.000000	0.000000	0.000000	0.000000	0.000000	0.000000	1761332295.751029	0.000000
66.000000	38841.699224	39719.362822	-187500.022352	-187500.022352	92647.287863	83122.293129	94846.855980	-187500.022352	0.066000	1.002000	0.058000	192.000000	0.000000	0.000000	0.000000	0.000000	0.000000	0.000000	0.000000	0.000000	0.000000	1761332295.751051	0.000000
67.000000	38832.669119	39702.934289	-187500.022352	-187500.022352	92635.799067	82884.314106	95134.522931	-187500.022352	0.066000	1.002000	0.058000	192.000000	0.000000	0.000000	0.000000	0.000000	0.000000	0.000000	0.000000	0.000000	0.000000	1761332295.751094	0.000000
68.000000	38864.520355	39740.909903	-187500.022352	-187500.022352	92530.209426	82710.931624	95135.014669	-187500.022352	0.066000	1.002000	0.058000	192.000000	0.000000	0.000000	0.000000	0.000000	0.000000	0.000000	0.000000	0.000000	0.000000	1761332295.751115	0.000000
69.000000	38887.252079	39770.615372	-187500.022352	-187500.022352	92490.423321	82877.429769	94793.368255	-187500.022352	0.064000	1.000000	0.056000	192.000000	2.000000	0.000000	31.000000	64.000000	1.000000	192.000000	0.000000	0.000000	0.000000	1761332295.751135	0.000000
70.000000	38844.068509	39722.916749	-187500.022352	-187500.022352	92616.621270	83138.833420	94808.031000	-187500.022352	0.064000	1.000000	0.056000	192.000000	0.000000	0.000000	0.000000	0.000000	0.000000	0.000000	0.000000	0.000000	0.000000	1761332295.751157	0.000000
71.000000	38826.008299	39692.965411	-187500.022352	-187500.022352	92639.978843	82958.745415	95120.955422	-187500.022352	0.064000	1.000000	0.056000	192.000000	0.000000	0.000000	0.000000	0.000000	0.000000	0.000000	0.000000	0.000000	0.000000	1761332295.751176	0.000000
72.000000	38860.228820	39731.142191	-187500.022352	-187500.022352	92538.412516	82727.986005	95183.160327	-187500.022352	0.064000	1.000000	0.056000	192.000000	0.000000	0.000000	0.000000	0.000000	0.000000	0.000000	0.000000	0.000000	0.000000	1761332295.751196	0.000000
73.000000	38888.257907	39774.571630	-187500.022352	-187500.022352	92467.266913	82818.376460	94841.737430	-187500.022352	0.064000	1.000000	0.056000	192.000000	0.000000	0.000000	0.000000	0.000000	0.000000	0.000000	0.000000	0.000000	0.000000	1761332295.751215	0.000000
74.000000	38854.730291	39740.485220	-187500.022352	-187500.022352	92581.014941	83106.557501	94756.599636	-187500.022352	0.064000	1.000000	0.056000	192.000000	0.000000	0.000000	0.000000	0.000000	0.000000	0.000000	0.000000	0.000000	0.000000	1761332295.751234	0.000000
75.000000	38821.694412	39693.010115	-187500.022352	-187500.022352	92634.569721	82992.965936	95045.115953	-187500.022352	0.064000	1.000000	0.056000	192.000000	0.000000	0.000000	0.000000	0.000000	0.000000	0.000000	0.000000	0.000000	0.000000	1761332295.751254	0.000000
76.000000	38850.125831	39718.804028	-187500.022352	-187500.022352	92549.051946	82737.194924	95190.849327	-187500.022352	0.064000	1.000000	0.056000	192.000000	0.000000	0.000000	0.000000	0.000000	0.000000	0.000000	0.000000	0.000000	0.000000	1761332295.751273	0.000000
77.000000	38888.213204	39767.240258	-187500.022352	-187500.022352	92456.046338	82764.218183	94886.485623	-187500.022352	0.064000	1.000000	0.056000	192.000000	0.000000	0.000000	0.000000	0.000000	0.000000	0.000000	0.000000	0.000000	0.000000	1761332295.751292	0.000000
78.000000	38867.202564	39750.498802	-187500.022352	-187500.022352	92546.503847	83062.189288	94713.080789	-187500.022352	0.064000	1.000000	0.056000	192.000000	0.000000	0.000000	0.000000	0.000000	0.000000	0.000000	0.000000	0.000000	0.000000	1761332295.751311	0.000000
79.000000	38834.904293	39705.571795	-187500.022352	-187500.022352	92630.769924	83026.582959	94952.423269	-187500.022352	0.064000	0.994000	0.054000	192.000000	2.000000	0.000000	31.000000	16.000000	1.000000	176.000000	0.000000	0.000000	0.000000	1761332295.751330	0.000000
80.000000	38845.856648	39713.171388	-187500.022352	-187500.022352	92569.839069	82760.843070	95164.541324	-187500.022352	0.064000	0.994000	0.054000	192.000000	0.000000	0.000000	0.000000	0.000000	0.000000	0.000000	0.000000	0.000000	0.000000	1761332295.751382	0.000000
81.000000	38888.928460	39767.463776	-187500.022352	-187500.022352	92472.005483	82726.846066	94923.768332	-187500.022352	0.064000	0.994000	0.054000	192.000000	0.000000	0.000000	0.000000	0.000000	0.000000	0.000000	0.000000	0.000000	0.000000	1761332295.751402	0.000000
82.000000	38871.270582	39757.025511	-187500.022352	-187500.022352	92538.591330	83019.139829	94694.908821	-187500.022352	0.064000	0.994000	0.054000	192.000000	0.000000	0.000000	0.000000	0.000000	0.000000	0.000000	0.000000	0.000000	0.000000	1761332295.751421	0.000000
83.000000	38837.072413	39710.086848	-187500.022352	-187500.022352	92643.577474	83065.005608	94894.621658	-187500.022352	0.064000	0.994000	0.054000	192.000000	0.000000	0.000000	0.000000	0.000000	0.000000	0.000000	0.000000	0.000000	0.000000	1761332295.751441	0.000000
84.000000	38844.739061	39709.349240	-187500.022352	-187500.022352	92603.344334	82794.348335	95156.718213	-187500.022352	0.064000	0.994000	0.054000	192.000000	0.000000	0.000000	0.000000	0.000000	0.000000	0.000000	0.000000	0.000000	0.000000	1761332295.751460	0.000000
85.000000	38873.773977	39747.436613	-187500.022352	-187500.022352	92502.672077	82713.099743	95014.494063	-187500.022352	0.064000	0.994000	0.054000	192.000000	0.000000	0.000000	0.000000	0.000000	0.000000	0.000000	0.000000	0.000000	0.000000	1761332295.751480	0.000000
86.000000	38872.723445	39761.138232	-187500.022352	-187500.022352	92528.577748	82969.138976	94725.888339	-187500.022352	0.064000	0.994000	0.054000	192.000000	0.000000	0.000000	0.000000	0.000000	0.000000	0.000000	0.000000	0.000000	0.000000	1761332295.751499	0.000000
87.000000	38829.785744	39707.851673	-187500.022352	-187500.022352	92652.965206	83111.050202	94880.204783	-187500.022352	0.064000	0.994000	0.054000	192.000000	0.000000	0.000000	0.000000	0.000000	0.000000	0.000000	0.000000	0.000000	0.000000	1761332295.751518	0.000000
88.000000	38835.552494	39702.151978	-187500.022352	-187500.022352	92629.540578	82854.183954	95167.804678	-187500.022352	0.064000	0.994000	0.054000	192.000000	0.000000	0.000000	0.000000	0.000000	0.000000	0.000000	0.000000	0.000000	0.000000	1761332295.751538	0.000000
89.000000	38877.864346	39749.917656	-187500.022352	-187500.022352	92519.882920	82702.482665	95077.123651	-187500.022352	0.062000	0.994000	0.050000	192.000000	1.000000	240.000000	31.000000	16.000000	1.000000	144.000000	0.000000	0.000000	0.000000	1761332295.751557	0.000000
90.000000	38886.626230	39768.067273	-187500.022352	-187500.022352	92514.183225	82914.533665	94754.900903	-187500.022352	0.062000	0.994000	0.050000	192.000000	0.000000	0.000000	0.000000	0.000000	0.000000	0.000000	0.000000	0.000000	0.000000	1761332295.751578	0.000000
91.000000	38847.063642	39722.425010	-187500.022352	-187500.022352	92644.717413	83125.042394	94824.973622	-187500.022352	0.062000	0.994000	0.050000	192.000000	0.000000	0.000000	0.000000	0.000000	0.000000	0.000000	0.000000	0.000000	0.000000	1761332295.751597	0.000000
92.000000	38843.263846	39707.583452	-187500.022352	-187500.022352	92636.268453	82887.599812	95100.101244	-187500.022352	0.062000	0.994000	0.050000	192.000000	0.000000	0.000000	0.000000	0.000000	0.000000	0.000000	0.000000	0.000000	0.000000	1761332295.751616	0.000000
93.000000	38879.920707	39747.548371	-187500.022352	-187500.022352	92530.276481	82697.051191	95104.526890	-187500.022352	0.062000	0.994000	0.050000	192.000000	0.000000	0.000000	0.000000	0.000000	0.000000	0.000000	0.000000	0.000000	0.000000	1761332295.751635	0.000000
94.000000	38904.507626	39784.451101	-187500.022352	-187500.022352	92487.785815	82848.238390	94766.903790	-187500.022352	0.062000	0.994000	0.050000	192.000000	0.000000	0.000000	0.000000	0.000000	0.000000	0.000000	0.000000	0.000000	0.000000	1761332295.751655	0.000000
95.000000	38859.692378	39739.837019	-187500.022352	-187500.022352	92615.101351	83122.091964	94766.210886	-187500.022352	0.062000	0.994000	0.050000	192.000000	0.000000	0.000000	0.000000	0.000000	0.000000	0.000000	0.000000	0.000000	0.000000	1761332295.751686	0.000000
96.000000	38838.547628	39705.884720	-187500.022352	-187500.022352	92644.739764	82959.080691	95070.820459	-187500.022352	0.062000	0.994000	0.050000	192.000000	0.000000	0.000000	0.000000	0.000000	0.000000	0.000000	0.000000	0.000000	0.000000	1761332295.751706	0.000000
97.000000	38876.523242	39746.631950	-187500.022352	-187500.022352	92546.257978	82727.226046	95153.812486	-187500.022352	0.062000	0.994000	0.050000	192.000000	0.000000	0.000000	0.000000	0.000000	0.000000	0.000000	0.000000	0.000000	0.000000	1761332295.751726	0.000000
98.000000	38907.033373	39790.798997	-187500.022352	-187500.022352	92467.088099	82800.539768	94816.368200	-187500.022352	0.062000	0.994000	0.050000	192.000000	0.000000	0.000000	0.000000	0.000000	0.000000	0.000000	0.000000	0.000000	0.000000	1761332295.751745	0.000000
99.000000	38869.258925	39753.940970	-187500.022352	-187500.022352	92578.176269	83096.901548	94721.306231	-187500.022352	0.064000	0.998000	0.052000	192.000000	2.000000	0.000000	31.000000	48.000000	1.000000	160.000000	0.000000	0.000000	0.000000	1761332295.751764	0.000000
100.000000	38836.625378	39703.604842	-187500.022352	-187500.022352	92638.570683	83007.248701	95006.894470	-187500.022352	0.064000	0.998000	0.052000	192.000000	0.000000	0.000000	0.000000	0.000000	0.000000	0.000000	0.000000	0.000000	0.000000	1761332295.751785	0.000000
101.000000	38855.780823	39721.016851	-187500.022352	-187500.022352	92556.919760	82750.695378	95173.772594	-187500.022352	0.064000	0.998000	0.052000	192.000000	0.000000	0.000000	0.000000	0.000000	0.000000	0.000000	0.000000	0.000000	0.000000	1761332295.751804	0.000000
102.000000	38897.690344	39775.063369	-187500.022352	-187500.022352	92465.568181	82762.765320	94884.049283	-187500.022352	0.064000	0.998000	0.052000	192.000000	0.000000	0.000000	0.000000	0.000000	0.000000	0.000000	0.000000	0.000000	0.000000	1761332295.751824	0.000000
103.000000	38873.773977	39758.947761	-187500.022352	-187500.022352	92554.550475	83071.867594	94716.411199	-187500.022352	0.064000	0.998000	0.052000	192.000000	0.000000	0.000000	0.000000	0.000000	0.000000	0.000000	0.000000	0.000000	0.000000	1761332295.751844	0.000000
104.000000	38834.010224	39707.225824	-187500.022352	-187500.022352	92636.804895	83059.082396	94958.681757	-187500.022352	0.064000	0.998000	0.052000	192.000000	0.000000	0.000000	0.000000	0.000000	0.000000	0.000000	0.000000	0.000000	0.000000	1761332295.751863	0.000000
105.000000	38851.645750	39722.648528	-187500.022352	-187500.022352	92565.122851	82775.483462	95163.870771	-187500.022352	0.064000	0.998000	0.052000	192.000000	0.000000	0.000000	0.000000	0.000000	0.000000	0.000000	0.000000	0.000000	0.000000	1761332295.751883	0.000000
106.000000	38888.190852	39768.871935	-187500.022352	-187500.022352	92466.216381	82733.037500	94945.762449	-187500.022352	0.064000	0.998000	0.052000	192.000000	0.000000	0.000000	0.000000	0.000000	0.000000	0.000000	0.000000	0.000000	0.000000	1761332295.751902	0.000000
107.000000	38880.859480	39767.530831	-187500.022352	-187500.022352	92526.901368	83017.351689	94701.524937	-187500.022352	0.064000	0.998000	0.052000	192.000000	0.000000	0.000000	0.000000	0.000000	0.000000	0.000000	0.000000	0.000000	0.000000	1761332295.751921	0.000000
108.000000	38840.134602	39715.294804	-187500.022352	-187500.022352	92636.111991	83087.625574	94887.469099	-187500.022352	0.064000	0.998000	0.052000	192.000000	0.000000	0.000000	0.000000	0.000000	0.000000	0.000000	0.000000	0.000000	0.000000	1761332295.751940	0.000000
109.000000	38843.777936	39710.422124	-187500.022352	-187500.022352	92591.654371	82815.224864	95147.710460	-187500.022352	0.068000	0.996000	0.058000	192.000000	2.000000	32.000000	31.000000	32.000000	1.000000	208.000000	0.000000	0.000000	0.000000	1761332295.751959	0.000000
110.000000	38883.117006	39762.099357	-187500.022352	-187500.022352	92484.768329	82708.562339	94999.518394	-187500.022352	0.068000	0.996000	0.058000	192.000000	0.000000	0.000000	0.000000	0.000000	0.000000	0.000000	0.000000	0.000000	0.000000	1761332295.751991	0.000000
111.000000	38877.350256	39767.419072	-187500.022352	-187500.022352	92510.316373	82960.198278	94711.113836	-187500.022352	0.068000	0.996000	0.058000	192.000000	0.000000	0.000000	0.000000	0.000000	0.000000	0.000000	0.000000	0.000000	0.000000	1761332295.752011	0.000000
112.000000	38833.205561	39711.047973	-187500.022352	-187500.022352	92641.141133	83119.275644	94854.142648	-187500.022352	0.068000	0.996000	0.058000	192.000000	0.000000	0.000000	0.000000	0.000000	0.000000	0.000000	0.000000	0.000000	0.000000	1761332295.752030	0.000000
113.000000	38835.284273	39700.050914	-187500.022352	-187500.022352	92613.804950	82851.971132	95121.000126	-187500.022352	0.068000	0.996000	0.058000	192.000000	0.000000	0.000000	0.000000	0.000000	0.000000	0.000000	0.000000	0.000000	0.000000	1761332295.752050	0.000000
114.000000	38871.114119	39744.732051	-187500.022352	-187500.022352	92510.986925	82699.934566	95062.952645	-187500.022352	0.068000	0.996000	0.058000	192.000000	0.000000	0.000000	0.000000	0.000000	0.000000	0.000000	0.000000	0.000000	0.000000	1761332295.752075	0.000000
115.000000	38875.360951	39764.915677	-187500.022352	-187500.022352	92504.013181	82903.536606	94745.200246	-187500.022352	0.068000	0.996000	0.058000	192.000000	0.000000	0.000000	0.000000	0.000000	0.000000	0.000000	0.000000	0.000000	0.000000	1761332295.752095	0.000000
116.000000	38836.983006	39719.429877	-187500.022352	-187500.022352	92639.397697	83129.691557	94804.544128	-187500.022352	0.068000	0.996000	0.058000	192.000000	0.000000	0.000000	0.000000	0.000000	0.000000	0.000000	0.000000	0.000000	0.000000	1761332295.752115	0.000000
117.000000	38829.249302	39695.647621	-187500.022352	-187500.022352	92643.421011	82914.868941	95101.375294	-187500.022352	0.068000	0.996000	0.058000	192.000000	0.000000	0.000000	0.000000	0.000000	0.000000	0.000000	0.000000	0.000000	0.000000	1761332295.752134	0.000000
118.000000	38863.916858	39734.025566	-187500.022352	-187500.022352	92542.502885	82714.686717	95131.617204	-187500.022352	0.068000	0.996000	0.058000	192.000000	0.000000	0.000000	0.000000	0.000000	0.000000	0.000000	0.000000	0.000000	0.000000	1761332295.752154	0.000000
119.000000	38889.107274	39772.112938	-187500.022352	-187500.022352	92493.574917	82844.818574	94789.993142	-187500.022352	0.066000	0.996000	0.056000	192.000000	2.000000	16.000000	31.000000	32.000000	1.000000	192.000000	0.000000	0.000000	0.000000	1761332295.752174	0.000000
120.000000	38851.109308	39732.192723	-187500.022352	-187500.022352	92618.454113	83118.135705	94759.281845	-187500.022352	0.066000	0.996000	0.056000	192.000000	0.000000	0.000000	0.000000	0.000000	0.000000	0.000000	0.000000	0.000000	0.000000	1761332295.752195	0.000000
121.000000	38831.216256	39694.306516	-187500.022352	-187500.022352	92653.658110	82966.121491	95052.424974	-187500.022352	0.066000	0.996000	0.056000	192.000000	0.000000	0.000000	0.000000	0.000000	0.000000	0.000000	0.000000	0.000000	0.000000	1761332295.752217	0.000000
122.000000	38862.553401	39727.923540	-187500.022352	-187500.022352	92561.591275	82727.695433	95161.009748	-187500.022352	0.066000	0.996000	0.056000	192.000000	0.000000	0.000000	0.000000	0.000000	0.000000	0.000000	0.000000	0.000000	0.000000	1761332295.752237	0.000000
123.000000	38895.969259	39773.275229	-187500.022352	-187500.022352	92478.085158	82784.200643	94833.623747	-187500.022352	0.066000	0.996000	0.056000	192.000000	0.000000	0.000000	0.000000	0.000000	0.000000	0.000000	0.000000	0.000000	0.000000	1761332295.752256	0.000000
124.000000	38865.660294	39741.066365	-187500.022352	-187500.022352	92585.619400	83090.888928	94730.693964	-187500.022352	0.066000	0.996000	0.056000	192.000000	0.000000	0.000000	0.000000	0.000000	0.000000	0.000000	0.000000	0.000000	0.000000	1761332295.752276	0.000000
125.000000	38839.844029	39705.594147	-187500.022352	-187500.022352	92642.348128	83008.388639	94989.683627	-187500.022352	0.066000	0.996000	0.056000	192.000000	0.000000	0.000000	0.000000	0.000000	0.000000	0.000000	0.000000	0.000000	0.000000	1761332295.752295	0.000000
126.000000	38859.759433	39724.459019	-187500.022352	-187500.022352	92557.344443	82741.620569	95154.818315	-187500.022352	0.066000	0.996000	0.056000	192.000000	0.000000	0.000000	0.000000	0.000000	0.000000	0.000000	0.000000	0.000000	0.000000	1761332295.752328	0.000000
127.000000	38896.013963	39770.637723	-187500.022352	-187500.022352	92463.712986	82747.253209	94889.525460	-187500.022352	0.066000	0.996000	0.056000	192.000000	0.000000	0.000000	0.000000	0.000000	0.000000	0.000000	0.000000	0.000000	0.000000	1761332295.752347	0.000000
128.000000	38874.869212	39755.684406	-187500.022352	-187500.022352	92544.402783	83046.297198	94698.753321	-187500.022352	0.066000	0.996000	0.056000	192.000000	0.000000	0.000000	0.000000	0.000000	0.000000	0.000000	0.000000	0.000000	0.000000	1761332295.752366	0.000000
129.000000	38830.433945	39702.643717	-187500.022352	-187500.022352	92639.800029	83059.149451	94945.650690	-187500.022352	0.072000	0.994000	0.056000	192.000000	2.000000	64.000000	31.000000	16.000000	1.000000	192.000000	0.000000	0.000000	0.000000	1761332295.752385	0.000000
130.000000	38847.041291	39718.625214	-187500.022352	-187500.022352	92578.511545	82785.027657	95175.091347	-187500.022352	0.072000	0.994000	0.056000	192.000000	0.000000	0.000000	0.000000	0.000000	0.000000	0.000000	0.000000	0.000000	0.000000	1761332295.752405	0.000000
131.000000	38886.805044	39763.663979	-187500.022352	-187500.022352	92475.738224	82729.796497	94978.172478	-187500.022352	0.072000	0.994000	0.056000	192.000000	0.000000	0.000000	0.000000	0.000000	0.000000	0.000000	0.000000	0.000000	0.000000	1761332295.752424	0.000000
132.000000	38877.596125	39761.540563	-187500.022352	-187500.022352	92522.386315	83002.264262	94713.281955	-187500.022352	0.072000	0.994000	0.056000	192.000000	0.000000	0.000000	0.000000	0.000000	0.000000	0.000000	0.000000	0.000000	0.000000	1761332295.752443	0.000000
133.000000	38831.462125	39704.722429	-187500.022352	-187500.022352	92639.442401	83106.848074	94905.506957	-187500.022352	0.072000	0.994000	0.056000	192.000000	0.000000	0.000000	0.000000	0.000000	0.000000	0.000000	0.000000	0.000000	0.000000	1761332295.752462	0.000000
134.000000	38839.151125	39704.051877	-187500.022352	-187500.022352	92601.042104	82841.845792	95181.305132	-187500.022352	0.072000	0.994000	0.056000	192.000000	0.000000	0.000000	0.000000	0.000000	0.000000	0.000000	0.000000	0.000000	0.000000	1761332295.752481	0.000000
135.000000	38887.632059	39761.205287	-187500.022352	-187500.022352	92490.333914	82717.190113	95043.149000	-187500.022352	0.072000	0.994000	0.056000	192.000000	0.000000	0.000000	0.000000	0.000000	0.000000	0.000000	0.000000	0.000000	0.000000	1761332295.752499	0.000000
136.000000	38883.854614	39768.983694	-187500.022352	-187500.022352	92504.929603	82955.906744	94737.757115	-187500.022352	0.072000	0.994000	0.056000	192.000000	0.000000	0.000000	0.000000	0.000000	0.000000	0.000000	0.000000	0.000000	0.000000	1761332295.752519	0.000000
137.000000	38845.789593	39722.179141	-187500.022352	-187500.022352	92632.714526	83129.959778	94849.202913	-187500.022352	0.072000	0.994000	0.056000	192.000000	0.000000	0.000000	0.000000	0.000000	0.000000	0.000000	0.000000	0.000000	0.000000	1761332295.752538	0.000000
138.000000	38843.576770	39708.611632	-187500.022352	-187500.022352	92609.356953	82877.876804	95124.263480	-187500.022352	0.072000	0.994000	0.056000	192.000000	0.000000	0.000000	0.000000	0.000000	0.000000	0.000000	0.000000	0.000000	0.000000	1761332295.752558	0.000000
139.000000	38877.685532	39750.923485	-187500.022352	-187500.022352	92501.778007	82711.244549	95084.164451	-187500.022352	0.068000	0.994000	0.058000	192.000000	2.000000	32.000000	31.000000	16.000000	1.000000	208.000000	0.000000	0.000000	0.000000	1761332295.752577	0.000000
140.000000	38886.916803	39774.325761	-187500.022352	-187500.022352	92487.495242	82899.312127	94767.373176	-187500.022352	0.068000	0.994000	0.058000	192.000000	0.000000	0.000000	0.000000	0.000000	0.000000	0.000000	0.000000	0.000000	0.000000	1761332295.752597	0.000000
141.000000	38844.426137	39726.917711	-187500.022352	-187500.022352	92623.103276	83138.945179	94817.016401	-187500.022352	0.068000	0.994000	0.058000	192.000000	0.000000	0.000000	0.000000	0.000000	0.000000	0.000000	0.000000	0.000000	0.000000	1761332295.752629	0.000000
142.000000	38837.161820	39704.253042	-187500.022352	-187500.022352	92622.902110	82923.407307	95092.568707	-187500.022352	0.068000	0.994000	0.058000	192.000000	0.000000	0.000000	0.000000	0.000000	0.000000	0.000000	0.000000	0.000000	0.000000	1761332295.752648	0.000000
143.000000	38875.807986	39741.736918	-187500.022352	-187500.022352	92521.156969	82712.585653	95130.566672	-187500.022352	0.068000	0.994000	0.058000	192.000000	0.000000	0.000000	0.000000	0.000000	0.000000	0.000000	0.000000	0.000000	0.000000	1761332295.752667	0.000000
144.000000	38903.077114	39778.349075	-187500.022352	-187500.022352	92469.680902	82836.168448	94802.487767	-187500.022352	0.068000	0.994000	0.058000	192.000000	0.000000	0.000000	0.000000	0.000000	0.000000	0.000000	0.000000	0.000000	0.000000	1761332295.752687	0.000000
145.000000	38863.827451	39742.139249	-187500.022352	-187500.022352	92598.091674	83124.997690	94767.172011	-187500.022352	0.068000	0.994000	0.058000	192.000000	0.000000	0.000000	0.000000	0.000000	0.000000	0.000000	0.000000	0.000000	0.000000	1761332295.752705	0.000000
146.000000	38844.873171	39709.237481	-187500.022352	-187500.022352	92636.782543	82981.141863	95052.603787	-187500.022352	0.068000	0.994000	0.058000	192.000000	0.000000	0.000000	0.000000	0.000000	0.000000	0.000000	0.000000	0.000000	0.000000	1761332295.752723	0.000000
147.000000	38876.813814	39739.680557	-187500.022352	-187500.022352	92537.674908	82725.504962	95155.690033	-187500.022352	0.068000	0.994000	0.058000	192.000000	0.000000	0.000000	0.000000	0.000000	0.000000	0.000000	0.000000	0.000000	0.000000	1761332295.752742	0.000000
148.000000	38904.351163	39778.729055	-187500.022352	-187500.022352	92460.226114	82783.664201	94859.752936	-187500.022352	0.068000	0.994000	0.058000	192.000000	0.000000	0.000000	0.000000	0.000000	0.000000	0.000000	0.000000	0.000000	0.000000	1761332295.752761	0.000000
149.000000	38872.768149	39750.252932	-187500.022352	-187500.022352	92569.034406	83095.694553	94751.190514	-187500.022352	0.066000	0.996000	0.054000	192.000000	2.000000	16.000000	31.000000	32.000000	1.000000	176.000000	0.000000	0.000000	0.000000	1761332295.752780	0.000000
150.000000	38843.263846	39705.437685	-187500.022352	-187500.022352	92637.497799	83034.920160	95012.482406	-187500.022352	0.066000	0.996000	0.054000	192.000000	0.000000	0.000000	0.000000	0.000000	0.000000	0.000000	0.000000	0.000000	0.000000	1761332295.752800	0.000000
151.000000	38872.432872	39729.465810	-187500.022352	-187500.022352	92551.778859	82750.047177	95171.000978	-187500.022352	0.066000	0.996000	0.054000	192.000000	0.000000	0.000000	0.000000	0.000000	0.000000	0.000000	0.000000	0.000000	0.000000	1761332295.752818	0.000000
152.000000	38910.877873	39779.623125	-187500.022352	-187500.022352	92454.280550	82735.473840	94904.992867	-187500.022352	0.066000	0.996000	0.054000	192.000000	0.000000	0.000000	0.000000	0.000000	0.000000	0.000000	0.000000	0.000000	0.000000	1761332295.752837	0.000000
153.000000	38888.146149	39765.385063	-187500.022352	-187500.022352	92538.323109	83042.050367	94712.142016	-187500.022352	0.066000	0.996000	0.054000	192.000000	0.000000	0.000000	0.000000	0.000000	0.000000	0.000000	0.000000	0.000000	0.000000	1761332295.752855	0.000000
154.000000	38842.369776	39705.147112	-187500.022352	-187500.022352	92644.203322	83080.674181	94960.581656	-187500.022352	0.066000	0.996000	0.054000	192.000000	0.000000	0.000000	0.000000	0.000000	0.000000	0.000000	0.000000	0.000000	0.000000	1761332295.752874	0.000000
155.000000	38860.877020	39719.072249	-187500.022352	-187500.022352	92580.657313	82794.191872	95184.412025	-187500.022352	0.066000	0.996000	0.054000	192.000000	0.000000	0.000000	0.000000	0.000000	0.000000	0.000000	0.000000	0.000000	0.000000	1761332295.752893	0.000000
156.000000	38905.356992	39774.504575	-187500.022352	-187500.022352	92474.307713	82715.849008	94980.832336	-187500.022352	0.066000	0.996000	0.054000	192.000000	0.000000	0.000000	0.000000	0.000000	0.000000	0.000000	0.000000	0.000000	0.000000	1761332295.752925	0.000000
157.000000	38894.583451	39771.420034	-187500.022352	-187500.022352	92525.828484	82996.899843	94727.095333	-187500.022352	0.066000	0.996000	0.054000	192.000000	0.000000	0.000000	0.000000	0.000000	0.000000	0.000000	0.000000	0.000000	0.000000	1761332295.752944	0.000000
158.000000	38851.779860	39721.530941	-187500.022352	-187500.022352	92646.483200	83112.033679	94893.951105	-187500.022352	0.066000	0.996000	0.054000	192.000000	0.000000	0.000000	0.000000	0.000000	0.000000	0.000000	0.000000	0.000000	0.000000	1761332295.752963	0.000000
159.000000	38849.008244	39711.897339	-187500.022352	-187500.022352	92618.051781	82859.011931	95180.500469	-187500.022352	0.060000	0.992000	0.054000	192.000000	1.000000	224.000000	31.000000	0.000000	1.000000	176.000000	0.000000	0.000000	0.000000	1761332295.752982	0.000000
160.000000	38892.907070	39764.893325	-187500.022352	-187500.022352	92511.277498	82731.361119	95073.882648	-187500.022352	0.060000	0.992000	0.054000	192.000000	0.000000	0.000000	0.000000	0.000000	0.000000	0.000000	0.000000	0.000000	0.000000	1761332295.753100	0.000000
161.000000	38901.892472	39786.641572	-187500.022352	-187500.022352	92516.463103	82951.883430	94754.766793	-187500.022352	0.060000	0.992000	0.054000	192.000000	0.000000	0.000000	0.000000	0.000000	0.000000	0.000000	0.000000	0.000000	0.000000	1761332295.753128	0.000000
162.000000	38860.407634	39740.216999	-187500.022352	-187500.022352	92649.970073	83148.221153	94865.363224	-187500.022352	0.060000	0.992000	0.054000	192.000000	0.000000	0.000000	0.000000	0.000000	0.000000	0.000000	0.000000	0.000000	0.000000	1761332295.753149	0.000000
163.000000	38859.737081	39728.459981	-187500.022352	-187500.022352	92631.887511	82903.983641	95141.943710	-187500.022352	0.060000	0.992000	0.054000	192.000000	0.000000	0.000000	0.000000	0.000000	0.000000	0.000000	0.000000	0.000000	0.000000	1761332295.753169	0.000000
164.000000	38892.772960	39764.602752	-187500.022352	-187500.022352	92522.431019	82725.527313	95116.641535	-187500.022352	0.060000	0.992000	0.054000	192.000000	0.000000	0.000000	0.000000	0.000000	0.000000	0.000000	0.000000	0.000000	0.000000	1761332295.753189	0.000000
165.000000	38906.809855	39791.134273	-187500.022352	-187500.022352	92493.641972	82891.265499	94785.165165	-187500.022352	0.060000	0.992000	0.054000	192.000000	0.000000	0.000000	0.000000	0.000000	0.000000	0.000000	0.000000	0.000000	0.000000	1761332295.753209	0.000000
166.000000	38868.655428	39752.555162	-187500.022352	-187500.022352	92620.376363	83142.208534	94804.722941	-187500.022352	0.060000	0.992000	0.054000	192.000000	0.000000	0.000000	0.000000	0.000000	0.000000	0.000000	0.000000	0.000000	0.000000	1761332295.753229	0.000000
167.000000	38846.840125	39715.451266	-187500.022352	-187500.022352	92632.178084	82955.862040	95094.490957	-187500.022352	0.060000	0.992000	0.054000	192.000000	0.000000	0.000000	0.000000	0.000000	0.000000	0.000000	0.000000	0.000000	0.000000	1761332295.753248	0.000000
168.000000	38874.869212	39743.390947	-187500.022352	-187500.022352	92538.278405	82745.263904	95168.922266	-187500.022352	0.060000	0.992000	0.054000	192.000000	0.000000	0.000000	0.000000	0.000000	0.000000	0.000000	0.000000	0.000000	0.000000	1761332295.753295	0.000000
169.000000	38903.837073	39783.534680	-187500.022352	-187500.022352	92483.874259	82851.412338	94846.498352	-187500.022352	0.058000	0.994000	0.054000	192.000000	1.000000	208.000000	31.000000	16.000000	1.000000	176.000000	0.000000	0.000000	0.000000	1761332295.753338	0.000000
170.000000	38874.757454	39752.264589	-187500.022352	-187500.022352	92599.321020	83130.764440	94766.724976	-187500.022352	0.058000	0.994000	0.054000	192.000000	0.000000	0.000000	0.000000	0.000000	0.000000	0.000000	0.000000	0.000000	0.000000	1761332295.753360	0.000000
171.000000	38847.443622	39709.416295	-187500.022352	-187500.022352	92644.873875	83010.422648	95050.636834	-187500.022352	0.058000	0.994000	0.054000	192.000000	0.000000	0.000000	0.000000	0.000000	0.000000	0.000000	0.000000	0.000000	0.000000	1761332295.753379	0.000000
172.000000	38876.545593	39740.149944	-187500.022352	-187500.022352	92552.203542	82750.494212	95180.902801	-187500.022352	0.058000	0.994000	0.054000	192.000000	0.000000	0.000000	0.000000	0.000000	0.000000	0.000000	0.000000	0.000000	0.000000	1761332295.753547	0.000000
173.000000	38903.345335	39777.365598	-187500.022352	-187500.022352	92470.932599	82788.805102	94892.900573	-187500.022352	0.058000	0.994000	0.054000	192.000000	0.000000	0.000000	0.000000	0.000000	0.000000	0.000000	0.000000	0.000000	0.000000	1761332295.753567	0.000000
174.000000	38881.731198	39763.261648	-187500.022352	-187500.022352	92568.475612	83090.888928	94749.268263	-187500.022352	0.058000	0.994000	0.054000	192.000000	0.000000	0.000000	0.000000	0.000000	0.000000	0.000000	0.000000	0.000000	0.000000	1761332295.753587	0.000000
175.000000	38839.307587	39710.578586	-187500.022352	-187500.022352	92643.510418	83054.567344	95009.621383	-187500.022352	0.058000	0.994000	0.054000	192.000000	0.000000	0.000000	0.000000	0.000000	0.000000	0.000000	0.000000	0.000000	0.000000	1761332295.753607	0.000000
176.000000	38859.446509	39728.661147	-187500.022352	-187500.022352	92565.838106	82775.952849	95198.225403	-187500.022352	0.058000	0.994000	0.054000	192.000000	0.000000	0.000000	0.000000	0.000000	0.000000	0.000000	0.000000	0.000000	0.000000	1761332295.753628	0.000000
177.000000	38901.288974	39781.567726	-187500.022352	-187500.022352	92464.808221	82742.291122	94940.956824	-187500.022352	0.058000	0.994000	0.054000	192.000000	0.000000	0.000000	0.000000	0.000000	0.000000	0.000000	0.000000	0.000000	0.000000	1761332295.753646	0.000000
178.000000	38880.926535	39768.849584	-187500.022352	-187500.022352	92537.205522	83039.658730	94725.016621	-187500.022352	0.058000	0.994000	0.054000	192.000000	0.000000	0.000000	0.000000	0.000000	0.000000	0.000000	0.000000	0.000000	0.000000	1761332295.753697	0.000000
179.000000	38842.392128	39718.446400	-187500.022352	-187500.022352	92641.074078	83091.067742	94947.125905	-187500.022352	0.060000	0.996000	0.060000	192.000000	1.000000	224.000000	31.000000	32.000000	1.000000	224.000000	0.000000	0.000000	0.000000	1761332295.753722	0.000000
180.000000	38852.383358	39720.703926	-187500.022352	-187500.022352	92580.545554	82811.648585	95183.406196	-187500.022352	0.060000	0.996000	0.060000	192.000000	0.000000	0.000000	0.000000	0.000000	0.000000	0.000000	0.000000	0.000000	0.000000	1761332295.753744	0.000000
181.000000	38896.729219	39775.890383	-187500.022352	-187500.022352	92476.855812	82726.063755	95013.532938	-187500.022352	0.060000	0.996000	0.060000	192.000000	0.000000	0.000000	0.000000	0.000000	0.000000	0.000000	0.000000	0.000000	0.000000	1761332295.753764	0.000000
182.000000	38893.868195	39785.523985	-187500.022352	-187500.022352	92520.799341	82991.870700	94741.311042	-187500.022352	0.060000	0.996000	0.060000	192.000000	0.000000	0.000000	0.000000	0.000000	0.000000	0.000000	0.000000	0.000000	0.000000	1761332296.231444	0.000000
183.000000	38851.511640	39730.181066	-187500.022352	-187500.022352	92644.382136	83129.468039	94894.644009	-187500.022352	0.060000	0.996000	0.060000	192.000000	0.000000	0.000000	0.000000	0.000000	0.000000	0.000000	0.000000	0.000000	0.000000	1761332296.231578	0.000000
184.000000	38857.501907	39722.268548	-187500.022352	-187500.022352	92606.138302	82861.001237	95153.454858	-187500.022352	0.060000	0.996000	0.060000	192.000000	0.000000	0.000000	0.000000	0.000000	0.000000	0.000000	0.000000	0.000000	0.000000	1761332296.231645	0.000000
185.000000	38892.236518	39766.793223	-187500.022352	-187500.022352	92501.085103	82720.654633	95066.305407	-187500.022352	0.060000	0.996000	0.060000	192.000000	0.000000	0.000000	0.000000	0.000000	0.000000	0.000000	0.000000	0.000000	0.000000	1761332296.231678	0.000000
186.000000	38894.270527	39783.601735	-187500.022352	-187500.022352	92508.997620	82944.820278	94764.288636	-187500.022352	0.060000	0.996000	0.060000	192.000000	0.000000	0.000000	0.000000	0.000000	0.000000	0.000000	0.000000	0.000000	0.000000	1761332296.231707	0.000000
187.000000	38851.265770	39734.383194	-187500.022352	-187500.022352	92636.782543	83145.114260	94839.144628	-187500.022352	0.060000	0.996000	0.060000	192.000000	0.000000	0.000000	0.000000	0.000000	0.000000	0.000000	0.000000	0.000000	0.000000	1761332296.231917	0.000000
188.000000	38841.118078	39715.786542	-187500.022352	-187500.022352	92621.270433	82905.592967	95117.200329	-187500.022352	0.060000	0.996000	0.060000	192.000000	0.000000	0.000000	0.000000	0.000000	0.000000	0.000000	0.000000	0.000000	0.000000	1761332296.231950	0.000000
189.000000	38872.209355	39753.538639	-187500.022352	-187500.022352	92516.284289	82715.893712	95116.932108	-187500.022352	0.058000	0.996000	0.060000	192.000000	1.000000	208.000000	31.000000	32.000000	1.000000	224.000000	0.000000	0.000000	0.000000	1761332296.231980	0.000000
190.000000	38885.642753	39778.974924	-187500.022352	-187500.022352	92494.066655	82881.944821	94808.723904	-187500.022352	0.058000	0.996000	0.060000	192.000000	0.000000	0.000000	0.000000	0.000000	0.000000	0.000000	0.000000	0.000000	0.000000	1761332296.232013	0.000000
191.000000	38844.582599	39734.785525	-187500.022352	-187500.022352	92630.211130	83149.852830	94823.431352	-187500.022352	0.058000	0.996000	0.060000	192.000000	0.000000	0.000000	0.000000	0.000000	0.000000	0.000000	0.000000	0.000000	0.000000	1761332296.232041	0.000000
192.000000	38830.925683	39704.253042	-187500.022352	-187500.022352	92649.835962	82972.156462	95108.997239	-187500.022352	0.058000	0.996000	0.060000	192.000000	0.000000	0.000000	0.000000	0.000000	0.000000	0.000000	0.000000	0.000000	0.000000	1761332296.232071	0.000000
193.000000	38864.453300	39740.775793	-187500.022352	-187500.022352	92548.917836	82737.597255	95175.583085	-187500.022352	0.058000	0.996000	0.060000	192.000000	0.000000	0.000000	0.000000	0.000000	0.000000	0.000000	0.000000	0.000000	0.000000	1761332296.232100	0.000000
194.000000	38894.985783	39782.819424	-187500.022352	-187500.022352	92485.841213	82821.840980	94843.682032	-187500.022352	0.058000	0.996000	0.060000	192.000000	0.000000	0.000000	0.000000	0.000000	0.000000	0.000000	0.000000	0.000000	0.000000	1761332296.232129	0.000000
195.000000	38858.865363	39746.251970	-187500.022352	-187500.022352	92605.445398	83122.293129	94769.228371	-187500.022352	0.058000	0.996000	0.060000	192.000000	0.000000	0.000000	0.000000	0.000000	0.000000	0.000000	0.000000	0.000000	0.000000	1761332296.232158	0.000000
196.000000	38834.457259	39705.370629	-187500.022352	-187500.022352	92659.558971	83022.559645	95047.105258	-187500.022352	0.058000	0.996000	0.060000	192.000000	0.000000	0.000000	0.000000	0.000000	0.000000	0.000000	0.000000	0.000000	0.000000	1761332296.232187	0.000000
197.000000	38864.855631	39735.053746	-187500.022352	-187500.022352	92564.608760	82748.951942	95168.408176	-187500.022352	0.058000	0.996000	0.060000	192.000000	0.000000	0.000000	0.000000	0.000000	0.000000	0.000000	0.000000	0.000000	0.000000	1761332296.232216	0.000000
198.000000	38900.998402	39785.792206	-187500.022352	-187500.022352	92474.285361	82764.665218	94875.689730	-187500.022352	0.058000	0.996000	0.060000	192.000000	0.000000	0.000000	0.000000	0.000000	0.000000	0.000000	0.000000	0.000000	0.000000	1761332296.232244	0.000000
199.000000	38878.356085	39767.262610	-187500.022352	-187500.022352	92564.429946	83066.883155	94713.907804	-187500.022352	0.058000	1.000000	0.056000	192.000000	1.000000	208.000000	31.000000	64.000000	1.000000	192.000000	0.000000	0.000000	0.000000	1761332296.232273	0.000000
200.000000	38843.621474	39715.339508	-187500.022352	-187500.022352	92644.315081	83045.581942	94957.005376	-187500.022352	0.058000	1.000000	0.056000	192.000000	0.000000	0.000000	0.000000	0.000000	0.000000	0.000000	0.000000	0.000000	0.000000	1761332296.232303	0.000000
201.000000	38863.134547	39730.628101	-187500.022352	-187500.022352	92565.078147	82760.977180	95145.385879	-187500.022352	0.058000	1.000000	0.056000	192.000000	0.000000	0.000000	0.000000	0.000000	0.000000	0.000000	0.000000	0.000000	0.000000	1761332296.232331	0.000000
202.000000	38897.757399	39776.538584	-187500.022352	-187500.022352	92468.630370	82726.019052	94925.310603	-187500.022352	0.058000	1.000000	0.056000	192.000000	0.000000	0.000000	0.000000	0.000000	0.000000	0.000000	0.000000	0.000000	0.000000	1761332296.232405	0.000000
203.000000	38884.592221	39771.889421	-187500.022352	-187500.022352	92541.742926	83023.453715	94713.840749	-187500.022352	0.058000	1.000000	0.056000	192.000000	0.000000	0.000000	0.000000	0.000000	0.000000	0.000000	0.000000	0.000000	0.000000	1761332296.232435	0.000000
204.000000	38847.801250	39721.419182	-187500.022352	-187500.022352	92643.756288	83082.752893	94907.406856	-187500.022352	0.058000	1.000000	0.056000	192.000000	0.000000	0.000000	0.000000	0.000000	0.000000	0.000000	0.000000	0.000000	0.000000	1761332296.232463	0.000000
205.000000	38856.250209	39720.681574	-187500.022352	-187500.022352	92585.485290	82803.512550	95145.989376	-187500.022352	0.058000	1.000000	0.056000	192.000000	0.000000	0.000000	0.000000	0.000000	0.000000	0.000000	0.000000	0.000000	0.000000	1761332296.232492	0.000000
206.000000	38892.460035	39769.542488	-187500.022352	-187500.022352	92481.415568	82710.976328	95004.055799	-187500.022352	0.058000	1.000000	0.056000	192.000000	0.000000	0.000000	0.000000	0.000000	0.000000	0.000000	0.000000	0.000000	0.000000	1761332296.232521	0.000000
207.000000	38886.603878	39777.186784	-187500.022352	-187500.022352	92514.518501	82966.836747	94727.832941	-187500.022352	0.058000	1.000000	0.056000	192.000000	0.000000	0.000000	0.000000	0.000000	0.000000	0.000000	0.000000	0.000000	0.000000	1761332296.232549	0.000000
208.000000	38837.742965	39717.708792	-187500.022352	-187500.022352	92644.672709	83126.495257	94882.618771	-187500.022352	0.058000	1.000000	0.056000	192.000000	0.000000	0.000000	0.000000	0.000000	0.000000	0.000000	0.000000	0.000000	0.000000	1761332296.232578	0.000000
209.000000	38836.021881	39705.817664	-187500.022352	-187500.022352	92614.631965	82872.780606	95166.552981	-187500.022352	0.060000	0.994000	0.054000	192.000000	1.000000	224.000000	31.000000	16.000000	1.000000	176.000000	0.000000	0.000000	0.000000	1761332296.232607	0.000000
210.000000	38883.049951	39760.422976	-187500.022352	-187500.022352	92505.734266	82711.177493	95088.523041	-187500.022352	0.060000	0.994000	0.054000	192.000000	0.000000	0.000000	0.000000	0.000000	0.000000	0.000000	0.000000	0.000000	0.000000	1761332296.232637	0.000000
211.000000	38895.745742	39785.568689	-187500.022352	-187500.022352	92499.542832	82906.084705	94767.641397	-187500.022352	0.060000	0.994000	0.054000	192.000000	0.000000	0.000000	0.000000	0.000000	0.000000	0.000000	0.000000	0.000000	0.000000	1761332296.232666	0.000000
212.000000	38863.827451	39745.447307	-187500.022352	-187500.022352	92626.992479	83120.460286	94816.502311	-187500.022352	0.060000	0.994000	0.054000	192.000000	0.000000	0.000000	0.000000	0.000000	0.000000	0.000000	0.000000	0.000000	0.000000	1761332296.232694	0.000000
213.000000	38849.276465	39718.669917	-187500.022352	-187500.022352	92626.299575	82914.421906	95106.292678	-187500.022352	0.060000	0.994000	0.054000	192.000000	0.000000	0.000000	0.000000	0.000000	0.000000	0.000000	0.000000	0.000000	0.000000	1761332296.232723	0.000000
214.000000	38883.005247	39759.484203	-187500.022352	-187500.022352	92520.821693	82716.519560	95117.289736	-187500.022352	0.060000	0.994000	0.054000	192.000000	0.000000	0.000000	0.000000	0.000000	0.000000	0.000000	0.000000	0.000000	0.000000	1761332296.232752	0.000000
215.000000	38904.619384	39794.017648	-187500.022352	-187500.022352	92484.209536	82855.703873	94787.623857	-187500.022352	0.060000	0.994000	0.054000	192.000000	0.000000	0.000000	0.000000	0.000000	0.000000	0.000000	0.000000	0.000000	0.000000	1761332296.232781	0.000000
216.000000	38866.084977	39752.108127	-187500.022352	-187500.022352	92620.555177	83136.575894	94788.070892	-187500.022352	0.060000	0.994000	0.054000	192.000000	0.000000	0.000000	0.000000	0.000000	0.000000	0.000000	0.000000	0.000000	0.000000	1761332296.232809	0.000000
217.000000	38843.487363	39715.115990	-187500.022352	-187500.022352	92646.662014	82977.409122	95077.213058	-187500.022352	0.060000	0.994000	0.054000	192.000000	0.000000	0.000000	0.000000	0.000000	0.000000	0.000000	0.000000	0.000000	0.000000	1761332296.232838	0.000000
218.000000	38875.360951	39746.855467	-187500.022352	-187500.022352	92544.693356	82730.936436	95154.125411	-187500.022352	0.060000	0.994000	0.054000	192.000000	0.000000	0.000000	0.000000	0.000000	0.000000	0.000000	0.000000	0.000000	0.000000	1761332296.232905	0.000000
219.000000	38904.038239	39789.659058	-187500.022352	-187500.022352	92485.103605	82810.307480	94852.175695	-187500.022352	0.066000	0.994000	0.054000	192.000000	2.000000	16.000000	31.000000	16.000000	1.000000	176.000000	0.000000	0.000000	0.000000	1761332296.232934	0.000000
220.000000	38869.035407	39758.076043	-187500.022352	-187500.022352	92605.490101	83113.687708	94768.110784	-187500.022352	0.066000	0.994000	0.054000	192.000000	0.000000	0.000000	0.000000	0.000000	0.000000	0.000000	0.000000	0.000000	0.000000	1761332296.232965	0.000000
221.000000	38838.726442	39711.763228	-187500.022352	-187500.022352	92663.314064	83031.098012	95042.344337	-187500.022352	0.066000	0.994000	0.054000	192.000000	0.000000	0.000000	0.000000	0.000000	0.000000	0.000000	0.000000	0.000000	0.000000	1761332296.232994	0.000000
222.000000	38871.807024	39743.279188	-187500.022352	-187500.022352	92567.738005	82750.315398	95174.510202	-187500.022352	0.066000	0.994000	0.054000	192.000000	0.000000	0.000000	0.000000	0.000000	0.000000	0.000000	0.000000	0.000000	0.000000	1761332296.233023	0.000000
223.000000	38909.782637	39790.888404	-187500.022352	-187500.022352	92475.402948	82750.985950	94892.900573	-187500.022352	0.066000	0.994000	0.054000	192.000000	0.000000	0.000000	0.000000	0.000000	0.000000	0.000000	0.000000	0.000000	0.000000	1761332296.233051	0.000000
224.000000	38885.620402	39771.420034	-187500.022352	-187500.022352	92563.044138	83052.399224	94725.150731	-187500.022352	0.066000	0.994000	0.054000	192.000000	0.000000	0.000000	0.000000	0.000000	0.000000	0.000000	0.000000	0.000000	0.000000	1761332296.233102	0.000000
225.000000	38859.379454	39729.577569	-187500.022352	-187500.022352	92644.940930	83045.917218	94947.103554	-187500.022352	0.066000	0.994000	0.054000	192.000000	0.000000	0.000000	0.000000	0.000000	0.000000	0.000000	0.000000	0.000000	0.000000	1761332296.233132	0.000000
226.000000	38873.572811	39734.562008	-187500.022352	-187500.022352	92573.460051	82769.381436	95157.321710	-187500.022352	0.066000	0.994000	0.054000	192.000000	0.000000	0.000000	0.000000	0.000000	0.000000	0.000000	0.000000	0.000000	0.000000	1761332296.233160	0.000000
227.000000	38905.826379	39777.186784	-187500.022352	-187500.022352	92475.626466	82717.793610	94959.709938	-187500.022352	0.066000	0.994000	0.054000	192.000000	0.000000	0.000000	0.000000	0.000000	0.000000	0.000000	0.000000	0.000000	0.000000	1761332296.233189	0.000000
228.000000	38900.506663	39782.707665	-187500.022352	-187500.022352	92533.919815	82995.357572	94711.762036	-187500.022352	0.066000	0.994000	0.054000	192.000000	0.000000	0.000000	0.000000	0.000000	0.000000	0.000000	0.000000	0.000000	0.000000	1761332296.233218	0.000000
229.000000	38862.486346	39732.751516	-187500.022352	-187500.022352	92640.448229	83083.758722	94888.273762	-187500.022352	0.064000	0.994000	0.062000	192.000000	2.000000	0.000000	31.000000	16.000000	1.000000	240.000000	0.000000	0.000000	0.000000	1761332296.233246	0.000000
230.000000	38867.359026	39730.404583	-187500.022352	-187500.022352	92585.619400	82805.568910	95127.638594	-187500.022352	0.064000	0.994000	0.062000	192.000000	0.000000	0.000000	0.000000	0.000000	0.000000	0.000000	0.000000	0.000000	0.000000	1761332296.233276	0.000000
231.000000	38899.769056	39772.112938	-187500.022352	-187500.022352	92489.931582	82707.958842	95021.423104	-187500.022352	0.064000	0.994000	0.062000	192.000000	0.000000	0.000000	0.000000	0.000000	0.000000	0.000000	0.000000	0.000000	0.000000	1761332296.233305	0.000000
232.000000	38900.618422	39785.434578	-187500.022352	-187500.022352	92516.932490	82955.571467	94744.932025	-187500.022352	0.064000	0.994000	0.062000	192.000000	0.000000	0.000000	0.000000	0.000000	0.000000	0.000000	0.000000	0.000000	0.000000	1761332296.233337	0.000000
233.000000	38858.708901	39737.020700	-187500.022352	-187500.022352	92640.135305	83116.884007	94855.461401	-187500.022352	0.064000	0.994000	0.062000	192.000000	0.000000	0.000000	0.000000	0.000000	0.000000	0.000000	0.000000	0.000000	0.000000	1761332296.233413	0.000000
234.000000	38856.026692	39724.637833	-187500.022352	-187500.022352	92611.681534	82860.889478	95117.177977	-187500.022352	0.064000	0.994000	0.062000	192.000000	0.000000	0.000000	0.000000	0.000000	0.000000	0.000000	0.000000	0.000000	0.000000	1761332296.233447	0.000000
235.000000	38894.069361	39769.006046	-187500.022352	-187500.022352	92502.694428	82691.329144	95060.359843	-187500.022352	0.064000	0.994000	0.062000	192.000000	0.000000	0.000000	0.000000	0.000000	0.000000	0.000000	0.000000	0.000000	0.000000	1761332296.233480	0.000000
236.000000	38904.865254	39791.268383	-187500.022352	-187500.022352	92495.787739	82878.569708	94749.402374	-187500.022352	0.064000	0.994000	0.062000	192.000000	0.000000	0.000000	0.000000	0.000000	0.000000	0.000000	0.000000	0.000000	0.000000	1761332296.233513	0.000000
237.000000	38859.088881	39738.741784	-187500.022352	-187500.022352	92631.976918	83119.923844	94812.948383	-187500.022352	0.064000	0.994000	0.062000	192.000000	0.000000	0.000000	0.000000	0.000000	0.000000	0.000000	0.000000	0.000000	0.000000	1761332296.233546	0.000000
238.000000	38848.449451	39713.685478	-187500.022352	-187500.022352	92630.412296	82913.371374	95093.239259	-187500.022352	0.064000	0.994000	0.062000	192.000000	0.000000	0.000000	0.000000	0.000000	0.000000	0.000000	0.000000	0.000000	0.000000	1761332296.233579	0.000000
239.000000	38883.944021	39754.857392	-187500.022352	-187500.022352	92527.258995	82700.962746	95113.221718	-187500.022352	0.062000	0.990000	0.062000	192.000000	1.000000	240.000000	30.000000	240.000000	1.000000	240.000000	0.000000	0.000000	0.000000	1761332296.233612	0.000000
240.000000	38904.395867	39791.491901	-187500.022352	-187500.022352	92484.544812	82825.081983	94789.389645	-187500.022352	0.062000	0.990000	0.062000	192.000000	0.000000	0.000000	0.000000	0.000000	0.000000	0.000000	0.000000	0.000000	0.000000	1761332296.233646	0.000000
241.000000	38865.369721	39753.940970	-187500.022352	-187500.022352	92613.581433	83113.307728	94769.809517	-187500.022352	0.062000	0.990000	0.062000	192.000000	0.000000	0.000000	0.000000	0.000000	0.000000	0.000000	0.000000	0.000000	0.000000	1761332296.233679	0.000000
242.000000	38842.839163	39713.752534	-187500.022352	-187500.022352	92636.335508	82961.941715	95028.866235	-187500.022352	0.062000	0.990000	0.062000	192.000000	0.000000	0.000000	0.000000	0.000000	0.000000	0.000000	0.000000	0.000000	0.000000	1761332296.233712	0.000000
243.000000	38868.141337	39740.753441	-187500.022352	-187500.022352	92543.776935	82723.381546	95135.685222	-187500.022352	0.062000	0.990000	0.062000	192.000000	0.000000	0.000000	0.000000	0.000000	0.000000	0.000000	0.000000	0.000000	0.000000	1761332296.233745	0.000000
244.000000	38899.769056	39787.401532	-187500.022352	-187500.022352	92479.694483	82788.536881	94847.973567	-187500.022352	0.062000	0.990000	0.062000	192.000000	0.000000	0.000000	0.000000	0.000000	0.000000	0.000000	0.000000	0.000000	0.000000	1761332296.233779	0.000000
245.000000	38876.053855	39765.429767	-187500.022352	-187500.022352	92591.475557	83087.603222	94732.951490	-187500.022352	0.062000	0.990000	0.062000	192.000000	0.000000	0.000000	0.000000	0.000000	0.000000	0.000000	0.000000	0.000000	0.000000	1761332296.233811	0.000000
246.000000	38846.191924	39719.251063	-187500.022352	-187500.022352	92650.126535	83021.062079	94981.234667	-187500.022352	0.062000	0.990000	0.062000	192.000000	0.000000	0.000000	0.000000	0.000000	0.000000	0.000000	0.000000	0.000000	0.000000	1761332296.233844	0.000000
247.000000	38865.079148	39733.466772	-187500.022352	-187500.022352	92562.172420	82749.823660	95143.463629	-187500.022352	0.062000	0.990000	0.062000	192.000000	0.000000	0.000000	0.000000	0.000000	0.000000	0.000000	0.000000	0.000000	0.000000	1761332296.233876	0.000000
248.000000	38898.696172	39779.824290	-187500.022352	-187500.022352	92469.412681	82734.020976	94879.556582	-187500.022352	0.062000	0.990000	0.062000	192.000000	0.000000	0.000000	0.000000	0.000000	0.000000	0.000000	0.000000	0.000000	0.000000	1761332296.233960	0.000000
249.000000	38878.154919	39766.323837	-187500.022352	-187500.022352	92552.404708	83026.359442	94687.979780	-187500.022352	0.060000	0.998000	0.064000	192.000000	1.000000	224.000000	31.000000	48.000000	2.000000	0.000000	0.000000	0.000000	0.000000	1761332296.233994	0.000000
250.000000	38833.719651	39710.533882	-187500.022352	-187500.022352	92638.056593	83047.548896	94909.932603	-187500.022352	0.060000	0.998000	0.064000	192.000000	0.000000	0.000000	0.000000	0.000000	0.000000	0.000000	0.000000	0.000000	0.000000	1761332296.234028	0.000000
251.000000	38842.794459	39714.691307	-187500.022352	-187500.022352	92570.509621	82776.422236	95132.064239	-187500.022352	0.060000	0.998000	0.064000	192.000000	0.000000	0.000000	0.000000	0.000000	0.000000	0.000000	0.000000	0.000000	0.000000	1761332296.234135	0.000000
252.000000	38880.613611	39761.384101	-187500.022352	-187500.022352	92472.497222	82709.232892	94949.741060	-187500.022352	0.060000	0.998000	0.064000	192.000000	0.000000	0.000000	0.000000	0.000000	0.000000	0.000000	0.000000	0.000000	0.000000	1761332296.234177	0.000000
253.000000	38873.014018	39761.942895	-187500.022352	-187500.022352	92529.248301	82984.494625	94710.242118	-187500.022352	0.060000	0.998000	0.064000	192.000000	0.000000	0.000000	0.000000	0.000000	0.000000	0.000000	0.000000	0.000000	0.000000	1761332296.234213	0.000000
254.000000	38832.445602	39711.986746	-187500.022352	-187500.022352	92648.338395	83097.996783	94895.873355	-187500.022352	0.060000	0.998000	0.064000	192.000000	0.000000	0.000000	0.000000	0.000000	0.000000	0.000000	0.000000	0.000000	0.000000	1761332296.234247	0.000000
255.000000	38845.856648	39716.010060	-187500.022352	-187500.022352	92594.694208	82815.470733	95130.499617	-187500.022352	0.060000	0.998000	0.064000	192.000000	0.000000	0.000000	0.000000	0.000000	0.000000	0.000000	0.000000	0.000000	0.000000	1761332296.234281	0.000000
0.000000	38883.899317	39762.814613	-187500.022352	-187500.022352	92487.227021	82687.171720	95009.867252	-187500.022352	0.060000	0.998000	0.064000	192.000000	0.000000	0.000000	0.000000	0.000000	0.000000	0.000000	0.000000	0.000000	0.000000	1761332296.234313	0.000000
1.000000	38889.554309	39778.170261	-187500.022352	-187500.022352	92513.780894	82925.664833	94736.170141	-187500.022352	0.060000	0.998000	0.064000	192.000000	0.000000	0.000000	0.000000	0.000000	0.000000	0.000000	0.000000	0.000000	0.000000	1761332296.234344	0.000000
2.000000	38848.404747	39725.531903	-187500.022352	-187500.022352	92647.265511	83119.521513	94865.027948	-187500.022352	0.060000	0.998000	0.064000	192.000000	0.000000	0.000000	0.000000	0.000000	0.000000	0.000000	0.000000	0.000000	0.000000	1761332296.234375	0.000000
3.000000	38848.091823	39712.702002	-187500.022352	-187500.022352	92617.738857	82873.875841	95131.930129	-187500.022352	0.056000	0.998000	0.062000	192.000000	1.000000	192.000000	31.000000	48.000000	1.000000	240.000000	0.000000	0.000000	0.000000	1761332296.234406	0.000000
4.000000	38887.028561	39758.925409	-187500.022352	-187500.022352	92500.973344	82689.026915	95081.392834	-187500.022352	0.056000	0.998000	0.062000	192.000000	0.000000	0.000000	0.000000	0.000000	0.000000	0.000000	0.000000	0.000000	0.000000	1761332296.234439	0.000000
5.000000	38895.812797	39781.388912	-187500.022352	-187500.022352	92487.942277	82863.974019	94777.677331	-187500.022352	0.056000	0.998000	0.062000	192.000000	0.000000	0.000000	0.000000	0.000000	0.000000	0.000000	0.000000	0.000000	0.000000	1761332296.234471	0.000000
6.000000	38853.590352	39734.763173	-187500.022352	-187500.022352	92621.806874	83113.710059	94822.537282	-187500.022352	0.056000	0.998000	0.062000	192.000000	0.000000	0.000000	0.000000	0.000000	0.000000	0.000000	0.000000	0.000000	0.000000	1761332296.234501	0.000000
7.000000	38841.274541	39708.052839	-187500.022352	-187500.022352	92616.978898	82910.622109	95080.208192	-187500.022352	0.056000	0.998000	0.062000	192.000000	0.000000	0.000000	0.000000	0.000000	0.000000	0.000000	0.000000	0.000000	0.000000	1761332296.234532	0.000000
8.000000	38877.462015	39750.990540	-187500.022352	-187500.022352	92506.002486	82682.857833	95098.044884	-187500.022352	0.056000	0.998000	0.062000	192.000000	0.000000	0.000000	0.000000	0.000000	0.000000	0.000000	0.000000	0.000000	0.000000	1761332296.234612	0.000000
9.000000	38893.197643	39778.192613	-187500.022352	-187500.022352	92466.372844	82806.641794	94805.371142	-187500.022352	0.056000	0.998000	0.062000	192.000000	0.000000	0.000000	0.000000	0.000000	0.000000	0.000000	0.000000	0.000000	0.000000	1761332296.234643	0.000000
10.000000	38857.770128	39742.563932	-187500.022352	-187500.022352	92594.940078	83100.813103	94778.124366	-187500.022352	0.056000	0.998000	0.062000	192.000000	0.000000	0.000000	0.000000	0.000000	0.000000	0.000000	0.000000	0.000000	0.000000	1761332296.234674	0.000000
11.000000	38832.087974	39704.051877	-187500.022352	-187500.022352	92631.418125	82979.018447	95051.866180	-187500.022352	0.056000	0.998000	0.062000	192.000000	0.000000	0.000000	0.000000	0.000000	0.000000	0.000000	0.000000	0.000000	0.000000	1761332296.234706	0.000000
12.000000	38862.486346	39735.187857	-187500.022352	-187500.022352	92539.686565	82727.114287	95160.272141	-187500.022352	0.056000	0.998000	0.062000	192.000000	0.000000	0.000000	0.000000	0.000000	0.000000	0.000000	0.000000	0.000000	0.000000	1761332296.234736	0.000000
13.000000	38898.964393	39785.635744	-187500.022352	-187500.022352	92468.563315	82767.302724	94871.621713	-187500.022352	0.050000	1.000000	0.060000	192.000000	1.000000	144.000000	31.000000	64.000000	1.000000	224.000000	0.000000	0.000000	0.000000	1761332296.234767	0.000000
14.000000	38876.053855	39765.116842	-187500.022352	-187500.022352	92576.857516	83074.438044	94759.281845	-187500.022352	0.050000	1.000000	0.060000	192.000000	0.000000	0.000000	0.000000	0.000000	0.000000	0.000000	0.000000	0.000000	0.000000	1761332296.234799	0.000000
15.000000	38842.235666	39714.557196	-187500.022352	-187500.022352	92640.425878	83031.142715	95007.296801	-187500.022352	0.050000	1.000000	0.060000	192.000000	0.000000	0.000000	0.000000	0.000000	0.000000	0.000000	0.000000	0.000000	0.000000	1761332296.234830	0.000000
16.000000	38865.727349	39735.478429	-187500.022352	-187500.022352	92552.717632	82749.130756	95158.819277	-187500.022352	0.050000	1.000000	0.060000	192.000000	0.000000	0.000000	0.000000	0.000000	0.000000	0.000000	0.000000	0.000000	0.000000	1761332296.234861	0.000000
17.000000	38905.468751	39782.573555	-187500.022352	-187500.022352	92465.903457	82727.673081	94919.834425	-187500.022352	0.050000	1.000000	0.060000	192.000000	0.000000	0.000000	0.000000	0.000000	0.000000	0.000000	0.000000	0.000000	0.000000	1761332296.234891	0.000000
18.000000	38883.787559	39769.296619	-187500.022352	-187500.022352	92552.717632	83027.968768	94742.540388	-187500.022352	0.050000	1.000000	0.060000	192.000000	0.000000	0.000000	0.000000	0.000000	0.000000	0.000000	0.000000	0.000000	0.000000	1761332296.234922	0.000000
19.000000	38838.033538	39714.557196	-187500.022352	-187500.022352	92651.802916	83074.773321	94967.711862	-187500.022352	0.050000	1.000000	0.060000	192.000000	0.000000	0.000000	0.000000	0.000000	0.000000	0.000000	0.000000	0.000000	0.000000	1761332296.234952	0.000000
20.000000	38852.204544	39720.614519	-187500.022352	-187500.022352	92580.903182	82788.358067	95171.582123	-187500.022352	0.050000	1.000000	0.060000	192.000000	0.000000	0.000000	0.000000	0.000000	0.000000	0.000000	0.000000	0.000000	0.000000	1761332296.234982	0.000000
21.000000	38897.511530	39771.889421	-187500.022352	-187500.022352	92481.527326	82705.276633	95000.166595	-187500.022352	0.050000	1.000000	0.060000	192.000000	0.000000	0.000000	0.000000	0.000000	0.000000	0.000000	0.000000	0.000000	0.000000	1761332296.235013	0.000000
22.000000	38895.030486	39780.047808	-187500.022352	-187500.022352	92531.706993	82969.451901	94758.298368	-187500.022352	0.050000	1.000000	0.060000	192.000000	0.000000	0.000000	0.000000	0.000000	0.000000	0.000000	0.000000	0.000000	0.000000	1761332296.235043	0.000000
23.000000	38856.205506	39729.152886	-187500.022352	-187500.022352	92644.896227	83088.720809	94909.843196	-187500.022352	0.056000	0.996000	0.054000	192.000000	1.000000	192.000000	31.000000	32.000000	1.000000	176.000000	0.000000	0.000000	0.000000	1761332296.235126	0.000000
24.000000	38857.591314	39723.609653	-187500.022352	-187500.022352	92592.257868	82816.878893	95139.619129	-187500.022352	0.056000	0.996000	0.054000	192.000000	0.000000	0.000000	0.000000	0.000000	0.000000	0.000000	0.000000	0.000000	0.000000	1761332296.235159	0.000000
25.000000	38899.903166	39772.515270	-187500.022352	-187500.022352	92483.203707	82677.001676	95032.218997	-187500.022352	0.056000	0.996000	0.054000	192.000000	0.000000	0.000000	0.000000	0.000000	0.000000	0.000000	0.000000	0.000000	0.000000	1761332296.235189	0.000000
26.000000	38903.144169	39785.322819	-187500.022352	-187500.022352	92499.565184	82900.519121	94753.515095	-187500.022352	0.056000	0.996000	0.054000	192.000000	0.000000	0.000000	0.000000	0.000000	0.000000	0.000000	0.000000	0.000000	0.000000	1761332296.235220	0.000000
27.000000	38860.050006	39734.316139	-187500.022352	-187500.022352	92626.925424	83099.069667	94844.352584	-187500.022352	0.056000	0.996000	0.054000	192.000000	0.000000	0.000000	0.000000	0.000000	0.000000	0.000000	0.000000	0.000000	0.000000	1761332296.235250	0.000000
28.000000	38850.550515	39716.233577	-187500.022352	-187500.022352	92601.913822	82865.270420	95105.197442	-187500.022352	0.056000	0.996000	0.054000	192.000000	0.000000	0.000000	0.000000	0.000000	0.000000	0.000000	0.000000	0.000000	0.000000	1761332296.235281	0.000000
29.000000	38882.200585	39752.622217	-187500.022352	-187500.022352	92494.401931	82679.214499	95087.696026	-187500.022352	0.056000	0.996000	0.054000	192.000000	0.000000	0.000000	0.000000	0.000000	0.000000	0.000000	0.000000	0.000000	0.000000	1761332296.235312	0.000000
30.000000	38901.244271	39786.082779	-187500.022352	-187500.022352	92477.235791	82844.013911	94783.913467	-187500.022352	0.056000	0.996000	0.054000	192.000000	0.000000	0.000000	0.000000	0.000000	0.000000	0.000000	0.000000	0.000000	0.000000	1761332296.235343	0.000000
31.000000	38861.279352	39743.927389	-187500.022352	-187500.022352	92610.183967	83107.093943	94807.852186	-187500.022352	0.056000	0.996000	0.054000	192.000000	0.000000	0.000000	0.000000	0.000000	0.000000	0.000000	0.000000	0.000000	0.000000	1761332296.235373	0.000000
32.000000	38845.476669	39713.618423	-187500.022352	-187500.022352	92620.309308	82933.376185	95076.766023	-187500.022352	0.056000	0.996000	0.054000	192.000000	0.000000	0.000000	0.000000	0.000000	0.000000	0.000000	0.000000	0.000000	0.000000	1761332296.235404	0.000000
33.000000	38876.590297	39749.023586	-187500.022352	-187500.022352	92517.915966	82703.376735	95124.352887	-187500.022352	0.056000	0.996000	0.054000	192.000000	0.000000	0.000000	0.000000	0.000000	0.000000	0.000000	0.000000	0.000000	0.000000	1761332296.235434	0.000000
34.000000	38899.299669	39786.686276	-187500.022352	-187500.022352	92472.608980	82804.473675	94833.132009	-187500.022352	0.054000	0.998000	0.062000	192.000000	1.000000	176.000000	31.000000	48.000000	1.000000	240.000000	0.000000	0.000000	0.000000	1761332296.235465	0.000000
35.000000	38867.828413	39754.969150	-187500.022352	-187500.022352	92600.438607	83102.489484	94784.606371	-187500.022352	0.054000	0.998000	0.062000	192.000000	0.000000	0.000000	0.000000	0.000000	0.000000	0.000000	0.000000	0.000000	0.000000	1761332296.235497	0.000000
36.000000	38846.057814	39718.111124	-187500.022352	-187500.022352	92642.996328	82997.771561	95049.027508	-187500.022352	0.054000	0.998000	0.062000	192.000000	0.000000	0.000000	0.000000	0.000000	0.000000	0.000000	0.000000	0.000000	0.000000	1761332296.235528	0.000000
37.000000	38872.812852	39745.223790	-187500.022352	-187500.022352	92547.487324	82736.345558	95164.653082	-187500.022352	0.054000	0.998000	0.062000	192.000000	0.000000	0.000000	0.000000	0.000000	0.000000	0.000000	0.000000	0.000000	0.000000	1761332296.235559	0.000000
38.000000	38904.306460	39787.960325	-187500.022352	-187500.022352	92470.753785	82762.206526	94892.051207	-187500.022352	0.054000	0.998000	0.062000	192.000000	0.000000	0.000000	0.000000	0.000000	0.000000	0.000000	0.000000	0.000000	0.000000	1761332296.235628	0.000000
39.000000	38883.385227	39771.665904	-187500.022352	-187500.022352	92573.750624	83065.698512	94759.773583	-187500.022352	0.054000	0.998000	0.062000	192.000000	0.000000	0.000000	0.000000	0.000000	0.000000	0.000000	0.000000	0.000000	0.000000	1761332296.235660	0.000000
40.000000	38855.914933	39724.906054	-187500.022352	-187500.022352	92646.863180	83037.714128	94990.197717	-187500.022352	0.054000	0.998000	0.062000	192.000000	0.000000	0.000000	0.000000	0.000000	0.000000	0.000000	0.000000	0.000000	0.000000	1761332296.235691	0.000000
41.000000	38872.276410	39735.098450	-187500.022352	-187500.022352	92568.341502	82763.122948	95171.135088	-187500.022352	0.054000	0.998000	0.062000	192.000000	0.000000	0.000000	0.000000	0.000000	0.000000	0.000000	0.000000	0.000000	0.000000	1761332296.235722	0.000000
42.000000	38911.503722	39787.178014	-187500.022352	-187500.022352	92475.291190	82721.660462	94941.783838	-187500.022352	0.054000	0.998000	0.062000	192.000000	0.000000	0.000000	0.000000	0.000000	0.000000	0.000000	0.000000	0.000000	0.000000	1761332296.235754	0.000000
43.000000	38899.165559	39783.780549	-187500.022352	-187500.022352	92553.969330	83014.401259	94741.892188	-187500.022352	0.054000	0.998000	0.062000	192.000000	0.000000	0.000000	0.000000	0.000000	0.000000	0.000000	0.000000	0.000000	0.000000	1761332296.235780	0.000000
44.000000	38856.585486	39729.599920	-187500.022352	-187500.022352	92656.206209	83079.534242	94945.293062	-187500.022352	0.052000	0.992000	0.060000	192.000000	1.000000	160.000000	31.000000	0.000000	1.000000	224.000000	0.000000	0.000000	0.000000	1761332296.235808	0.000000
45.000000	38867.448433	39735.836057	-187500.022352	-187500.022352	92584.457110	82792.403733	95145.877617	-187500.022352	0.052000	0.992000	0.060000	192.000000	0.000000	0.000000	0.000000	0.000000	0.000000	0.000000	0.000000	0.000000	0.000000	1761332296.235835	0.000000
46.000000	38905.647565	39783.042941	-187500.022352	-187500.022352	92488.098739	82704.539025	95004.525185	-187500.022352	0.052000	0.992000	0.060000	192.000000	0.000000	0.000000	0.000000	0.000000	0.000000	0.000000	0.000000	0.000000	0.000000	1761332296.711352	0.000000
47.000000	38907.033373	39792.430674	-187500.022352	-187500.022352	92527.124885	82955.929095	94745.490819	-187500.022352	0.052000	0.992000	0.060000	192.000000	0.000000	0.000000	0.000000	0.000000	0.000000	0.000000	0.000000	0.000000	0.000000	1761332296.711417	0.000000
48.000000	38867.135509	39741.803973	-187500.022352	-187500.022352	92642.012851	83094.599318	94881.903515	-187500.022352	0.052000	0.992000	0.060000	192.000000	0.000000	0.000000	0.000000	0.000000	0.000000	0.000000	0.000000	0.000000	0.000000	1761332296.711448	0.000000
49.000000	38862.665160	39723.162618	-187500.022352	-187500.022352	92594.962429	82832.391004	95128.711477	-187500.022352	0.052000	0.992000	0.060000	192.000000	0.000000	0.000000	0.000000	0.000000	0.000000	0.000000	0.000000	0.000000	0.000000	1761332296.711487	0.000000
50.000000	38899.858463	39764.736863	-187500.022352	-187500.022352	92489.015161	82685.093008	95052.536732	-187500.022352	0.052000	0.992000	0.060000	192.000000	0.000000	0.000000	0.000000	0.000000	0.000000	0.000000	0.000000	0.000000	0.000000	1761332296.711507	0.000000
51.000000	38913.805951	39793.883538	-187500.022352	-187500.022352	92497.240603	82887.443350	94756.443173	-187500.022352	0.052000	0.992000	0.060000	192.000000	0.000000	0.000000	0.000000	0.000000	0.000000	0.000000	0.000000	0.000000	0.000000	1761332296.711526	0.000000
52.000000	38867.023750	39740.731089	-187500.022352	-187500.022352	92635.173218	83113.419487	94850.342852	-187500.022352	0.052000	0.992000	0.060000	192.000000	0.000000	0.000000	0.000000	0.000000	0.000000	0.000000	0.000000	0.000000	0.000000	1761332296.711546	0.000000
53.000000	38861.257000	39718.580510	-187500.022352	-187500.022352	92621.605709	82895.422923	95118.943765	-187500.022352	0.052000	0.992000	0.060000	192.000000	0.000000	0.000000	0.000000	0.000000	0.000000	0.000000	0.000000	0.000000	0.000000	1761332296.711565	0.000000
54.000000	38898.964393	39764.736863	-187500.022352	-187500.022352	92512.104513	82691.284441	95103.655172	-187500.022352	0.062000	0.992000	0.058000	192.000000	1.000000	240.000000	31.000000	0.000000	1.000000	208.000000	0.000000	0.000000	0.000000	1761332296.711713	0.000000
55.000000	38917.739858	39802.019572	-187500.022352	-187500.022352	92484.321294	82831.832210	94790.261363	-187500.022352	0.062000	0.992000	0.058000	192.000000	0.000000	0.000000	0.000000	0.000000	0.000000	0.000000	0.000000	0.000000	0.000000	1761332296.711743	0.000000
56.000000	38876.657352	39757.807822	-187500.022352	-187500.022352	92622.008040	83108.166827	94810.444988	-187500.022352	0.062000	0.992000	0.058000	192.000000	0.000000	0.000000	0.000000	0.000000	0.000000	0.000000	0.000000	0.000000	0.000000	1761332296.711770	0.000000
57.000000	38857.099576	39720.480409	-187500.022352	-187500.022352	92641.968148	82947.971874	95084.991465	-187500.022352	0.062000	0.992000	0.058000	192.000000	0.000000	0.000000	0.000000	0.000000	0.000000	0.000000	0.000000	0.000000	0.000000	1761332296.711798	0.000000
58.000000	38886.737989	39752.868086	-187500.022352	-187500.022352	92542.078202	82712.809171	95154.259521	-187500.022352	0.062000	0.992000	0.058000	192.000000	0.000000	0.000000	0.000000	0.000000	0.000000	0.000000	0.000000	0.000000	0.000000	1761332296.711825	0.000000
59.000000	38914.968242	39795.358753	-187500.022352	-187500.022352	92483.717797	82790.950869	94855.729622	-187500.022352	0.062000	0.992000	0.058000	192.000000	0.000000	0.000000	0.000000	0.000000	0.000000	0.000000	0.000000	0.000000	0.000000	1761332296.711852	0.000000
60.000000	38881.038294	39763.731034	-187500.022352	-187500.022352	92608.619345	83097.907376	94796.206927	-187500.022352	0.062000	0.992000	0.058000	192.000000	0.000000	0.000000	0.000000	0.000000	0.000000	0.000000	0.000000	0.000000	0.000000	1761332296.711879	0.000000
61.000000	38856.719596	39725.040165	-187500.022352	-187500.022352	92654.932160	83005.147637	95041.606729	-187500.022352	0.062000	0.992000	0.058000	192.000000	0.000000	0.000000	0.000000	0.000000	0.000000	0.000000	0.000000	0.000000	0.000000	1761332296.711906	0.000000
62.000000	38879.674838	39745.492011	-187500.022352	-187500.022352	92560.384281	82736.390261	95155.198295	-187500.022352	0.062000	0.992000	0.058000	192.000000	0.000000	0.000000	0.000000	0.000000	0.000000	0.000000	0.000000	0.000000	0.000000	1761332296.711933	0.000000
63.000000	38913.560082	39794.397628	-187500.022352	-187500.022352	92481.862602	82753.779918	94893.906402	-187500.022352	0.062000	0.992000	0.058000	192.000000	0.000000	0.000000	0.000000	0.000000	0.000000	0.000000	0.000000	0.000000	0.000000	1761332296.711960	0.000000
64.000000	38893.488216	39782.171223	-187500.022352	-187500.022352	92579.651484	83059.328265	94748.217732	-187500.022352	0.058000	0.994000	0.056000	192.000000	1.000000	208.000000	31.000000	16.000000	1.000000	192.000000	0.000000	0.000000	0.000000	1761332296.711987	0.000000
65.000000	38863.983913	39731.768040	-187500.022352	-187500.022352	92652.495820	83049.001759	94963.353272	-187500.022352	0.058000	0.994000	0.056000	192.000000	0.000000	0.000000	0.000000	0.000000	0.000000	0.000000	0.000000	0.000000	0.000000	1761332296.712016	0.000000
66.000000	38886.983858	39746.676653	-187500.022352	-187500.022352	92570.174345	82763.525279	95132.064239	-187500.022352	0.058000	0.994000	0.056000	192.000000	0.000000	0.000000	0.000000	0.000000	0.000000	0.000000	0.000000	0.000000	0.000000	1761332296.712042	0.000000
67.000000	38919.729164	39792.631840	-187500.022352	-187500.022352	92481.124995	82718.307700	94932.306699	-187500.022352	0.058000	0.994000	0.056000	192.000000	0.000000	0.000000	0.000000	0.000000	0.000000	0.000000	0.000000	0.000000	0.000000	1761332296.712069	0.000000
68.000000	38907.480408	39790.798997	-187500.022352	-187500.022352	92553.477592	83009.774448	94730.626909	-187500.022352	0.058000	0.994000	0.056000	192.000000	0.000000	0.000000	0.000000	0.000000	0.000000	0.000000	0.000000	0.000000	0.000000	1761332296.712095	0.000000
69.000000	38869.504794	39742.228656	-187500.022352	-187500.022352	92659.782488	83090.419542	94920.773199	-187500.022352	0.058000	0.994000	0.056000	192.000000	0.000000	0.000000	0.000000	0.000000	0.000000	0.000000	0.000000	0.000000	0.000000	1761332296.712137	0.000000
70.000000	38877.372608	39743.145078	-187500.022352	-187500.022352	92593.286049	82803.914881	95128.487960	-187500.022352	0.058000	0.994000	0.056000	192.000000	0.000000	0.000000	0.000000	0.000000	0.000000	0.000000	0.000000	0.000000	0.000000	1761332296.712164	0.000000
71.000000	38913.180102	39788.742636	-187500.022352	-187500.022352	92486.824690	82692.938470	94986.733197	-187500.022352	0.058000	0.994000	0.056000	192.000000	0.000000	0.000000	0.000000	0.000000	0.000000	0.000000	0.000000	0.000000	0.000000	1761332296.712190	0.000000
72.000000	38915.571739	39799.203253	-187500.022352	-187500.022352	92517.223062	82936.058394	94717.327621	-187500.022352	0.058000	0.994000	0.056000	192.000000	0.000000	0.000000	0.000000	0.000000	0.000000	0.000000	0.000000	0.000000	0.000000	1761332296.712217	0.000000
73.000000	38876.322076	39752.957493	-187500.022352	-187500.022352	92630.881683	83090.866577	94827.074686	-187500.022352	0.058000	0.994000	0.056000	192.000000	0.000000	0.000000	0.000000	0.000000	0.000000	0.000000	0.000000	0.000000	0.000000	1761332296.712244	0.000000
74.000000	38868.476614	39733.019737	-187500.022352	-187500.022352	92599.432778	82849.735957	95095.899117	-187500.022352	0.062000	0.996000	0.050000	192.000000	1.000000	240.000000	31.000000	32.000000	1.000000	144.000000	0.000000	0.000000	0.000000	1761332296.712270	0.000000
75.000000	38907.234538	39777.857337	-187500.022352	-187500.022352	92493.440806	82691.262089	95038.388078	-187500.022352	0.062000	0.996000	0.050000	192.000000	0.000000	0.000000	0.000000	0.000000	0.000000	0.000000	0.000000	0.000000	0.000000	1761332296.712298	0.000000
76.000000	38925.875893	39810.468532	-187500.022352	-187500.022352	92488.143443	82873.473510	94727.721182	-187500.022352	0.062000	0.996000	0.050000	192.000000	0.000000	0.000000	0.000000	0.000000	0.000000	0.000000	0.000000	0.000000	0.000000	1761332296.712325	0.000000
77.000000	38880.926535	39757.740767	-187500.022352	-187500.022352	92620.778694	83107.160998	94797.235107	-187500.022352	0.062000	0.996000	0.050000	192.000000	0.000000	0.000000	0.000000	0.000000	0.000000	0.000000	0.000000	0.000000	0.000000	1761332296.712351	0.000000
78.000000	38871.650561	39733.265607	-187500.022352	-187500.022352	92608.731104	82894.037115	95062.036224	-187500.022352	0.062000	0.996000	0.050000	192.000000	0.000000	0.000000	0.000000	0.000000	0.000000	0.000000	0.000000	0.000000	0.000000	1761332296.712378	0.000000
79.000000	38905.066419	39771.978828	-187500.022352	-187500.022352	92500.571013	82683.483682	95065.210171	-187500.022352	0.062000	0.996000	0.050000	192.000000	0.000000	0.000000	0.000000	0.000000	0.000000	0.000000	0.000000	0.000000	0.000000	1761332296.712405	0.000000
80.000000	38920.869103	39799.717343	-187500.022352	-187500.022352	92469.524440	82817.929425	94766.233238	-187500.022352	0.062000	0.996000	0.050000	192.000000	0.000000	0.000000	0.000000	0.000000	0.000000	0.000000	0.000000	0.000000	0.000000	1761332296.712432	0.000000
81.000000	38885.173367	39762.099357	-187500.022352	-187500.022352	92599.432778	83094.688725	94754.431516	-187500.022352	0.062000	0.996000	0.050000	192.000000	0.000000	0.000000	0.000000	0.000000	0.000000	0.000000	0.000000	0.000000	0.000000	1761332296.712458	0.000000
82.000000	38865.548535	39728.281168	-187500.022352	-187500.022352	92618.923499	82936.572485	95006.000400	-187500.022352	0.062000	0.996000	0.050000	192.000000	0.000000	0.000000	0.000000	0.000000	0.000000	0.000000	0.000000	0.000000	0.000000	1761332296.712485	0.000000
83.000000	38887.721466	39752.309293	-187500.022352	-187500.022352	92520.218196	82691.575014	95086.891363	-187500.022352	0.062000	0.996000	0.050000	192.000000	0.000000	0.000000	0.000000	0.000000	0.000000	0.000000	0.000000	0.000000	0.000000	1761332296.712512	0.000000
84.000000	38915.437629	39794.062351	-187500.022352	-187500.022352	92456.068689	82751.432985	94789.210831	-187500.022352	0.064000	0.992000	0.054000	192.000000	2.000000	0.000000	31.000000	0.000000	1.000000	176.000000	0.000000	0.000000	0.000000	1761332296.712550	0.000000
85.000000	38890.895413	39776.627991	-187500.022352	-187500.022352	92575.985798	83056.020207	94701.524937	-187500.022352	0.064000	0.992000	0.054000	192.000000	0.000000	0.000000	0.000000	0.000000	0.000000	0.000000	0.000000	0.000000	0.000000	1761332296.712579	0.000000
86.000000	38862.128718	39728.862313	-187500.022352	-187500.022352	92630.971090	82977.766750	94944.644862	-187500.022352	0.064000	0.992000	0.054000	192.000000	0.000000	0.000000	0.000000	0.000000	0.000000	0.000000	0.000000	0.000000	0.000000	1761332296.712606	0.000000
87.000000	38875.182137	39739.300578	-187500.022352	-187500.022352	92545.900350	82713.211502	95102.403474	-187500.022352	0.064000	0.992000	0.054000	192.000000	0.000000	0.000000	0.000000	0.000000	0.000000	0.000000	0.000000	0.000000	0.000000	1761332296.712632	0.000000
88.000000	38911.101390	39786.507462	-187500.022352	-187500.022352	92466.439899	82721.660462	94864.513858	-187500.022352	0.064000	0.992000	0.054000	192.000000	0.000000	0.000000	0.000000	0.000000	0.000000	0.000000	0.000000	0.000000	0.000000	1761332296.712659	0.000000
89.000000	38899.366724	39778.594944	-187500.022352	-187500.022352	92554.237551	83020.391526	94691.667818	-187500.022352	0.064000	0.992000	0.054000	192.000000	0.000000	0.000000	0.000000	0.000000	0.000000	0.000000	0.000000	0.000000	0.000000	1761332296.712686	0.000000
90.000000	38864.699169	39729.376403	-187500.022352	-187500.022352	92641.699927	83035.702471	94911.497225	-187500.022352	0.064000	0.992000	0.054000	192.000000	0.000000	0.000000	0.000000	0.000000	0.000000	0.000000	0.000000	0.000000	0.000000	1761332296.712713	0.000000
91.000000	38875.629172	39736.059575	-187500.022352	-187500.022352	92573.951790	82758.294971	95113.579346	-187500.022352	0.064000	0.992000	0.054000	192.000000	0.000000	0.000000	0.000000	0.000000	0.000000	0.000000	0.000000	0.000000	0.000000	1761332296.712740	0.000000
92.000000	38917.985728	39790.128444	-187500.022352	-187500.022352	92476.788756	82692.983173	94916.660478	-187500.022352	0.064000	0.992000	0.054000	192.000000	0.000000	0.000000	0.000000	0.000000	0.000000	0.000000	0.000000	0.000000	0.000000	1761332296.712766	0.000000
93.000000	38902.764190	39784.987543	-187500.022352	-187500.022352	92535.059754	82966.501470	94683.464728	-187500.022352	0.064000	0.992000	0.054000	192.000000	0.000000	0.000000	0.000000	0.000000	0.000000	0.000000	0.000000	0.000000	0.000000	1761332296.712793	0.000000
94.000000	38860.720558	39735.053746	-187500.022352	-187500.022352	92645.499724	83066.257306	94856.310768	-187500.022352	0.060000	0.996000	0.050000	192.000000	1.000000	224.000000	31.000000	32.000000	1.000000	144.000000	0.000000	0.000000	0.000000	1761332296.712819	0.000000
95.000000	38871.091768	39737.758307	-187500.022352	-187500.022352	92592.526089	82792.515492	95082.286904	-187500.022352	0.060000	0.996000	0.050000	192.000000	0.000000	0.000000	0.000000	0.000000	0.000000	0.000000	0.000000	0.000000	0.000000	1761332296.712848	0.000000
96.000000	38914.945890	39792.721247	-187500.022352	-187500.022352	92488.523422	82674.252412	94959.307606	-187500.022352	0.060000	0.996000	0.050000	192.000000	0.000000	0.000000	0.000000	0.000000	0.000000	0.000000	0.000000	0.000000	0.000000	1761332296.712874	0.000000
97.000000	38916.242291	39803.964174	-187500.022352	-187500.022352	92513.199748	82911.963214	94684.068225	-187500.022352	0.060000	0.996000	0.050000	192.000000	0.000000	0.000000	0.000000	0.000000	0.000000	0.000000	0.000000	0.000000	0.000000	1761332296.712901	0.000000
98.000000	38878.601954	39751.772851	-187500.022352	-187500.022352	92638.615386	83087.335001	94793.882345	-187500.022352	0.060000	0.996000	0.050000	192.000000	0.000000	0.000000	0.000000	0.000000	0.000000	0.000000	0.000000	0.000000	0.000000	1761332296.712927	0.000000
99.000000	38867.671951	39727.185932	-187500.022352	-187500.022352	92615.414276	82849.244219	95068.294712	-187500.022352	0.060000	0.996000	0.050000	192.000000	0.000000	0.000000	0.000000	0.000000	0.000000	0.000000	0.000000	0.000000	0.000000	1761332296.712954	0.000000
100.000000	38903.702963	39773.543450	-187500.022352	-187500.022352	92504.437864	82673.268935	95024.731162	-187500.022352	0.060000	0.996000	0.050000	192.000000	0.000000	0.000000	0.000000	0.000000	0.000000	0.000000	0.000000	0.000000	0.000000	1761332296.712993	0.000000
101.000000	38920.578530	39805.081761	-187500.022352	-187500.022352	92488.903402	82845.757347	94710.040952	-187500.022352	0.060000	0.996000	0.050000	192.000000	0.000000	0.000000	0.000000	0.000000	0.000000	0.000000	0.000000	0.000000	0.000000	1761332296.713020	0.000000
102.000000	38884.681628	39761.697026	-187500.022352	-187500.022352	92619.214072	83085.613917	94745.848447	-187500.022352	0.060000	0.996000	0.050000	192.000000	0.000000	0.000000	0.000000	0.000000	0.000000	0.000000	0.000000	0.000000	0.000000	1761332296.713047	0.000000
103.000000	38864.073320	39730.382232	-187500.022352	-187500.022352	92625.696078	82899.222720	95030.520264	-187500.022352	0.060000	0.996000	0.050000	192.000000	0.000000	0.000000	0.000000	0.000000	0.000000	0.000000	0.000000	0.000000	0.000000	1761332296.713092	0.000000
104.000000	38898.718524	39770.972999	-187500.022352	-187500.022352	92518.318298	82682.187281	95060.650415	-187500.022352	0.058000	1.004000	0.048000	192.000000	1.000000	208.000000	31.000000	96.000000	1.000000	128.000000	0.000000	0.000000	0.000000	1761332296.713120	0.000000
105.000000	38930.055670	39813.173093	-187500.022352	-187500.022352	92464.338835	82784.670029	94725.798932	-187500.022352	0.058000	1.004000	0.048000	192.000000	0.000000	0.000000	0.000000	0.000000	0.000000	0.000000	0.000000	0.000000	0.000000	1761332296.713148	0.000000
106.000000	38885.843919	39769.341322	-187500.022352	-187500.022352	92592.749607	83075.533280	94702.351952	-187500.022352	0.058000	1.004000	0.048000	192.000000	0.000000	0.000000	0.000000	0.000000	0.000000	0.000000	0.000000	0.000000	0.000000	1761332296.713175	0.000000
107.000000	38863.223954	39732.930330	-187500.022352	-187500.022352	92630.971090	82940.975778	94973.880944	-187500.022352	0.058000	1.004000	0.048000	192.000000	0.000000	0.000000	0.000000	0.000000	0.000000	0.000000	0.000000	0.000000	0.000000	1761332296.713202	0.000000
108.000000	38892.549442	39761.182935	-187500.022352	-187500.022352	92542.368775	82693.340801	95073.435613	-187500.022352	0.058000	1.004000	0.048000	192.000000	0.000000	0.000000	0.000000	0.000000	0.000000	0.000000	0.000000	0.000000	0.000000	1761332296.713228	0.000000
109.000000	38917.114010	39797.616279	-187500.022352	-187500.022352	92477.682826	82762.899430	94812.680163	-187500.022352	0.058000	1.004000	0.048000	192.000000	0.000000	0.000000	0.000000	0.000000	0.000000	0.000000	0.000000	0.000000	0.000000	1761332296.713255	0.000000
110.000000	38890.202509	39777.812633	-187500.022352	-187500.022352	92586.066435	83073.208698	94713.013734	-187500.022352	0.058000	1.004000	0.048000	192.000000	0.000000	0.000000	0.000000	0.000000	0.000000	0.000000	0.000000	0.000000	0.000000	1761332296.713281	0.000000
111.000000	38864.341541	39737.132458	-187500.022352	-187500.022352	92649.835962	83016.189398	94956.424231	-187500.022352	0.058000	1.004000	0.048000	192.000000	0.000000	0.000000	0.000000	0.000000	0.000000	0.000000	0.000000	0.000000	0.000000	1761332296.713308	0.000000
112.000000	38880.837128	39750.431746	-187500.022352	-187500.022352	92568.743833	82748.616665	95131.013707	-187500.022352	0.058000	1.004000	0.048000	192.000000	0.000000	0.000000	0.000000	0.000000	0.000000	0.000000	0.000000	0.000000	0.000000	1761332296.713334	0.000000
113.000000	38922.098449	39801.393724	-187500.022352	-187500.022352	92476.185259	82726.846066	94881.612942	-187500.022352	0.058000	1.004000	0.048000	192.000000	0.000000	0.000000	0.000000	0.000000	0.000000	0.000000	0.000000	0.000000	0.000000	1761332296.713361	0.000000
114.000000	38907.145131	39792.497729	-187500.022352	-187500.022352	92552.494115	83020.436230	94680.715463	-187500.022352	0.054000	1.000000	0.048000	192.000000	1.000000	176.000000	31.000000	64.000000	1.000000	128.000000	0.000000	0.000000	0.000000	1761332296.713387	0.000000
115.000000	38868.364855	39739.322929	-187500.022352	-187500.022352	92644.113915	83053.561515	94887.022065	-187500.022352	0.054000	1.000000	0.048000	192.000000	0.000000	0.000000	0.000000	0.000000	0.000000	0.000000	0.000000	0.000000	0.000000	1761332296.713428	0.000000
116.000000	38874.399826	39737.870066	-187500.022352	-187500.022352	92586.267601	82787.128721	95119.971945	-187500.022352	0.054000	1.000000	0.048000	192.000000	0.000000	0.000000	0.000000	0.000000	0.000000	0.000000	0.000000	0.000000	0.000000	1761332296.713454	0.000000
117.000000	38920.779696	39796.789264	-187500.022352	-187500.022352	92484.991847	82715.044345	94946.209484	-187500.022352	0.054000	1.000000	0.048000	192.000000	0.000000	0.000000	0.000000	0.000000	0.000000	0.000000	0.000000	0.000000	0.000000	1761332296.713481	0.000000
118.000000	38917.628100	39805.282927	-187500.022352	-187500.022352	92529.762391	82984.405218	94695.914649	-187500.022352	0.054000	1.000000	0.048000	192.000000	0.000000	0.000000	0.000000	0.000000	0.000000	0.000000	0.000000	0.000000	0.000000	1761332296.713507	0.000000
119.000000	38881.708846	39757.696063	-187500.022352	-187500.022352	92643.912750	83102.355373	94856.131954	-187500.022352	0.054000	1.000000	0.048000	192.000000	0.000000	0.000000	0.000000	0.000000	0.000000	0.000000	0.000000	0.000000	0.000000	1761332296.713534	0.000000
120.000000	38890.448378	39758.858354	-187500.022352	-187500.022352	92601.064456	82834.000329	95094.401550	-187500.022352	0.054000	1.000000	0.048000	192.000000	0.000000	0.000000	0.000000	0.000000	0.000000	0.000000	0.000000	0.000000	0.000000	1761332296.713559	0.000000
121.000000	38923.663071	39802.913642	-187500.022352	-187500.022352	92490.378617	82699.353421	94986.040293	-187500.022352	0.054000	1.000000	0.048000	192.000000	0.000000	0.000000	0.000000	0.000000	0.000000	0.000000	0.000000	0.000000	0.000000	1761332296.713577	0.000000
122.000000	38922.836056	39810.043849	-187500.022352	-187500.022352	92500.548661	82923.295548	94697.322809	-187500.022352	0.054000	1.000000	0.048000	192.000000	0.000000	0.000000	0.000000	0.000000	0.000000	0.000000	0.000000	0.000000	0.000000	1761332296.713595	0.000000
123.000000	38877.260849	39754.209191	-187500.022352	-187500.022352	92630.412296	83123.097792	94804.544128	-187500.022352	0.054000	1.000000	0.048000	192.000000	0.000000	0.000000	0.000000	0.000000	0.000000	0.000000	0.000000	0.000000	0.000000	1761332296.713612	0.000000
124.000000	38867.426082	39731.656281	-187500.022352	-187500.022352	92613.380267	82886.906908	95079.180012	-187500.022352	0.060000	0.998000	0.052000	192.000000	1.000000	224.000000	31.000000	48.000000	1.000000	160.000000	0.000000	0.000000	0.000000	1761332296.713630	0.000000
125.000000	38914.141228	39784.518157	-187500.022352	-187500.022352	92501.308620	82693.385505	95038.321023	-187500.022352	0.060000	0.998000	0.052000	192.000000	0.000000	0.000000	0.000000	0.000000	0.000000	0.000000	0.000000	0.000000	0.000000	1761332296.713648	0.000000
126.000000	38939.264588	39823.186674	-187500.022352	-187500.022352	92472.832498	82852.507574	94706.755246	-187500.022352	0.060000	0.998000	0.052000	192.000000	0.000000	0.000000	0.000000	0.000000	0.000000	0.000000	0.000000	0.000000	0.000000	1761332296.713666	0.000000
127.000000	38890.090750	39772.157642	-187500.022352	-187500.022352	92609.468712	83114.492370	94748.329490	-187500.022352	0.060000	0.998000	0.052000	192.000000	0.000000	0.000000	0.000000	0.000000	0.000000	0.000000	0.000000	0.000000	0.000000	1761332296.713684	0.000000
128.000000	38868.878945	39737.534790	-187500.022352	-187500.022352	92624.019697	82931.141011	95040.086811	-187500.022352	0.060000	0.998000	0.052000	192.000000	0.000000	0.000000	0.000000	0.000000	0.000000	0.000000	0.000000	0.000000	0.000000	1761332296.713701	0.000000
129.000000	38911.436666	39780.539546	-187500.022352	-187500.022352	92522.542777	82699.196958	95084.052692	-187500.022352	0.060000	0.998000	0.052000	192.000000	0.000000	0.000000	0.000000	0.000000	0.000000	0.000000	0.000000	0.000000	0.000000	1761332296.713719	0.000000
130.000000	38944.718414	39824.348965	-187500.022352	-187500.022352	92466.752823	82799.444532	94765.562685	-187500.022352	0.060000	0.998000	0.052000	192.000000	0.000000	0.000000	0.000000	0.000000	0.000000	0.000000	0.000000	0.000000	0.000000	1761332296.713748	0.000000
131.000000	38912.062515	39791.178976	-187500.022352	-187500.022352	92581.506679	83083.378742	94695.109987	-187500.022352	0.060000	0.998000	0.052000	192.000000	0.000000	0.000000	0.000000	0.000000	0.000000	0.000000	0.000000	0.000000	0.000000	1761332296.713768	0.000000
132.000000	38885.195718	39749.269456	-187500.022352	-187500.022352	92626.701907	82965.629752	94959.084089	-187500.022352	0.060000	0.998000	0.052000	192.000000	0.000000	0.000000	0.000000	0.000000	0.000000	0.000000	0.000000	0.000000	0.000000	1761332296.713787	0.000000
133.000000	38911.995460	39772.559973	-187500.022352	-187500.022352	92539.418344	82715.849008	95088.053654	-187500.022352	0.060000	0.998000	0.052000	192.000000	0.000000	0.000000	0.000000	0.000000	0.000000	0.000000	0.000000	0.000000	0.000000	1761332296.713804	0.000000
134.000000	38944.360786	39819.185712	-187500.022352	-187500.022352	92468.295094	82754.562229	94822.559634	-187500.022352	0.066000	1.000000	0.050000	192.000000	2.000000	16.000000	31.000000	64.000000	1.000000	144.000000	0.000000	0.000000	0.000000	1761332296.713822	0.000000
135.000000	38914.476504	39796.968078	-187500.022352	-187500.022352	92562.619455	83054.142660	94682.168327	-187500.022352	0.066000	1.000000	0.050000	192.000000	0.000000	0.000000	0.000000	0.000000	0.000000	0.000000	0.000000	0.000000	0.000000	1761332296.713840	0.000000
136.000000	38882.714675	39749.403566	-187500.022352	-187500.022352	92636.670785	83021.956148	94934.921853	-187500.022352	0.066000	1.000000	0.050000	192.000000	0.000000	0.000000	0.000000	0.000000	0.000000	0.000000	0.000000	0.000000	0.000000	1761332296.713858	0.000000
137.000000	38903.948832	39766.614409	-187500.022352	-187500.022352	92558.149106	82742.425232	95110.718323	-187500.022352	0.066000	1.000000	0.050000	192.000000	0.000000	0.000000	0.000000	0.000000	0.000000	0.000000	0.000000	0.000000	0.000000	1761332296.713876	0.000000
138.000000	38934.727184	39811.049677	-187500.022352	-187500.022352	92464.450594	82719.157066	94890.888916	-187500.022352	0.066000	1.000000	0.050000	192.000000	0.000000	0.000000	0.000000	0.000000	0.000000	0.000000	0.000000	0.000000	0.000000	1761332296.713893	0.000000
139.000000	38921.740821	39805.685259	-187500.022352	-187500.022352	92524.465027	82999.760866	94663.370510	-187500.022352	0.066000	1.000000	0.050000	192.000000	0.000000	0.000000	0.000000	0.000000	0.000000	0.000000	0.000000	0.000000	0.000000	1761332296.713911	0.000000
140.000000	38878.981933	39749.023586	-187500.022352	-187500.022352	92632.200436	83056.020207	94870.772346	-187500.022352	0.066000	1.000000	0.050000	192.000000	0.000000	0.000000	0.000000	0.000000	0.000000	0.000000	0.000000	0.000000	0.000000	1761332296.713928	0.000000
141.000000	38892.772960	39755.617351	-187500.022352	-187500.022352	92577.081034	82772.510680	95097.173166	-187500.022352	0.066000	1.000000	0.050000	192.000000	0.000000	0.000000	0.000000	0.000000	0.000000	0.000000	0.000000	0.000000	0.000000	1761332296.713946	0.000000
142.000000	38931.687347	39800.879634	-187500.022352	-187500.022352	92477.191088	82692.580842	94945.695394	-187500.022352	0.066000	1.000000	0.050000	192.000000	0.000000	0.000000	0.000000	0.000000	0.000000	0.000000	0.000000	0.000000	0.000000	1761332296.713964	0.000000
143.000000	38931.776754	39808.188654	-187500.022352	-187500.022352	92518.340649	82957.091386	94683.218859	-187500.022352	0.066000	1.000000	0.050000	192.000000	0.000000	0.000000	0.000000	0.000000	0.000000	0.000000	0.000000	0.000000	0.000000	1761332296.713981	0.000000
144.000000	38885.910974	39761.697026	-187500.022352	-187500.022352	92636.111991	83093.124103	94828.035811	-187500.022352	0.066000	0.998000	0.052000	192.000000	2.000000	16.000000	31.000000	48.000000	1.000000	160.000000	0.000000	0.000000	0.000000	1761332296.713999	0.000000
145.000000	38887.386189	39754.946799	-187500.022352	-187500.022352	92603.344334	82832.770983	95086.354922	-187500.022352	0.066000	0.998000	0.052000	192.000000	0.000000	0.000000	0.000000	0.000000	0.000000	0.000000	0.000000	0.000000	0.000000	1761332296.714017	0.000000
146.000000	38927.485219	39801.147854	-187500.022352	-187500.022352	92494.401931	82687.238775	94995.830357	-187500.022352	0.066000	0.998000	0.052000	192.000000	0.000000	0.000000	0.000000	0.000000	0.000000	0.000000	0.000000	0.000000	0.000000	1761332296.714044	0.000000
147.000000	38930.480353	39815.363564	-187500.022352	-187500.022352	92497.777045	82914.444258	94707.090522	-187500.022352	0.066000	0.998000	0.052000	192.000000	0.000000	0.000000	0.000000	0.000000	0.000000	0.000000	0.000000	0.000000	0.000000	1761332296.714069	0.000000
148.000000	38880.010114	39759.819479	-187500.022352	-187500.022352	92628.177122	83130.183295	94797.413921	-187500.022352	0.066000	0.998000	0.052000	192.000000	0.000000	0.000000	0.000000	0.000000	0.000000	0.000000	0.000000	0.000000	0.000000	1761332296.714095	0.000000
149.000000	38864.341541	39730.628101	-187500.022352	-187500.022352	92627.886549	82906.375278	95090.042959	-187500.022352	0.066000	0.998000	0.052000	192.000000	0.000000	0.000000	0.000000	0.000000	0.000000	0.000000	0.000000	0.000000	0.000000	1761332296.714122	0.000000
150.000000	38907.189835	39778.237316	-187500.022352	-187500.022352	92534.188036	82720.922854	95097.776663	-187500.022352	0.066000	0.998000	0.052000	192.000000	0.000000	0.000000	0.000000	0.000000	0.000000	0.000000	0.000000	0.000000	0.000000	1761332296.714148	0.000000
151.000000	38926.792315	39812.323727	-187500.022352	-187500.022352	92499.542832	82877.787397	94778.973732	-187500.022352	0.066000	0.998000	0.052000	192.000000	0.000000	0.000000	0.000000	0.000000	0.000000	0.000000	0.000000	0.000000	0.000000	1761332296.714175	0.000000
152.000000	38886.268602	39768.760177	-187500.022352	-187500.022352	92622.253909	83136.866467	94777.744386	-187500.022352	0.066000	0.998000	0.052000	192.000000	0.000000	0.000000	0.000000	0.000000	0.000000	0.000000	0.000000	0.000000	0.000000	1761332296.714201	0.000000
153.000000	38870.354160	39736.975996	-187500.022352	-187500.022352	92647.444325	82961.785252	95056.738860	-187500.022352	0.066000	0.998000	0.052000	192.000000	0.000000	0.000000	0.000000	0.000000	0.000000	0.000000	0.000000	0.000000	0.000000	1761332296.714228	0.000000
154.000000	38900.372553	39769.341322	-187500.022352	-187500.022352	92553.477592	82729.818848	95125.582233	-187500.022352	0.054000	1.006000	0.052000	192.000000	1.000000	176.000000	31.000000	112.000000	1.000000	160.000000	0.000000	0.000000	0.000000	1761332296.714255	0.000000
155.000000	38926.322928	39809.418000	-187500.022352	-187500.022352	92479.828594	82805.479503	94794.619953	-187500.022352	0.054000	1.006000	0.052000	192.000000	0.000000	0.000000	0.000000	0.000000	0.000000	0.000000	0.000000	0.000000	0.000000	1761332296.714283	0.000000
156.000000	38892.281221	39775.175127	-187500.022352	-187500.022352	92587.943982	83097.996783	94715.941813	-187500.022352	0.054000	1.006000	0.052000	192.000000	0.000000	0.000000	0.000000	0.000000	0.000000	0.000000	0.000000	0.000000	0.000000	1761332296.714309	0.000000
157.000000	38871.427044	39733.980862	-187500.022352	-187500.022352	92644.359785	82997.637450	94978.060720	-187500.022352	0.054000	1.006000	0.052000	192.000000	0.000000	0.000000	0.000000	0.000000	0.000000	0.000000	0.000000	0.000000	0.000000	1761332296.714336	0.000000
158.000000	38887.989686	39755.952627	-187500.022352	-187500.022352	92570.867249	82746.783822	95141.407268	-187500.022352	0.054000	1.006000	0.052000	192.000000	0.000000	0.000000	0.000000	0.000000	0.000000	0.000000	0.000000	0.000000	0.000000	1761332296.714363	0.000000
159.000000	38919.952681	39800.097322	-187500.022352	-187500.022352	92485.036550	82775.796387	94880.987094	-187500.022352	0.054000	1.006000	0.052000	192.000000	0.000000	0.000000	0.000000	0.000000	0.000000	0.000000	0.000000	0.000000	0.000000	1761332296.714389	0.000000
160.000000	38899.880815	39782.394741	-187500.022352	-187500.022352	92566.262790	83069.386550	94709.213937	-187500.022352	0.054000	1.006000	0.052000	192.000000	0.000000	0.000000	0.000000	0.000000	0.000000	0.000000	0.000000	0.000000	0.000000	1761332296.714417	0.000000
161.000000	38869.951829	39743.390947	-187500.022352	-187500.022352	92641.677575	83039.792840	94923.030725	-187500.022352	0.054000	1.006000	0.052000	192.000000	0.000000	0.000000	0.000000	0.000000	0.000000	0.000000	0.000000	0.000000	0.000000	1761332296.714461	0.000000
162.000000	38881.530032	39745.156735	-187500.022352	-187500.022352	92581.909011	82761.603029	95120.888367	-187500.022352	0.054000	1.006000	0.052000	192.000000	0.000000	0.000000	0.000000	0.000000	0.000000	0.000000	0.000000	0.000000	0.000000	1761332296.714488	0.000000
163.000000	38921.182027	39792.765950	-187500.022352	-187500.022352	92485.103605	82727.717784	94913.978268	-187500.022352	0.054000	1.006000	0.052000	192.000000	0.000000	0.000000	0.000000	0.000000	0.000000	0.000000	0.000000	0.000000	0.000000	1761332296.714514	0.000000
164.000000	38909.447361	39791.111921	-187500.022352	-187500.022352	92537.831371	83006.511093	94674.412271	-187500.022352	0.044000	1.002000	0.058000	192.000000	1.000000	96.000000	31.000000	80.000000	1.000000	208.000000	0.000000	0.000000	0.000000	1761332296.714541	0.000000
165.000000	38858.194811	39729.286996	-187500.022352	-187500.022352	92637.810724	83070.727655	94861.652835	-187500.022352	0.044000	1.002000	0.058000	192.000000	0.000000	0.000000	0.000000	0.000000	0.000000	0.000000	0.000000	0.000000	0.000000	1761332296.714569	0.000000
166.000000	38866.509660	39729.018775	-187500.022352	-187500.022352	92596.996438	82792.247271	95110.271288	-187500.022352	0.044000	1.002000	0.058000	192.000000	0.000000	0.000000	0.000000	0.000000	0.000000	0.000000	0.000000	0.000000	0.000000	1761332297.190924	0.000000
167.000000	38899.590242	39769.140156	-187500.022352	-187500.022352	92485.796509	82683.282516	94943.795495	-187500.022352	0.044000	1.002000	0.058000	192.000000	0.000000	0.000000	0.000000	0.000000	0.000000	0.000000	0.000000	0.000000	0.000000	1761332297.191001	0.000000
168.000000	38872.477576	39752.666921	-187500.022352	-187500.022352	92499.520481	82921.373298	94642.784553	-187500.022352	0.044000	1.002000	0.058000	192.000000	0.000000	0.000000	0.000000	0.000000	0.000000	0.000000	0.000000	0.000000	0.000000	1761332297.191029	0.000000
169.000000	38830.098668	39693.635964	-187500.022352	-187500.022352	92628.288880	83088.005553	94793.547069	-187500.022352	0.044000	1.002000	0.058000	192.000000	0.000000	0.000000	0.000000	0.000000	0.000000	0.000000	0.000000	0.000000	0.000000	1761332297.191054	0.000000
170.000000	38825.158933	39677.207431	-187500.022352	-187500.022352	92603.456092	82831.139306	95062.773831	-187500.022352	0.044000	1.002000	0.058000	192.000000	0.000000	0.000000	0.000000	0.000000	0.000000	0.000000	0.000000	0.000000	0.000000	1761332297.191079	0.000000
171.000000	38855.445547	39718.222883	-187500.022352	-187500.022352	92505.622507	82685.182415	95012.013020	-187500.022352	0.044000	1.002000	0.058000	192.000000	0.000000	0.000000	0.000000	0.000000	0.000000	0.000000	0.000000	0.000000	0.000000	1761332297.191104	0.000000
172.000000	38868.297800	39744.240313	-187500.022352	-187500.022352	92484.365998	82871.305391	94681.274257	-187500.022352	0.044000	1.002000	0.058000	192.000000	0.000000	0.000000	0.000000	0.000000	0.000000	0.000000	0.000000	0.000000	0.000000	1761332297.191129	0.000000
173.000000	38823.527255	39702.531958	-187500.022352	-187500.022352	92610.273374	83091.157149	94733.890263	-187500.022352	0.044000	1.002000	0.058000	192.000000	0.000000	0.000000	0.000000	0.000000	0.000000	0.000000	0.000000	0.000000	0.000000	1761332297.191155	0.000000
174.000000	38801.086104	39665.942152	-187500.022352	-187500.022352	92620.801046	82879.329667	95014.829339	-187500.022352	0.038000	0.990000	0.062000	192.000000	1.000000	48.000000	30.000000	240.000000	1.000000	240.000000	0.000000	0.000000	0.000000	1761332297.191181	0.000000
175.000000	38823.169628	39685.075246	-187500.022352	-187500.022352	92523.414495	82691.686772	95054.928369	-187500.022352	0.038000	0.990000	0.062000	192.000000	0.000000	0.000000	0.000000	0.000000	0.000000	0.000000	0.000000	0.000000	0.000000	1761332297.191208	0.000000
176.000000	38855.400843	39727.252987	-187500.022352	-187500.022352	92465.523477	82810.039259	94707.828129	-187500.022352	0.038000	0.990000	0.062000	192.000000	0.000000	0.000000	0.000000	0.000000	0.000000	0.000000	0.000000	0.000000	0.000000	1761332297.191296	0.000000
177.000000	38798.225081	39674.547574	-187500.022352	-187500.022352	92595.498871	83093.749952	94710.309173	-187500.022352	0.038000	0.990000	0.062000	192.000000	0.000000	0.000000	0.000000	0.000000	0.000000	0.000000	0.000000	0.000000	0.000000	1761332297.191323	0.000000
178.000000	38773.302886	39638.896541	-187500.022352	-187500.022352	92633.429782	82942.071014	95004.234612	-187500.022352	0.038000	0.990000	0.062000	192.000000	0.000000	0.000000	0.000000	0.000000	0.000000	0.000000	0.000000	0.000000	0.000000	1761332297.191348	0.000000
179.000000	38820.755639	39683.756493	-187500.022352	-187500.022352	92548.068470	82704.114342	95095.295619	-187500.022352	0.038000	0.990000	0.062000	192.000000	0.000000	0.000000	0.000000	0.000000	0.000000	0.000000	0.000000	0.000000	0.000000	1761332297.191374	0.000000
180.000000	38852.562172	39731.656281	-187500.022352	-187500.022352	92476.721701	82772.778901	94791.825985	-187500.022352	0.038000	0.990000	0.062000	192.000000	0.000000	0.000000	0.000000	0.000000	0.000000	0.000000	0.000000	0.000000	0.000000	1761332297.191399	0.000000
181.000000	38822.141447	39701.235557	-187500.022352	-187500.022352	92568.274447	83049.672312	94670.433661	-187500.022352	0.038000	0.990000	0.062000	192.000000	0.000000	0.000000	0.000000	0.000000	0.000000	0.000000	0.000000	0.000000	0.000000	1761332297.191424	0.000000
182.000000	38802.896595	39660.175402	-187500.022352	-187500.022352	92638.011889	82966.568526	94928.171626	-187500.022352	0.038000	0.990000	0.062000	192.000000	0.000000	0.000000	0.000000	0.000000	0.000000	0.000000	0.000000	0.000000	0.000000	1761332297.191450	0.000000
183.000000	38823.616662	39675.754568	-187500.022352	-187500.022352	92565.212258	82715.737249	95099.922431	-187500.022352	0.038000	0.990000	0.062000	192.000000	0.000000	0.000000	0.000000	0.000000	0.000000	0.000000	0.000000	0.000000	0.000000	1761332297.191475	0.000000
184.000000	38857.948942	39722.469714	-187500.022352	-187500.022352	92461.991902	82710.484589	94817.686953	-187500.022352	0.046000	0.992000	0.066000	192.000000	1.000000	112.000000	31.000000	0.000000	2.000000	16.000000	0.000000	0.000000	0.000000	1761332297.191500	0.000000
185.000000	38839.575808	39713.752534	-187500.022352	-187500.022352	92550.393051	83014.043631	94646.874922	-187500.022352	0.046000	0.992000	0.066000	192.000000	0.000000	0.000000	0.000000	0.000000	0.000000	0.000000	0.000000	0.000000	0.000000	1761332297.191527	0.000000
186.000000	38807.076372	39663.885792	-187500.022352	-187500.022352	92642.593997	83021.039727	94886.642085	-187500.022352	0.046000	0.992000	0.066000	192.000000	0.000000	0.000000	0.000000	0.000000	0.000000	0.000000	0.000000	0.000000	0.000000	1761332297.191552	0.000000
187.000000	38814.944186	39666.076263	-187500.022352	-187500.022352	92588.793348	82756.015093	95110.628916	-187500.022352	0.046000	0.992000	0.066000	192.000000	0.000000	0.000000	0.000000	0.000000	0.000000	0.000000	0.000000	0.000000	0.000000	1761332297.191576	0.000000
188.000000	38840.939264	39706.287051	-187500.022352	-187500.022352	92484.030722	82691.440903	94908.949126	-187500.022352	0.046000	0.992000	0.066000	192.000000	0.000000	0.000000	0.000000	0.000000	0.000000	0.000000	0.000000	0.000000	0.000000	1761332297.191602	0.000000
189.000000	38837.586503	39715.563025	-187500.022352	-187500.022352	92527.057830	82964.065130	94662.789364	-187500.022352	0.046000	0.992000	0.066000	192.000000	0.000000	0.000000	0.000000	0.000000	0.000000	0.000000	0.000000	0.000000	0.000000	1761332297.191628	0.000000
190.000000	38814.765372	39684.449397	-187500.022352	-187500.022352	92637.006061	83046.744233	94825.666526	-187500.022352	0.046000	0.992000	0.066000	192.000000	0.000000	0.000000	0.000000	0.000000	0.000000	0.000000	0.000000	0.000000	0.000000	1761332297.191653	0.000000
191.000000	38802.315450	39663.125832	-187500.022352	-187500.022352	92605.803025	82794.504797	95106.404436	-187500.022352	0.046000	0.992000	0.066000	192.000000	0.000000	0.000000	0.000000	0.000000	0.000000	0.000000	0.000000	0.000000	0.000000	1761332297.191678	0.000000
192.000000	38835.619549	39704.498911	-187500.022352	-187500.022352	92502.046228	82680.846176	94988.431929	-187500.022352	0.046000	0.992000	0.066000	192.000000	0.000000	0.000000	0.000000	0.000000	0.000000	0.000000	0.000000	0.000000	0.000000	1761332297.191719	0.000000
193.000000	38845.879000	39725.375441	-187500.022352	-187500.022352	92502.739132	82900.005031	94669.092556	-187500.022352	0.046000	0.992000	0.066000	192.000000	0.000000	0.000000	0.000000	0.000000	0.000000	0.000000	0.000000	0.000000	0.000000	1761332297.191744	0.000000
194.000000	38801.756656	39671.843013	-187500.022352	-187500.022352	92630.077020	83069.319495	94785.969828	-187500.022352	0.054000	0.992000	0.076000	192.000000	1.000000	176.000000	31.000000	0.000000	2.000000	96.000000	0.000000	0.000000	0.000000	1761332297.191770	0.000000
195.000000	38801.913119	39652.732271	-187500.022352	-187500.022352	92621.963337	82833.597998	95068.250009	-187500.022352	0.054000	0.992000	0.076000	192.000000	0.000000	0.000000	0.000000	0.000000	0.000000	0.000000	0.000000	0.000000	0.000000	1761332297.191796	0.000000
196.000000	38843.934398	39694.753551	-187500.022352	-187500.022352	92515.256109	82673.425397	95032.934252	-187500.022352	0.054000	0.992000	0.076000	192.000000	0.000000	0.000000	0.000000	0.000000	0.000000	0.000000	0.000000	0.000000	0.000000	1761332297.191822	0.000000
197.000000	38861.212297	39732.840923	-187500.022352	-187500.022352	92470.172640	82832.346300	94682.190678	-187500.022352	0.054000	0.992000	0.076000	192.000000	0.000000	0.000000	0.000000	0.000000	0.000000	0.000000	0.000000	0.000000	0.000000	1761332297.191847	0.000000
198.000000	38816.240587	39688.316248	-187500.022352	-187500.022352	92588.726293	83057.517774	94705.391789	-187500.022352	0.054000	0.992000	0.076000	192.000000	0.000000	0.000000	0.000000	0.000000	0.000000	0.000000	0.000000	0.000000	0.000000	1761332297.191872	0.000000
199.000000	38794.112360	39641.556399	-187500.022352	-187500.022352	92605.579508	82863.795205	94992.991685	-187500.022352	0.054000	0.992000	0.076000	192.000000	0.000000	0.000000	0.000000	0.000000	0.000000	0.000000	0.000000	0.000000	0.000000	1761332297.191898	0.000000
200.000000	38827.841142	39674.905202	-187500.022352	-187500.022352	92509.489359	82660.148461	95046.010023	-187500.022352	0.054000	0.992000	0.076000	192.000000	0.000000	0.000000	0.000000	0.000000	0.000000	0.000000	0.000000	0.000000	0.000000	1761332297.191923	0.000000
201.000000	38862.061663	39733.265607	-187500.022352	-187500.022352	92454.727585	82774.120006	94722.401467	-187500.022352	0.054000	0.992000	0.076000	192.000000	0.000000	0.000000	0.000000	0.000000	0.000000	0.000000	0.000000	0.000000	0.000000	1761332297.191948	0.000000
202.000000	38814.385392	39691.244327	-187500.022352	-187500.022352	92565.033444	83041.737442	94674.233457	-187500.022352	0.054000	0.992000	0.076000	192.000000	0.000000	0.000000	0.000000	0.000000	0.000000	0.000000	0.000000	0.000000	0.000000	1761332297.191973	0.000000
203.000000	38791.005467	39647.479611	-187500.022352	-187500.022352	92604.752493	82909.303356	94959.329958	-187500.022352	0.054000	0.992000	0.076000	192.000000	0.000000	0.000000	0.000000	0.000000	0.000000	0.000000	0.000000	0.000000	0.000000	1761332297.191998	0.000000
204.000000	38827.617625	39684.874080	-187500.022352	-187500.022352	92530.611757	82682.790778	95091.205250	-187500.022352	0.060000	0.992000	0.092000	192.000000	1.000000	224.000000	31.000000	0.000000	2.000000	224.000000	0.000000	0.000000	0.000000	1761332297.192024	0.000000
205.000000	38863.559230	39731.321005	-187500.022352	-187500.022352	92445.451611	82720.453467	94763.863953	-187500.022352	0.060000	0.992000	0.092000	192.000000	0.000000	0.000000	0.000000	0.000000	0.000000	0.000000	0.000000	0.000000	0.000000	1761332297.192050	0.000000
206.000000	38823.415497	39689.344429	-187500.022352	-187500.022352	92535.819714	83013.261320	94637.844817	-187500.022352	0.060000	0.992000	0.092000	192.000000	0.000000	0.000000	0.000000	0.000000	0.000000	0.000000	0.000000	0.000000	0.000000	1761332297.192075	0.000000
207.000000	38792.055999	39638.404803	-187500.022352	-187500.022352	92604.640735	82950.989360	94892.073559	-187500.022352	0.060000	0.992000	0.092000	192.000000	0.000000	0.000000	0.000000	0.000000	0.000000	0.000000	0.000000	0.000000	0.000000	1761332297.192113	0.000000
208.000000	38806.785799	39665.048082	-187500.022352	-187500.022352	92547.129696	82708.584691	95095.854413	-187500.022352	0.060000	0.992000	0.092000	192.000000	0.000000	0.000000	0.000000	0.000000	0.000000	0.000000	0.000000	0.000000	0.000000	1761332297.192139	0.000000
209.000000	38822.275558	39691.557251	-187500.022352	-187500.022352	92447.351509	82689.786874	94841.491561	-187500.022352	0.060000	0.992000	0.092000	192.000000	0.000000	0.000000	0.000000	0.000000	0.000000	0.000000	0.000000	0.000000	0.000000	1761332297.192164	0.000000
210.000000	38811.770238	39671.574792	-187500.022352	-187500.022352	92506.203652	82959.460671	94622.198596	-187500.022352	0.060000	0.992000	0.092000	192.000000	0.000000	0.000000	0.000000	0.000000	0.000000	0.000000	0.000000	0.000000	0.000000	1761332297.192189	0.000000
211.000000	38803.276575	39658.141393	-187500.022352	-187500.022352	92620.577529	83000.096142	94852.712137	-187500.022352	0.060000	0.992000	0.092000	192.000000	0.000000	0.000000	0.000000	0.000000	0.000000	0.000000	0.000000	0.000000	0.000000	1761332297.192214	0.000000
212.000000	38803.924776	39654.363949	-187500.022352	-187500.022352	92578.086862	82749.488383	95102.202308	-187500.022352	0.060000	0.992000	0.092000	192.000000	0.000000	0.000000	0.000000	0.000000	0.000000	0.000000	0.000000	0.000000	0.000000	1761332297.192239	0.000000
213.000000	38840.872209	39691.803121	-187500.022352	-187500.022352	92473.480698	82687.283479	94938.185208	-187500.022352	0.060000	0.992000	0.092000	192.000000	0.000000	0.000000	0.000000	0.000000	0.000000	0.000000	0.000000	0.000000	0.000000	1761332297.192265	0.000000
214.000000	38843.509715	39706.108237	-187500.022352	-187500.022352	92491.764425	82924.927226	94638.649480	-187500.022352	0.072000	0.980000	0.098000	192.000000	2.000000	64.000000	30.000000	160.000000	3.000000	16.000000	0.000000	0.000000	0.000000	1761332297.192290	0.000000
215.000000	38795.207595	39647.032576	-187500.022352	-187500.022352	92603.076113	83032.170896	94793.994104	-187500.022352	0.072000	0.980000	0.098000	192.000000	0.000000	0.000000	0.000000	0.000000	0.000000	0.000000	0.000000	0.000000	0.000000	1761332297.192316	0.000000
216.000000	38786.423360	39642.450469	-187500.022352	-187500.022352	92588.256906	82792.537843	95087.427805	-187500.022352	0.072000	0.980000	0.098000	192.000000	0.000000	0.000000	0.000000	0.000000	0.000000	0.000000	0.000000	0.000000	0.000000	1761332297.192342	0.000000
217.000000	38824.175456	39696.966374	-187500.022352	-187500.022352	92481.437919	82665.378769	94986.755548	-187500.022352	0.072000	0.980000	0.098000	192.000000	0.000000	0.000000	0.000000	0.000000	0.000000	0.000000	0.000000	0.000000	0.000000	1761332297.192366	0.000000
218.000000	38843.889695	39717.932310	-187500.022352	-187500.022352	92475.179431	82870.500728	94662.856419	-187500.022352	0.072000	0.980000	0.098000	192.000000	0.000000	0.000000	0.000000	0.000000	0.000000	0.000000	0.000000	0.000000	0.000000	1761332297.192392	0.000000
219.000000	38796.951031	39656.263847	-187500.022352	-187500.022352	92595.722389	83053.963846	94760.399432	-187500.022352	0.072000	0.980000	0.098000	192.000000	0.000000	0.000000	0.000000	0.000000	0.000000	0.000000	0.000000	0.000000	0.000000	1761332297.192416	0.000000
220.000000	38779.136691	39629.620568	-187500.022352	-187500.022352	92605.378342	82847.701949	95077.615390	-187500.022352	0.072000	0.980000	0.098000	192.000000	0.000000	0.000000	0.000000	0.000000	0.000000	0.000000	0.000000	0.000000	0.000000	1761332297.192441	0.000000
221.000000	38811.725534	39665.316303	-187500.022352	-187500.022352	92507.522405	82676.733455	95060.493953	-187500.022352	0.072000	0.980000	0.098000	192.000000	0.000000	0.000000	0.000000	0.000000	0.000000	0.000000	0.000000	0.000000	0.000000	1761332297.192466	0.000000
222.000000	38836.468916	39697.771036	-187500.022352	-187500.022352	92452.648872	82818.890550	94705.369437	-187500.022352	0.072000	0.980000	0.098000	192.000000	0.000000	0.000000	0.000000	0.000000	0.000000	0.000000	0.000000	0.000000	0.000000	1761332297.192504	0.000000
223.000000	38805.601156	39673.184117	-187500.022352	-187500.022352	92574.734101	83051.393396	94715.718295	-187500.022352	0.072000	0.980000	0.098000	192.000000	0.000000	0.000000	0.000000	0.000000	0.000000	0.000000	0.000000	0.000000	0.000000	1761332297.192530	0.000000
224.000000	38787.608002	39653.782803	-187500.022352	-187500.022352	92623.147979	82900.966156	95036.309366	-187500.022352	0.068000	0.982000	0.092000	192.000000	2.000000	32.000000	30.000000	176.000000	2.000000	224.000000	0.000000	0.000000	0.000000	1761332297.192555	0.000000
225.000000	38810.026802	39677.967391	-187500.022352	-187500.022352	92542.122906	82710.328127	95131.684259	-187500.022352	0.068000	0.982000	0.092000	192.000000	0.000000	0.000000	0.000000	0.000000	0.000000	0.000000	0.000000	0.000000	0.000000	1761332297.192601	0.000000
226.000000	38848.807078	39724.257854	-187500.022352	-187500.022352	92462.483640	82787.463997	94787.199174	-187500.022352	0.068000	0.982000	0.092000	192.000000	0.000000	0.000000	0.000000	0.000000	0.000000	0.000000	0.000000	0.000000	0.000000	1761332297.192665	0.000000
227.000000	38803.589499	39673.407635	-187500.022352	-187500.022352	92564.385243	83059.372969	94713.974859	-187500.022352	0.068000	0.982000	0.092000	192.000000	0.000000	0.000000	0.000000	0.000000	0.000000	0.000000	0.000000	0.000000	0.000000	1761332297.192692	0.000000
228.000000	38777.102682	39638.382451	-187500.022352	-187500.022352	92622.432723	82954.073900	94999.473691	-187500.022352	0.068000	0.982000	0.092000	192.000000	0.000000	0.000000	0.000000	0.000000	0.000000	0.000000	0.000000	0.000000	0.000000	1761332297.192717	0.000000
229.000000	38810.071505	39665.606876	-187500.022352	-187500.022352	92560.339577	82734.959750	95159.400423	-187500.022352	0.068000	0.982000	0.092000	192.000000	0.000000	0.000000	0.000000	0.000000	0.000000	0.000000	0.000000	0.000000	0.000000	1761332297.192743	0.000000
230.000000	38845.253151	39707.158769	-187500.022352	-187500.022352	92454.615826	82742.291122	94837.065916	-187500.022352	0.068000	0.982000	0.092000	192.000000	0.000000	0.000000	0.000000	0.000000	0.000000	0.000000	0.000000	0.000000	0.000000	1761332297.192768	0.000000
231.000000	38809.535063	39682.705961	-187500.022352	-187500.022352	92528.622452	83016.636433	94666.611512	-187500.022352	0.068000	0.982000	0.092000	192.000000	0.000000	0.000000	0.000000	0.000000	0.000000	0.000000	0.000000	0.000000	0.000000	1761332297.192793	0.000000
232.000000	38785.372828	39639.723556	-187500.022352	-187500.022352	92619.370534	82995.156407	94931.502036	-187500.022352	0.068000	0.982000	0.092000	192.000000	0.000000	0.000000	0.000000	0.000000	0.000000	0.000000	0.000000	0.000000	0.000000	1761332297.192818	0.000000
233.000000	38799.812055	39646.093803	-187500.022352	-187500.022352	92581.663141	82768.867346	95174.532553	-187500.022352	0.068000	0.982000	0.092000	192.000000	0.000000	0.000000	0.000000	0.000000	0.000000	0.000000	0.000000	0.000000	0.000000	1761332297.192844	0.000000
234.000000	38843.934398	39705.817664	-187500.022352	-187500.022352	92470.574972	82725.192037	94922.918966	-187500.022352	0.064000	0.990000	0.092000	192.000000	2.000000	0.000000	30.000000	240.000000	2.000000	224.000000	0.000000	0.000000	0.000000	1761332297.192869	0.000000
235.000000	38825.404802	39695.602917	-187500.022352	-187500.022352	92508.461178	82977.319715	94668.645521	-187500.022352	0.064000	0.990000	0.092000	192.000000	0.000000	0.000000	0.000000	0.000000	0.000000	0.000000	0.000000	0.000000	0.000000	1761332297.192896	0.000000
236.000000	38786.870395	39644.953864	-187500.022352	-187500.022352	92624.556139	83035.791878	94885.569201	-187500.022352	0.064000	0.990000	0.092000	192.000000	0.000000	0.000000	0.000000	0.000000	0.000000	0.000000	0.000000	0.000000	0.000000	1761332297.192921	0.000000
237.000000	38799.476778	39658.990760	-187500.022352	-187500.022352	92597.264659	82795.331811	95152.672547	-187500.022352	0.064000	0.990000	0.092000	192.000000	0.000000	0.000000	0.000000	0.000000	0.000000	0.000000	0.000000	0.000000	0.000000	1761332297.192946	0.000000
238.000000	38834.971349	39695.960545	-187500.022352	-187500.022352	92492.859661	82713.524427	94994.332790	-187500.022352	0.064000	0.990000	0.092000	192.000000	0.000000	0.000000	0.000000	0.000000	0.000000	0.000000	0.000000	0.000000	0.000000	1761332297.192984	0.000000
239.000000	38815.771200	39683.465920	-187500.022352	-187500.022352	92494.491338	82929.688147	94688.426815	-187500.022352	0.064000	0.990000	0.092000	192.000000	0.000000	0.000000	0.000000	0.000000	0.000000	0.000000	0.000000	0.000000	0.000000	1761332297.193010	0.000000
240.000000	38780.857775	39637.331919	-187500.022352	-187500.022352	92618.901148	83073.141643	94855.975492	-187500.022352	0.064000	0.990000	0.092000	192.000000	0.000000	0.000000	0.000000	0.000000	0.000000	0.000000	0.000000	0.000000	0.000000	1761332297.193035	0.000000
241.000000	38789.865528	39643.165725	-187500.022352	-187500.022352	92611.301555	82842.114012	95145.408230	-187500.022352	0.064000	0.990000	0.092000	192.000000	0.000000	0.000000	0.000000	0.000000	0.000000	0.000000	0.000000	0.000000	0.000000	1761332297.193060	0.000000
242.000000	38828.042308	39690.864347	-187500.022352	-187500.022352	92504.549623	82717.994776	95059.979863	-187500.022352	0.064000	0.990000	0.092000	192.000000	0.000000	0.000000	0.000000	0.000000	0.000000	0.000000	0.000000	0.000000	0.000000	1761332297.193084	0.000000
243.000000	38832.222084	39701.392019	-187500.022352	-187500.022352	92489.931582	82911.538531	94742.875665	-187500.022352	0.064000	0.990000	0.092000	192.000000	0.000000	0.000000	0.000000	0.000000	0.000000	0.000000	0.000000	0.000000	0.000000	1761332297.193108	0.000000
244.000000	38797.442770	39665.271600	-187500.022352	-187500.022352	92608.596994	83102.467132	94812.702514	-187500.022352	0.060000	1.000000	0.080000	192.000000	1.000000	224.000000	31.000000	64.000000	2.000000	128.000000	0.000000	0.000000	0.000000	1761332297.193132	0.000000
245.000000	38790.983116	39642.405765	-187500.022352	-187500.022352	92625.830188	82900.630879	95116.395666	-187500.022352	0.060000	1.000000	0.080000	192.000000	0.000000	0.000000	0.000000	0.000000	0.000000	0.000000	0.000000	0.000000	0.000000	1761332297.193157	0.000000
246.000000	38819.369831	39675.732216	-187500.022352	-187500.022352	92539.530103	82735.272674	95134.969966	-187500.022352	0.060000	1.000000	0.080000	192.000000	0.000000	0.000000	0.000000	0.000000	0.000000	0.000000	0.000000	0.000000	0.000000	1761332297.193181	0.000000
247.000000	38845.163744	39714.221920	-187500.022352	-187500.022352	92479.158041	82858.475489	94782.862935	-187500.022352	0.060000	1.000000	0.080000	192.000000	0.000000	0.000000	0.000000	0.000000	0.000000	0.000000	0.000000	0.000000	0.000000	1761332297.193205	0.000000
248.000000	38809.311546	39678.839109	-187500.022352	-187500.022352	92588.838051	83090.285431	94755.146772	-187500.022352	0.060000	1.000000	0.080000	192.000000	0.000000	0.000000	0.000000	0.000000	0.000000	0.000000	0.000000	0.000000	0.000000	1761332297.193228	0.000000
249.000000	38792.771255	39651.704091	-187500.022352	-187500.022352	92639.017718	82951.101118	95071.692177	-187500.022352	0.060000	1.000000	0.080000	192.000000	0.000000	0.000000	0.000000	0.000000	0.000000	0.000000	0.000000	0.000000	0.000000	1761332297.193252	0.000000
250.000000	38823.169628	39682.974182	-187500.022352	-187500.022352	92564.608760	82750.360102	95178.377054	-187500.022352	0.060000	1.000000	0.080000	192.000000	0.000000	0.000000	0.000000	0.000000	0.000000	0.000000	0.000000	0.000000	0.000000	1761332297.193275	0.000000
251.000000	38849.142355	39721.083906	-187500.022352	-187500.022352	92472.497222	82798.729277	94827.946404	-187500.022352	0.060000	1.000000	0.080000	192.000000	0.000000	0.000000	0.000000	0.000000	0.000000	0.000000	0.000000	0.000000	0.000000	1761332297.193299	0.000000
252.000000	38813.446619	39691.400789	-187500.022352	-187500.022352	92572.186002	83074.035713	94730.917481	-187500.022352	0.060000	1.000000	0.080000	192.000000	0.000000	0.000000	0.000000	0.000000	0.000000	0.000000	0.000000	0.000000	0.000000	1761332297.193323	0.000000
253.000000	38797.442770	39656.867344	-187500.022352	-187500.022352	92648.628968	82995.916366	95011.610688	-187500.022352	0.060000	1.000000	0.080000	192.000000	0.000000	0.000000	0.000000	0.000000	0.000000	0.000000	0.000000	0.000000	0.000000	1761332297.193359	0.000000
254.000000	38825.583616	39674.771091	-187500.022352	-187500.022352	92587.094615	82772.309515	95178.667626	-187500.022352	0.058000	1.006000	0.086000	192.000000	1.000000	208.000000	31.000000	112.000000	2.000000	176.000000	0.000000	0.000000	0.000000	1761332297.193383	0.000000
255.000000	38867.984875	39732.326833	-187500.022352	-187500.022352	92491.429149	82792.984878	94901.751864	-187500.022352	0.058000	1.006000	0.086000	192.000000	0.000000	0.000000	0.000000	0.000000	0.000000	0.000000	0.000000	0.000000	0.000000	1761332297.193408	0.000000
0.000000	38836.893599	39710.086848	-187500.022352	-187500.022352	92554.818696	83051.505155	94716.902938	-187500.022352	0.058000	1.006000	0.086000	192.000000	0.000000	0.000000	0.000000	0.000000	0.000000	0.000000	0.000000	0.000000	0.000000	1761332297.193431	0.000000
1.000000	38801.063752	39665.338655	-187500.022352	-187500.022352	92652.093488	83045.581942	94978.910086	-187500.022352	0.058000	1.006000	0.086000	192.000000	0.000000	0.000000	0.000000	0.000000	0.000000	0.000000	0.000000	0.000000	0.000000	1761332297.193455	0.000000
2.000000	38804.282404	39660.108347	-187500.022352	-187500.022352	92606.183005	82804.831303	95207.613135	-187500.022352	0.058000	1.006000	0.086000	192.000000	0.000000	0.000000	0.000000	0.000000	0.000000	0.000000	0.000000	0.000000	0.000000	1761332297.193478	0.000000
3.000000	38830.702165	39691.445493	-187500.022352	-187500.022352	92498.335838	82759.837241	94988.610743	-187500.022352	0.058000	1.006000	0.086000	192.000000	0.000000	0.000000	0.000000	0.000000	0.000000	0.000000	0.000000	0.000000	0.000000	1761332297.193502	0.000000
4.000000	38826.924721	39704.320097	-187500.022352	-187500.022352	92531.662289	83009.148599	94728.101161	-187500.022352	0.058000	1.006000	0.086000	192.000000	0.000000	0.000000	0.000000	0.000000	0.000000	0.000000	0.000000	0.000000	0.000000	1761332297.193526	0.000000
5.000000	38796.660459	39662.455280	-187500.022352	-187500.022352	92639.420049	83073.633382	94919.901481	-187500.022352	0.058000	1.006000	0.086000	192.000000	0.000000	0.000000	0.000000	0.000000	0.000000	0.000000	0.000000	0.000000	0.000000	1761332297.193549	0.000000
6.000000	38806.606985	39650.407690	-187500.022352	-187500.022352	92613.536729	82830.625216	95188.480042	-187500.022352	0.058000	1.006000	0.086000	192.000000	0.000000	0.000000	0.000000	0.000000	0.000000	0.000000	0.000000	0.000000	0.000000	1761332297.193572	0.000000
7.000000	38854.305608	39711.271490	-187500.022352	-187500.022352	92513.065638	82739.541857	95046.345299	-187500.022352	0.058000	1.006000	0.086000	192.000000	0.000000	0.000000	0.000000	0.000000	0.000000	0.000000	0.000000	0.000000	0.000000	1761332297.193596	0.000000
8.000000	38841.453355	39711.025621	-187500.022352	-187500.022352	92519.838216	82965.495642	94756.063194	-187500.022352	0.066000	1.004000	0.084000	192.000000	2.000000	16.000000	31.000000	96.000000	2.000000	160.000000	0.000000	0.000000	0.000000	1761332297.193621	0.000000
9.000000	38779.561374	39641.221123	-187500.022352	-187500.022352	92634.390907	83097.505045	94876.583800	-187500.022352	0.066000	1.004000	0.084000	192.000000	0.000000	0.000000	0.000000	0.000000	0.000000	0.000000	0.000000	0.000000	0.000000	1761332297.193648	0.000000
10.000000	38772.922906	39624.747887	-187500.022352	-187500.022352	92624.824360	82859.235449	95150.124449	-187500.022352	0.066000	1.004000	0.084000	192.000000	0.000000	0.000000	0.000000	0.000000	0.000000	0.000000	0.000000	0.000000	0.000000	1761332297.193675	0.000000
11.000000	38822.990814	39683.018885	-187500.022352	-187500.022352	92537.607853	82733.395127	95109.891309	-187500.022352	0.066000	1.004000	0.084000	192.000000	0.000000	0.000000	0.000000	0.000000	0.000000	0.000000	0.000000	0.000000	0.000000	1761332297.193702	0.000000
12.000000	38826.276520	39703.358972	-187500.022352	-187500.022352	92502.694428	82902.910757	94776.112709	-187500.022352	0.066000	1.004000	0.084000	192.000000	0.000000	0.000000	0.000000	0.000000	0.000000	0.000000	0.000000	0.000000	0.000000	1761332297.193743	0.000000
13.000000	38783.472929	39651.748795	-187500.022352	-187500.022352	92622.298613	83101.997745	94819.296279	-187500.022352	0.066000	1.004000	0.084000	192.000000	0.000000	0.000000	0.000000	0.000000	0.000000	0.000000	0.000000	0.000000	0.000000	1761332297.193770	0.000000
14.000000	38791.139578	39635.767297	-187500.022352	-187500.022352	92647.444325	82914.645423	95116.038038	-187500.022352	0.066000	1.004000	0.084000	192.000000	0.000000	0.000000	0.000000	0.000000	0.000000	0.000000	0.000000	0.000000	0.000000	1761332297.193796	0.000000
15.000000	38801.488435	39655.213315	-187500.022352	-187500.022352	92565.145202	82749.287218	95166.620036	-187500.022352	0.066000	1.004000	0.084000	192.000000	0.000000	0.000000	0.000000	0.000000	0.000000	0.000000	0.000000	0.000000	0.000000	1761332297.193822	0.000000
16.000000	38811.479665	39684.717618	-187500.022352	-187500.022352	92498.045265	82856.083853	94816.636421	-187500.022352	0.066000	1.004000	0.084000	192.000000	0.000000	0.000000	0.000000	0.000000	0.000000	0.000000	0.000000	0.000000	0.000000	1761332297.193849	0.000000
17.000000	38770.128938	39631.743983	-187500.022352	-187500.022352	92589.553307	83085.435103	94760.935874	-187500.022352	0.066000	1.004000	0.084000	192.000000	0.000000	0.000000	0.000000	0.000000	0.000000	0.000000	0.000000	0.000000	0.000000	1761332297.193875	0.000000
18.000000	38748.000711	39588.739227	-187500.022352	-187500.022352	92649.970073	82955.504412	95069.255837	-187500.022352	0.062000	0.990000	0.072000	192.000000	1.000000	240.000000	30.000000	240.000000	2.000000	64.000000	0.000000	0.000000	0.000000	1761332297.193901	0.000000
19.000000	38792.145406	39649.781841	-187500.022352	-187500.022352	92579.606781	82737.910180	95177.482984	-187500.022352	0.062000	0.990000	0.072000	192.000000	0.000000	0.000000	0.000000	0.000000	0.000000	0.000000	0.000000	0.000000	0.000000	1761332297.193929	0.000000
20.000000	38814.608909	39687.779807	-187500.022352	-187500.022352	92485.662399	82803.534902	94861.630483	-187500.022352	0.062000	0.990000	0.072000	192.000000	0.000000	0.000000	0.000000	0.000000	0.000000	0.000000	0.000000	0.000000	0.000000	1761332297.193956	0.000000
21.000000	38790.200804	39650.385338	-187500.022352	-187500.022352	92573.683569	83066.547879	94738.718240	-187500.022352	0.062000	0.990000	0.072000	192.000000	0.000000	0.000000	0.000000	0.000000	0.000000	0.000000	0.000000	0.000000	0.000000	1761332297.193982	0.000000
22.000000	38765.010388	39599.021029	-187500.022352	-187500.022352	92646.237331	82985.098122	94996.992647	-187500.022352	0.062000	0.990000	0.072000	192.000000	0.000000	0.000000	0.000000	0.000000	0.000000	0.000000	0.000000	0.000000	0.000000	1761332297.194009	0.000000
23.000000	38758.349569	39571.483680	-187500.022352	-187500.022352	92582.020769	82750.427157	95182.445071	-187500.022352	0.062000	0.990000	0.072000	192.000000	0.000000	0.000000	0.000000	0.000000	0.000000	0.000000	0.000000	0.000000	0.000000	1761332297.194036	0.000000
24.000000	38788.122092	39605.257166	-187500.022352	-187500.022352	92476.699349	82738.826601	94900.500166	-187500.022352	0.062000	0.990000	0.072000	192.000000	0.000000	0.000000	0.000000	0.000000	0.000000	0.000000	0.000000	0.000000	0.000000	1761332297.194062	0.000000
25.000000	38733.628539	39577.764520	-187500.022352	-187500.022352	92541.564112	83007.449866	94702.463711	-187500.022352	0.062000	0.990000	0.072000	192.000000	0.000000	0.000000	0.000000	0.000000	0.000000	0.000000	0.000000	0.000000	0.000000	1761332297.194089	0.000000
26.000000	38698.491597	39523.270967	-187500.022352	-187500.022352	92650.551218	83022.671404	94947.662347	-187500.022352	0.062000	0.990000	0.072000	192.000000	0.000000	0.000000	0.000000	0.000000	0.000000	0.000000	0.000000	0.000000	0.000000	1761332297.194115	0.000000
27.000000	38714.808370	39531.630520	-187500.022352	-187500.022352	92619.661107	82779.439721	95195.699655	-187500.022352	0.062000	0.990000	0.072000	192.000000	0.000000	0.000000	0.000000	0.000000	0.000000	0.000000	0.000000	0.000000	0.000000	1761332297.194141	0.000000
28.000000	38755.980284	39571.170756	-187500.022352	-187500.022352	92507.365943	82716.608967	94977.166650	-187500.022352	0.068000	0.982000	0.076000	192.000000	2.000000	32.000000	30.000000	176.000000	2.000000	96.000000	0.000000	0.000000	0.000000	1761332297.194182	0.000000
29.000000	38747.710138	39553.803450	-187500.022352	-187500.022352	92541.608815	82976.090369	94723.004964	-187500.022352	0.068000	0.982000	0.076000	192.000000	0.000000	0.000000	0.000000	0.000000	0.000000	0.000000	0.000000	0.000000	0.000000	1761332297.194211	0.000000
30.000000	38692.680143	39468.620952	-187500.022352	-187500.022352	92646.527904	83045.425480	94876.740262	-187500.022352	0.068000	0.982000	0.076000	192.000000	0.000000	0.000000	0.000000	0.000000	0.000000	0.000000	0.000000	0.000000	0.000000	1761332297.612010	0.000000
31.000000	38655.397434	39410.327603	-187500.022352	-187500.022352	92624.980822	82804.920710	95162.529667	-187500.022352	0.068000	0.982000	0.076000	192.000000	0.000000	0.000000	0.000000	0.000000	0.000000	0.000000	0.000000	0.000000	0.000000	1761332297.612183	0.000000
32.000000	38690.802597	39445.755118	-187500.022352	-187500.022352	92518.742981	82698.571110	95036.063497	-187500.022352	0.068000	0.982000	0.076000	192.000000	0.000000	0.000000	0.000000	0.000000	0.000000	0.000000	0.000000	0.000000	0.000000	1761332297.612239	0.000000
33.000000	38687.829815	39424.543312	-187500.022352	-187500.022352	92504.504920	82913.483133	94713.974859	-187500.022352	0.068000	0.982000	0.076000	192.000000	0.000000	0.000000	0.000000	0.000000	0.000000	0.000000	0.000000	0.000000	0.000000	1761332297.612276	0.000000
34.000000	38640.913503	39355.811698	-187500.022352	-187500.022352	92632.178084	83077.611992	94829.466323	-187500.022352	0.068000	0.982000	0.076000	192.000000	0.000000	0.000000	0.000000	0.000000	0.000000	0.000000	0.000000	0.000000	0.000000	1761332297.612306	0.000000
35.000000	38651.597637	39336.700956	-187500.022352	-187500.022352	92652.026433	82858.877821	95131.997184	-187500.022352	0.068000	0.982000	0.076000	192.000000	0.000000	0.000000	0.000000	0.000000	0.000000	0.000000	0.000000	0.000000	0.000000	1761332297.612336	0.000000
36.000000	38682.130120	39340.210180	-187500.022352	-187500.022352	92529.695336	82694.257223	95069.591113	-187500.022352	0.068000	0.982000	0.076000	192.000000	0.000000	0.000000	0.000000	0.000000	0.000000	0.000000	0.000000	0.000000	0.000000	1761332297.612366	0.000000
37.000000	38706.270004	39365.847631	-187500.022352	-187500.022352	92503.141463	82867.907926	94746.966034	-187500.022352	0.068000	0.982000	0.076000	192.000000	0.000000	0.000000	0.000000	0.000000	0.000000	0.000000	0.000000	0.000000	0.000000	1761332297.612396	0.000000
38.000000	38659.890134	39275.770101	-187500.022352	-187500.022352	92617.872967	83075.913259	94774.793956	-187500.022352	0.062000	0.978000	0.076000	192.000000	1.000000	240.000000	30.000000	144.000000	2.000000	96.000000	0.000000	0.000000	0.000000	1761332297.612425	0.000000
39.000000	38589.593898	39184.262059	-187500.022352	-187500.022352	92645.589131	82884.805844	95073.100337	-187500.022352	0.062000	0.978000	0.076000	192.000000	0.000000	0.000000	0.000000	0.000000	0.000000	0.000000	0.000000	0.000000	0.000000	1761332297.612456	0.000000
40.000000	38592.745494	39171.186289	-187500.022352	-187500.022352	92553.119964	82698.414647	95120.418980	-187500.022352	0.062000	0.978000	0.076000	192.000000	0.000000	0.000000	0.000000	0.000000	0.000000	0.000000	0.000000	0.000000	0.000000	1761332297.612485	0.000000
41.000000	38627.591864	39192.398094	-187500.022352	-187500.022352	92477.660474	82802.909053	94782.639418	-187500.022352	0.062000	0.978000	0.076000	192.000000	0.000000	0.000000	0.000000	0.000000	0.000000	0.000000	0.000000	0.000000	0.000000	1761332297.612514	0.000000
42.000000	38665.790995	39198.366010	-187500.022352	-187500.022352	92606.585337	83069.610068	94744.037955	-187500.022352	0.062000	0.978000	0.076000	192.000000	0.000000	0.000000	0.000000	0.000000	0.000000	0.000000	0.000000	0.000000	0.000000	1761332297.612543	0.000000
43.000000	38649.697739	39147.471088	-187500.022352	-187500.022352	92667.627951	82946.407252	95034.543578	-187500.022352	0.062000	0.978000	0.076000	192.000000	0.000000	0.000000	0.000000	0.000000	0.000000	0.000000	0.000000	0.000000	0.000000	1761332297.612642	0.000000
44.000000	38670.417806	39111.440076	-187500.022352	-187500.022352	92594.269525	82729.617683	95163.535495	-187500.022352	0.062000	0.978000	0.076000	192.000000	0.000000	0.000000	0.000000	0.000000	0.000000	0.000000	0.000000	0.000000	0.000000	1761332297.612671	0.000000
45.000000	38669.367274	39063.540287	-187500.022352	-187500.022352	92504.951954	82768.979105	94858.367128	-187500.022352	0.062000	0.978000	0.076000	192.000000	0.000000	0.000000	0.000000	0.000000	0.000000	0.000000	0.000000	0.000000	0.000000	1761332297.612699	0.000000
46.000000	38588.811587	38943.913751	-187500.022352	-187500.022352	92584.188889	83043.436175	94729.665784	-187500.022352	0.062000	0.978000	0.076000	192.000000	0.000000	0.000000	0.000000	0.000000	0.000000	0.000000	0.000000	0.000000	0.000000	1761332297.612728	0.000000
47.000000	38587.515186	38873.997494	-187500.022352	-187500.022352	92669.013759	82993.010639	94990.465938	-187500.022352	0.062000	0.978000	0.076000	192.000000	0.000000	0.000000	0.000000	0.000000	0.000000	0.000000	0.000000	0.000000	0.000000	1761332297.612756	0.000000
48.000000	38610.425724	38833.943168	-187500.022352	-187500.022352	92595.007133	82736.345558	95153.432507	-187500.022352	0.056000	0.992000	0.074000	192.000000	1.000000	192.000000	31.000000	0.000000	2.000000	80.000000	0.000000	0.000000	0.000000	1761332297.612785	0.000000
49.000000	38657.811422	38856.049044	-187500.022352	-187500.022352	92501.733303	82723.783877	94890.643047	-187500.022352	0.056000	0.992000	0.074000	192.000000	0.000000	0.000000	0.000000	0.000000	0.000000	0.000000	0.000000	0.000000	0.000000	1761332297.612815	0.000000
50.000000	38607.654108	38800.080276	-187500.022352	-187500.022352	92559.534914	83008.254529	94685.811661	-187500.022352	0.056000	0.992000	0.074000	192.000000	0.000000	0.000000	0.000000	0.000000	0.000000	0.000000	0.000000	0.000000	0.000000	1761332297.612843	0.000000
51.000000	38555.395729	38729.895798	-187500.022352	-187500.022352	92654.462773	83034.115497	94907.809187	-187500.022352	0.056000	0.992000	0.074000	192.000000	0.000000	0.000000	0.000000	0.000000	0.000000	0.000000	0.000000	0.000000	0.000000	1761332297.612872	0.000000
52.000000	38564.828165	38702.961946	-187500.022352	-187500.022352	92611.547424	82774.969372	95136.489884	-187500.022352	0.056000	0.992000	0.074000	192.000000	0.000000	0.000000	0.000000	0.000000	0.000000	0.000000	0.000000	0.000000	0.000000	1761332297.612900	0.000000
53.000000	38586.777578	38694.177710	-187500.022352	-187500.022352	92505.577803	82706.327165	94947.639996	-187500.022352	0.056000	0.992000	0.074000	192.000000	0.000000	0.000000	0.000000	0.000000	0.000000	0.000000	0.000000	0.000000	0.000000	1761332297.612929	0.000000
54.000000	38558.659084	38643.238085	-187500.022352	-187500.022352	92521.447542	82952.732796	94678.100309	-187500.022352	0.056000	0.992000	0.074000	192.000000	0.000000	0.000000	0.000000	0.000000	0.000000	0.000000	0.000000	0.000000	0.000000	1761332297.612958	0.000000
55.000000	38519.029441	38577.546308	-187500.022352	-187500.022352	92639.375346	83056.914277	94847.124201	-187500.022352	0.056000	0.992000	0.074000	192.000000	0.000000	0.000000	0.000000	0.000000	0.000000	0.000000	0.000000	0.000000	0.000000	1761332297.612986	0.000000
56.000000	38522.516313	38577.501604	-187500.022352	-187500.022352	92626.321927	82810.732163	95118.452027	-187500.022352	0.056000	0.992000	0.074000	192.000000	0.000000	0.000000	0.000000	0.000000	0.000000	0.000000	0.000000	0.000000	0.000000	1761332297.613015	0.000000
57.000000	38525.578502	38556.893296	-187500.022352	-187500.022352	92516.776027	82695.397162	95023.390057	-187500.022352	0.056000	0.992000	0.074000	192.000000	0.000000	0.000000	0.000000	0.000000	0.000000	0.000000	0.000000	0.000000	0.000000	1761332297.613043	0.000000
58.000000	38501.706839	38541.381185	-187500.022352	-187500.022352	92502.649725	82901.234377	94715.651240	-187500.022352	0.046000	1.002000	0.080000	192.000000	1.000000	112.000000	31.000000	80.000000	2.000000	128.000000	0.000000	0.000000	0.000000	1761332297.613109	0.000000
59.000000	38489.793359	38505.305470	-187500.022352	-187500.022352	92625.897244	83072.426387	94812.434293	-187500.022352	0.046000	1.002000	0.080000	192.000000	0.000000	0.000000	0.000000	0.000000	0.000000	0.000000	0.000000	0.000000	0.000000	1761332297.613141	0.000000
60.000000	38482.752560	38468.536850	-187500.022352	-187500.022352	92625.047877	82838.403623	95088.947724	-187500.022352	0.046000	1.002000	0.080000	192.000000	0.000000	0.000000	0.000000	0.000000	0.000000	0.000000	0.000000	0.000000	0.000000	1761332297.613170	0.000000
61.000000	38443.257027	38433.466963	-187500.022352	-187500.022352	92530.298833	82673.335990	95066.663035	-187500.022352	0.046000	1.002000	0.080000	192.000000	0.000000	0.000000	0.000000	0.000000	0.000000	0.000000	0.000000	0.000000	0.000000	1761332297.613199	0.000000
62.000000	38490.955650	38489.011048	-187500.022352	-187500.022352	92500.079274	82851.591152	94757.963092	-187500.022352	0.046000	1.002000	0.080000	192.000000	0.000000	0.000000	0.000000	0.000000	0.000000	0.000000	0.000000	0.000000	0.000000	1761332297.613228	0.000000
63.000000	38534.876828	38513.039173	-187500.022352	-187500.022352	92628.110066	83095.135760	94791.736578	-187500.022352	0.046000	1.002000	0.080000	192.000000	0.000000	0.000000	0.000000	0.000000	0.000000	0.000000	0.000000	0.000000	0.000000	1761332297.613257	0.000000
64.000000	38504.523159	38470.727321	-187500.022352	-187500.022352	92656.697948	82908.006955	95067.110070	-187500.022352	0.046000	1.002000	0.080000	192.000000	0.000000	0.000000	0.000000	0.000000	0.000000	0.000000	0.000000	0.000000	0.000000	1761332297.613285	0.000000
65.000000	38491.514443	38471.956667	-187500.022352	-187500.022352	92571.269580	82713.367964	95127.862111	-187500.022352	0.046000	1.002000	0.080000	192.000000	0.000000	0.000000	0.000000	0.000000	0.000000	0.000000	0.000000	0.000000	0.000000	1761332297.613314	0.000000
66.000000	38520.392897	38503.360868	-187500.022352	-187500.022352	92508.483530	82824.925521	94820.704439	-187500.022352	0.046000	1.002000	0.080000	192.000000	0.000000	0.000000	0.000000	0.000000	0.000000	0.000000	0.000000	0.000000	0.000000	1761332297.613342	0.000000
67.000000	38467.396911	38453.024739	-187500.022352	-187500.022352	92604.998363	83082.842300	94751.548141	-187500.022352	0.046000	1.002000	0.080000	192.000000	0.000000	0.000000	0.000000	0.000000	0.000000	0.000000	0.000000	0.000000	0.000000	1761332297.613371	0.000000
68.000000	38431.008271	38415.071477	-187500.022352	-187500.022352	92662.084718	82962.209935	95031.637851	-187500.022352	0.038000	1.002000	0.088000	192.000000	1.000000	48.000000	31.000000	80.000000	2.000000	192.000000	0.000000	0.000000	0.000000	1761332297.613399	0.000000
69.000000	38462.725396	38458.836193	-187500.022352	-187500.022352	92599.052799	82743.229895	95173.906705	-187500.022352	0.038000	1.002000	0.088000	192.000000	0.000000	0.000000	0.000000	0.000000	0.000000	0.000000	0.000000	0.000000	0.000000	1761332297.613429	0.000000
70.000000	38512.010993	38509.306432	-187500.022352	-187500.022352	92503.320277	82770.610782	94861.429317	-187500.022352	0.038000	1.002000	0.088000	192.000000	0.000000	0.000000	0.000000	0.000000	0.000000	0.000000	0.000000	0.000000	0.000000	1761332297.613457	0.000000
71.000000	38472.448405	38469.430920	-187500.022352	-187500.022352	92590.223860	83056.713111	94720.680382	-187500.022352	0.038000	1.002000	0.088000	192.000000	0.000000	0.000000	0.000000	0.000000	0.000000	0.000000	0.000000	0.000000	0.000000	1761332297.613485	0.000000
72.000000	38394.731390	38392.496215	-187500.022352	-187500.022352	92676.747462	83024.191323	94975.780842	-187500.022352	0.038000	1.002000	0.088000	192.000000	0.000000	0.000000	0.000000	0.000000	0.000000	0.000000	0.000000	0.000000	0.000000	1761332297.613513	0.000000
73.000000	38400.475788	38403.225053	-187500.022352	-187500.022352	92615.973069	82771.549555	95157.992263	-187500.022352	0.038000	1.002000	0.088000	192.000000	0.000000	0.000000	0.000000	0.000000	0.000000	0.000000	0.000000	0.000000	0.000000	1761332297.613542	0.000000
74.000000	38488.407551	38513.441505	-187500.022352	-187500.022352	92520.084085	82763.011189	94946.298891	-187500.022352	0.038000	1.002000	0.088000	192.000000	0.000000	0.000000	0.000000	0.000000	0.000000	0.000000	0.000000	0.000000	0.000000	1761332297.613585	0.000000
75.000000	38470.257934	38506.646574	-187500.022352	-187500.022352	92577.237496	83044.240838	94747.591883	-187500.022352	0.038000	1.002000	0.088000	192.000000	0.000000	0.000000	0.000000	0.000000	0.000000	0.000000	0.000000	0.000000	0.000000	1761332297.613613	0.000000
76.000000	38418.983033	38455.461080	-187500.022352	-187500.022352	92677.283904	83081.009457	94953.071469	-187500.022352	0.038000	1.002000	0.088000	192.000000	0.000000	0.000000	0.000000	0.000000	0.000000	0.000000	0.000000	0.000000	0.000000	1761332297.613642	0.000000
77.000000	38422.849884	38476.784644	-187500.022352	-187500.022352	92638.190703	82813.682594	95188.591801	-187500.022352	0.038000	1.002000	0.088000	192.000000	0.000000	0.000000	0.000000	0.000000	0.000000	0.000000	0.000000	0.000000	0.000000	1761332297.613670	0.000000
78.000000	38457.048053	38534.720365	-187500.022352	-187500.022352	92533.517484	82731.294063	95012.437703	-187500.022352	0.036000	1.000000	0.092000	192.000000	1.000000	32.000000	31.000000	64.000000	2.000000	224.000000	0.000000	0.000000	0.000000	1761332297.613698	0.000000
79.000000	38452.868277	38543.705767	-187500.022352	-187500.022352	92555.489249	82981.052456	94745.647281	-187500.022352	0.036000	1.000000	0.092000	192.000000	0.000000	0.000000	0.000000	0.000000	0.000000	0.000000	0.000000	0.000000	0.000000	1761332297.613728	0.000000
80.000000	38408.701230	38510.513426	-187500.022352	-187500.022352	92676.322779	83098.287356	94911.608983	-187500.022352	0.036000	1.000000	0.092000	192.000000	0.000000	0.000000	0.000000	0.000000	0.000000	0.000000	0.000000	0.000000	0.000000	1761332297.613756	0.000000
81.000000	38403.090942	38507.339478	-187500.022352	-187500.022352	92654.373366	82848.126632	95175.091347	-187500.022352	0.036000	1.000000	0.092000	192.000000	0.000000	0.000000	0.000000	0.000000	0.000000	0.000000	0.000000	0.000000	0.000000	1761332297.613784	0.000000
82.000000	38418.670108	38543.236380	-187500.022352	-187500.022352	92544.648653	82719.358232	95082.085738	-187500.022352	0.036000	1.000000	0.092000	192.000000	0.000000	0.000000	0.000000	0.000000	0.000000	0.000000	0.000000	0.000000	0.000000	1761332297.613813	0.000000
83.000000	38437.423222	38572.360703	-187500.022352	-187500.022352	92533.629243	82919.406345	94775.039825	-187500.022352	0.036000	1.000000	0.092000	192.000000	0.000000	0.000000	0.000000	0.000000	0.000000	0.000000	0.000000	0.000000	0.000000	1761332297.613841	0.000000
84.000000	38395.513701	38522.650423	-187500.022352	-187500.022352	92647.734898	83095.918071	94831.120352	-187500.022352	0.036000	1.000000	0.092000	192.000000	0.000000	0.000000	0.000000	0.000000	0.000000	0.000000	0.000000	0.000000	0.000000	1761332297.613870	0.000000
85.000000	38398.710000	38539.548342	-187500.022352	-187500.022352	92661.682387	82882.995353	95120.731905	-187500.022352	0.036000	1.000000	0.092000	192.000000	0.000000	0.000000	0.000000	0.000000	0.000000	0.000000	0.000000	0.000000	0.000000	1761332297.613898	0.000000
86.000000	38437.646739	38620.484009	-187500.022352	-187500.022352	92578.757415	82714.820828	95133.740620	-187500.022352	0.036000	1.000000	0.092000	192.000000	0.000000	0.000000	0.000000	0.000000	0.000000	0.000000	0.000000	0.000000	0.000000	1761332297.613926	0.000000
87.000000	38451.236600	38659.063120	-187500.022352	-187500.022352	92521.067562	82850.205344	94799.514985	-187500.022352	0.036000	1.000000	0.092000	192.000000	0.000000	0.000000	0.000000	0.000000	0.000000	0.000000	0.000000	0.000000	0.000000	1761332297.613954	0.000000
88.000000	38420.145323	38614.985480	-187500.022352	-187500.022352	92635.262625	83091.492425	94800.520814	-187500.022352	0.040000	1.006000	0.090000	192.000000	1.000000	64.000000	31.000000	112.000000	2.000000	208.000000	0.000000	0.000000	0.000000	1761332297.613983	0.000000
89.000000	38397.346544	38583.760093	-187500.022352	-187500.022352	92676.032207	82934.761993	95097.530794	-187500.022352	0.040000	1.006000	0.090000	192.000000	0.000000	0.000000	0.000000	0.000000	0.000000	0.000000	0.000000	0.000000	0.000000	1761332297.614031	0.000000
90.000000	38416.859617	38642.500477	-187500.022352	-187500.022352	92595.856499	82731.361119	95171.358606	-187500.022352	0.040000	1.006000	0.090000	192.000000	0.000000	0.000000	0.000000	0.000000	0.000000	0.000000	0.000000	0.000000	0.000000	1761332297.614060	0.000000
91.000000	38412.456323	38660.672445	-187500.022352	-187500.022352	92517.737152	82814.867236	94852.980358	-187500.022352	0.040000	1.006000	0.090000	192.000000	0.000000	0.000000	0.000000	0.000000	0.000000	0.000000	0.000000	0.000000	0.000000	1761332297.614120	0.000000
92.000000	38369.317456	38631.279901	-187500.022352	-187500.022352	92619.437590	83097.817969	94789.210831	-187500.022352	0.040000	1.006000	0.090000	192.000000	0.000000	0.000000	0.000000	0.000000	0.000000	0.000000	0.000000	0.000000	0.000000	1761332297.614150	0.000000
93.000000	38353.268904	38626.630739	-187500.022352	-187500.022352	92692.371332	83011.272015	95088.120709	-187500.022352	0.040000	1.006000	0.090000	192.000000	0.000000	0.000000	0.000000	0.000000	0.000000	0.000000	0.000000	0.000000	0.000000	1761332297.614178	0.000000
94.000000	38399.648774	38678.978524	-187500.022352	-187500.022352	92621.471598	82764.240535	95241.274862	-187500.022352	0.040000	1.006000	0.090000	192.000000	0.000000	0.000000	0.000000	0.000000	0.000000	0.000000	0.000000	0.000000	0.000000	1761332297.614207	0.000000
95.000000	38449.448460	38743.195086	-187500.022352	-187500.022352	92522.989812	82791.889643	94953.429097	-187500.022352	0.040000	1.006000	0.090000	192.000000	0.000000	0.000000	0.000000	0.000000	0.000000	0.000000	0.000000	0.000000	0.000000	1761332297.614235	0.000000
96.000000	38426.962605	38740.915208	-187500.022352	-187500.022352	92598.985743	83070.682951	94801.370180	-187500.022352	0.040000	1.006000	0.090000	192.000000	0.000000	0.000000	0.000000	0.000000	0.000000	0.000000	0.000000	0.000000	0.000000	1761332297.614263	0.000000
97.000000	38396.921861	38709.287490	-187500.022352	-187500.022352	92678.982637	83035.210733	95022.294822	-187500.022352	0.040000	1.006000	0.090000	192.000000	0.000000	0.000000	0.000000	0.000000	0.000000	0.000000	0.000000	0.000000	0.000000	1761332297.614292	0.000000
98.000000	38409.416486	38734.947292	-187500.022352	-187500.022352	92623.930290	82776.176366	95214.542176	-187500.022352	0.030000	0.996000	0.092000	192.000000	0.000000	240.000000	31.000000	32.000000	2.000000	224.000000	0.000000	0.000000	0.000000	1761332297.614321	0.000000
99.000000	38452.577704	38785.886918	-187500.022352	-187500.022352	92513.624431	82728.969482	94967.264827	-187500.022352	0.030000	0.996000	0.092000	192.000000	0.000000	0.000000	0.000000	0.000000	0.000000	0.000000	0.000000	0.000000	0.000000	1761332297.614351	0.000000
100.000000	38430.293015	38758.997769	-187500.022352	-187500.022352	92554.595179	82999.894977	94747.122496	-187500.022352	0.030000	0.996000	0.092000	192.000000	0.000000	0.000000	0.000000	0.000000	0.000000	0.000000	0.000000	0.000000	0.000000	1761332297.614379	0.000000
101.000000	38416.591396	38731.862751	-187500.022352	-187500.022352	92660.251875	83057.674236	94955.932493	-187500.022352	0.030000	0.996000	0.092000	192.000000	0.000000	0.000000	0.000000	0.000000	0.000000	0.000000	0.000000	0.000000	0.000000	1761332297.614407	0.000000
102.000000	38460.087891	38753.208667	-187500.022352	-187500.022352	92641.699927	82814.196684	95216.866757	-187500.022352	0.030000	0.996000	0.092000	192.000000	0.000000	0.000000	0.000000	0.000000	0.000000	0.000000	0.000000	0.000000	0.000000	1761332297.614436	0.000000
103.000000	38516.704859	38808.462180	-187500.022352	-187500.022352	92535.752658	82725.683776	95068.406471	-187500.022352	0.030000	0.996000	0.092000	192.000000	0.000000	0.000000	0.000000	0.000000	0.000000	0.000000	0.000000	0.000000	0.000000	1761332297.614464	0.000000
104.000000	38525.310281	38829.294006	-187500.022352	-187500.022352	92543.978100	82956.465537	94779.018435	-187500.022352	0.030000	0.996000	0.092000	192.000000	0.000000	0.000000	0.000000	0.000000	0.000000	0.000000	0.000000	0.000000	0.000000	1761332297.614508	0.000000
105.000000	38477.857527	38783.115302	-187500.022352	-187500.022352	92656.541485	83085.792731	94902.578879	-187500.022352	0.030000	0.996000	0.092000	192.000000	0.000000	0.000000	0.000000	0.000000	0.000000	0.000000	0.000000	0.000000	0.000000	1761332297.614537	0.000000
106.000000	38464.558240	38770.084234	-187500.022352	-187500.022352	92650.685328	82850.875896	95184.300266	-187500.022352	0.030000	0.996000	0.092000	192.000000	0.000000	0.000000	0.000000	0.000000	0.000000	0.000000	0.000000	0.000000	0.000000	1761332297.614566	0.000000
107.000000	38504.076124	38832.691471	-187500.022352	-187500.022352	92550.705975	82714.172627	95119.100227	-187500.022352	0.030000	0.996000	0.092000	192.000000	0.000000	0.000000	0.000000	0.000000	0.000000	0.000000	0.000000	0.000000	0.000000	1761332297.614594	0.000000
108.000000	38525.600854	38873.393997	-187500.022352	-187500.022352	92525.582615	82902.933109	94803.046561	-187500.022352	0.028000	0.994000	0.078000	192.000000	0.000000	224.000000	31.000000	16.000000	2.000000	112.000000	0.000000	0.000000	0.000000	1761332297.614622	0.000000
109.000000	38494.688391	38855.222029	-187500.022352	-187500.022352	92654.507477	83108.144475	94865.139707	-187500.022352	0.028000	0.994000	0.078000	192.000000	0.000000	0.000000	0.000000	0.000000	0.000000	0.000000	0.000000	0.000000	0.000000	1761332297.614652	0.000000
110.000000	38462.300713	38829.629282	-187500.022352	-187500.022352	92665.638645	82903.938938	95151.107925	-187500.022352	0.028000	0.994000	0.078000	192.000000	0.000000	0.000000	0.000000	0.000000	0.000000	0.000000	0.000000	0.000000	0.000000	1761332297.614680	0.000000
111.000000	38491.670906	38869.773015	-187500.022352	-187500.022352	92580.232630	82735.607950	95175.024292	-187500.022352	0.028000	0.994000	0.078000	192.000000	0.000000	0.000000	0.000000	0.000000	0.000000	0.000000	0.000000	0.000000	0.000000	1761332297.614709	0.000000
112.000000	38528.975967	38919.371536	-187500.022352	-187500.022352	92522.810998	82866.656228	94845.112544	-187500.022352	0.028000	0.994000	0.078000	192.000000	0.000000	0.000000	0.000000	0.000000	0.000000	0.000000	0.000000	0.000000	0.000000	1761332297.614737	0.000000
113.000000	38493.816673	38892.996477	-187500.022352	-187500.022352	92632.781581	83118.716850	94823.677221	-187500.022352	0.028000	0.994000	0.078000	192.000000	0.000000	0.000000	0.000000	0.000000	0.000000	0.000000	0.000000	0.000000	0.000000	1761332297.614766	0.000000
114.000000	38471.174356	38880.501852	-187500.022352	-187500.022352	92671.718320	82968.066092	95096.703779	-187500.022352	0.028000	0.994000	0.078000	192.000000	0.000000	0.000000	0.000000	0.000000	0.000000	0.000000	0.000000	0.000000	0.000000	1761332297.614794	0.000000
115.000000	38499.605775	38937.588207	-187500.022352	-187500.022352	92591.967296	82752.371759	95188.815318	-187500.022352	0.028000	0.994000	0.078000	192.000000	0.000000	0.000000	0.000000	0.000000	0.000000	0.000000	0.000000	0.000000	0.000000	1761332297.614823	0.000000
116.000000	38531.792287	39001.245976	-187500.022352	-187500.022352	92512.931527	82817.929425	94872.851059	-187500.022352	0.028000	0.994000	0.078000	192.000000	0.000000	0.000000	0.000000	0.000000	0.000000	0.000000	0.000000	0.000000	0.000000	1761332297.614851	0.000000
117.000000	38503.718496	38991.835891	-187500.022352	-187500.022352	92606.831206	83090.620707	94769.496592	-187500.022352	0.028000	0.994000	0.078000	192.000000	0.000000	0.000000	0.000000	0.000000	0.000000	0.000000	0.000000	0.000000	0.000000	1761332297.614880	0.000000
118.000000	38470.146176	38961.526926	-187500.022352	-187500.022352	92679.295561	83020.995023	95055.241293	-187500.022352	0.028000	1.006000	0.080000	192.000000	0.000000	224.000000	31.000000	112.000000	2.000000	128.000000	0.000000	0.000000	0.000000	1761332297.614908	0.000000
119.000000	38476.114091	38980.928240	-187500.022352	-187500.022352	92612.307383	82784.066532	95226.746229	-187500.022352	0.028000	1.006000	0.080000	192.000000	0.000000	0.000000	0.000000	0.000000	0.000000	0.000000	0.000000	0.000000	0.000000	1761332297.614938	0.000000
120.000000	38548.824316	39058.175869	-187500.022352	-187500.022352	92522.788647	82794.795369	94960.224028	-187500.022352	0.028000	1.006000	0.080000	192.000000	0.000000	0.000000	0.000000	0.000000	0.000000	0.000000	0.000000	0.000000	0.000000	1761332297.614983	0.000000
121.000000	38535.770897	39054.756052	-187500.022352	-187500.022352	92585.015903	83066.011437	94772.938761	-187500.022352	0.028000	1.006000	0.080000	192.000000	0.000000	0.000000	0.000000	0.000000	0.000000	0.000000	0.000000	0.000000	0.000000	1761332297.615012	0.000000
122.000000	38506.087781	39015.774610	-187500.022352	-187500.022352	92671.919486	83058.769471	95000.121892	-187500.022352	0.028000	1.006000	0.080000	192.000000	0.000000	0.000000	0.000000	0.000000	0.000000	0.000000	0.000000	0.000000	0.000000	1761332297.615041	0.000000
123.000000	38519.476476	39042.864924	-187500.022352	-187500.022352	92615.526034	82793.677782	95196.169042	-187500.022352	0.028000	1.006000	0.080000	192.000000	0.000000	0.000000	0.000000	0.000000	0.000000	0.000000	0.000000	0.000000	0.000000	1761332297.615069	0.000000
124.000000	38552.087671	39090.831767	-187500.022352	-187500.022352	92513.847949	82743.229895	94995.942115	-187500.022352	0.028000	1.006000	0.080000	192.000000	0.000000	0.000000	0.000000	0.000000	0.000000	0.000000	0.000000	0.000000	0.000000	1761332297.615098	0.000000
125.000000	38539.056604	39085.243831	-187500.022352	-187500.022352	92548.828429	82994.552910	94750.564665	-187500.022352	0.028000	1.006000	0.080000	192.000000	0.000000	0.000000	0.000000	0.000000	0.000000	0.000000	0.000000	0.000000	0.000000	1761332297.615126	0.000000
126.000000	38496.498882	39040.808563	-187500.022352	-187500.022352	92660.765965	83080.562422	94947.148257	-187500.022352	0.028000	1.006000	0.080000	192.000000	0.000000	0.000000	0.000000	0.000000	0.000000	0.000000	0.000000	0.000000	0.000000	1761332297.615154	0.000000
127.000000	38511.854531	39054.688997	-187500.022352	-187500.022352	92634.100334	82827.227751	95200.505281	-187500.022352	0.028000	1.006000	0.080000	192.000000	0.000000	0.000000	0.000000	0.000000	0.000000	0.000000	0.000000	0.000000	0.000000	1761332297.615182	0.000000
128.000000	38546.164459	39099.884224	-187500.022352	-187500.022352	92525.001469	82719.738212	95060.561009	-187500.022352	0.032000	0.996000	0.082000	192.000000	1.000000	0.000000	31.000000	32.000000	2.000000	144.000000	0.000000	0.000000	0.000000	1761332297.615211	0.000000
129.000000	38538.073127	39104.488683	-187500.022352	-187500.022352	92527.661327	82940.461688	94762.120517	-187500.022352	0.032000	0.996000	0.082000	192.000000	0.000000	0.000000	0.000000	0.000000	0.000000	0.000000	0.000000	0.000000	0.000000	1761332297.615241	0.000000
130.000000	38520.862284	39089.915346	-187500.022352	-187500.022352	92661.682387	83107.496274	94902.958858	-187500.022352	0.032000	0.996000	0.082000	192.000000	0.000000	0.000000	0.000000	0.000000	0.000000	0.000000	0.000000	0.000000	0.000000	1761332297.615269	0.000000
131.000000	38527.009014	39095.905613	-187500.022352	-187500.022352	92653.367538	82868.310257	95175.761899	-187500.022352	0.032000	0.996000	0.082000	192.000000	0.000000	0.000000	0.000000	0.000000	0.000000	0.000000	0.000000	0.000000	0.000000	1761332297.615297	0.000000
132.000000	38551.752395	39135.736422	-187500.022352	-187500.022352	92549.409574	82719.626453	95124.866977	-187500.022352	0.032000	0.996000	0.082000	192.000000	0.000000	0.000000	0.000000	0.000000	0.000000	0.000000	0.000000	0.000000	0.000000	1761332297.615326	0.000000
133.000000	38563.755281	39166.648885	-187500.022352	-187500.022352	92515.278460	82887.219833	94788.070892	-187500.022352	0.032000	0.996000	0.082000	192.000000	0.000000	0.000000	0.000000	0.000000	0.000000	0.000000	0.000000	0.000000	0.000000	1761332297.615354	0.000000
134.000000	38514.067353	39126.974538	-187500.022352	-187500.022352	92640.582340	83109.418524	94849.538189	-187500.022352	0.032000	0.996000	0.082000	192.000000	0.000000	0.000000	0.000000	0.000000	0.000000	0.000000	0.000000	0.000000	0.000000	1761332297.965495	0.000000
135.000000	38506.780685	39117.743268	-187500.022352	-187500.022352	92661.861201	82922.021499	95146.302300	-187500.022352	0.032000	0.996000	0.082000	192.000000	0.000000	0.000000	0.000000	0.000000	0.000000	0.000000	0.000000	0.000000	0.000000	1761332297.965584	0.000000
136.000000	38536.955540	39166.045388	-187500.022352	-187500.022352	92574.287066	82732.791630	95180.388711	-187500.022352	0.032000	0.996000	0.082000	192.000000	0.000000	0.000000	0.000000	0.000000	0.000000	0.000000	0.000000	0.000000	0.000000	1761332297.965604	0.000000
137.000000	38573.053607	39233.592359	-187500.022352	-187500.022352	92512.663306	82837.084870	94834.204892	-187500.022352	0.032000	0.996000	0.082000	192.000000	0.000000	0.000000	0.000000	0.000000	0.000000	0.000000	0.000000	0.000000	0.000000	1761332297.965791	0.000000
138.000000	38527.970139	39208.044315	-187500.022352	-187500.022352	92619.370534	83090.598356	94790.216659	-187500.022352	0.034000	0.990000	0.084000	192.000000	1.000000	16.000000	30.000000	240.000000	2.000000	160.000000	0.000000	0.000000	0.000000	1761332297.965813	0.000000
139.000000	38510.960461	39188.195966	-187500.022352	-187500.022352	92650.305349	82940.908723	95041.874950	-187500.022352	0.034000	0.990000	0.084000	192.000000	0.000000	0.000000	0.000000	0.000000	0.000000	0.000000	0.000000	0.000000	0.000000	1761332297.965834	0.000000
140.000000	38550.567752	39233.324138	-187500.022352	-187500.022352	92574.912915	82726.846066	95154.818315	-187500.022352	0.034000	0.990000	0.084000	192.000000	0.000000	0.000000	0.000000	0.000000	0.000000	0.000000	0.000000	0.000000	0.000000	1761332297.965851	0.000000
141.000000	38593.952488	39303.978003	-187500.022352	-187500.022352	92499.609888	82792.604899	94856.869561	-187500.022352	0.034000	0.990000	0.084000	192.000000	0.000000	0.000000	0.000000	0.000000	0.000000	0.000000	0.000000	0.000000	0.000000	1761332297.965869	0.000000
142.000000	38552.691168	39278.988752	-187500.022352	-187500.022352	92593.397807	83074.572155	94745.401412	-187500.022352	0.034000	0.990000	0.084000	192.000000	0.000000	0.000000	0.000000	0.000000	0.000000	0.000000	0.000000	0.000000	0.000000	1761332297.965886	0.000000
143.000000	38525.444391	39255.988807	-187500.022352	-187500.022352	92665.705701	83015.898826	95011.387171	-187500.022352	0.034000	0.990000	0.084000	192.000000	0.000000	0.000000	0.000000	0.000000	0.000000	0.000000	0.000000	0.000000	0.000000	1761332297.965903	0.000000
144.000000	38545.203334	39294.456159	-187500.022352	-187500.022352	92612.083866	82785.295878	95203.433359	-187500.022352	0.034000	0.990000	0.084000	192.000000	0.000000	0.000000	0.000000	0.000000	0.000000	0.000000	0.000000	0.000000	0.000000	1761332297.965921	0.000000
145.000000	38588.208090	39360.036178	-187500.022352	-187500.022352	92523.503902	82783.351276	94944.689565	-187500.022352	0.034000	0.990000	0.084000	192.000000	0.000000	0.000000	0.000000	0.000000	0.000000	0.000000	0.000000	0.000000	0.000000	1761332297.965938	0.000000
146.000000	38571.243116	39348.592084	-187500.022352	-187500.022352	92582.177232	83052.823907	94741.489856	-187500.022352	0.034000	0.990000	0.084000	192.000000	0.000000	0.000000	0.000000	0.000000	0.000000	0.000000	0.000000	0.000000	0.000000	1761332297.965955	0.000000
147.000000	38528.350118	39297.630107	-187500.022352	-187500.022352	92667.985579	83060.915239	94952.803249	-187500.022352	0.034000	0.990000	0.084000	192.000000	0.000000	0.000000	0.000000	0.000000	0.000000	0.000000	0.000000	0.000000	0.000000	1761332297.965972	0.000000
148.000000	38536.374394	39305.944956	-187500.022352	-187500.022352	92624.332622	82811.603881	95186.222516	-187500.022352	0.040000	0.988000	0.078000	192.000000	1.000000	64.000000	30.000000	224.000000	2.000000	112.000000	0.000000	0.000000	0.000000	1761332297.965989	0.000000
149.000000	38584.542404	39372.888431	-187500.022352	-187500.022352	92521.581652	82748.996645	94997.104406	-187500.022352	0.040000	0.988000	0.078000	192.000000	0.000000	0.000000	0.000000	0.000000	0.000000	0.000000	0.000000	0.000000	0.000000	1761332297.966008	0.000000
150.000000	38576.428721	39376.263544	-187500.022352	-187500.022352	92558.596141	83008.589805	94761.964054	-187500.022352	0.040000	0.988000	0.078000	192.000000	0.000000	0.000000	0.000000	0.000000	0.000000	0.000000	0.000000	0.000000	0.000000	1761332297.966105	0.000000
151.000000	38550.388938	39335.337500	-187500.022352	-187500.022352	92672.433576	83106.490446	94937.581711	-187500.022352	0.040000	0.988000	0.078000	192.000000	0.000000	0.000000	0.000000	0.000000	0.000000	0.000000	0.000000	0.000000	0.000000	1761332297.966123	0.000000
152.000000	38555.216915	39336.298625	-187500.022352	-187500.022352	92644.046860	82858.810766	95195.140862	-187500.022352	0.040000	0.988000	0.078000	192.000000	0.000000	0.000000	0.000000	0.000000	0.000000	0.000000	0.000000	0.000000	0.000000	1761332297.966141	0.000000
153.000000	38587.224613	39383.639620	-187500.022352	-187500.022352	92541.742926	82741.844087	95086.243163	-187500.022352	0.040000	0.988000	0.078000	192.000000	0.000000	0.000000	0.000000	0.000000	0.000000	0.000000	0.000000	0.000000	0.000000	1761332297.966158	0.000000
154.000000	38596.075904	39410.439361	-187500.022352	-187500.022352	92531.282309	82934.940807	94759.326548	-187500.022352	0.040000	0.988000	0.078000	192.000000	0.000000	0.000000	0.000000	0.000000	0.000000	0.000000	0.000000	0.000000	0.000000	1761332297.966175	0.000000
155.000000	38554.792232	39360.818489	-187500.022352	-187500.022352	92651.467639	83105.417562	94855.684919	-187500.022352	0.040000	0.988000	0.078000	192.000000	0.000000	0.000000	0.000000	0.000000	0.000000	0.000000	0.000000	0.000000	0.000000	1761332297.966192	0.000000
156.000000	38567.264505	39355.632884	-187500.022352	-187500.022352	92665.839811	82901.748467	95164.876600	-187500.022352	0.040000	0.988000	0.078000	192.000000	0.000000	0.000000	0.000000	0.000000	0.000000	0.000000	0.000000	0.000000	0.000000	1761332297.966209	0.000000
157.000000	38589.795064	39401.878643	-187500.022352	-187500.022352	92570.107290	82747.432023	95155.086536	-187500.022352	0.040000	0.988000	0.078000	192.000000	0.000000	0.000000	0.000000	0.000000	0.000000	0.000000	0.000000	0.000000	0.000000	1761332297.966230	0.000000
158.000000	38595.360648	39434.646301	-187500.022352	-187500.022352	92521.000507	82873.853490	94800.140834	-187500.022352	0.044000	0.992000	0.076000	192.000000	1.000000	96.000000	31.000000	0.000000	2.000000	96.000000	0.000000	0.000000	0.000000	1761332297.966247	0.000000
159.000000	38554.367549	39392.446207	-187500.022352	-187500.022352	92634.212093	83088.430236	94798.442101	-187500.022352	0.044000	0.992000	0.076000	192.000000	0.000000	0.000000	0.000000	0.000000	0.000000	0.000000	0.000000	0.000000	0.000000	1761332297.966265	0.000000
160.000000	38543.594008	39367.680474	-187500.022352	-187500.022352	92676.859221	82938.137107	95124.688163	-187500.022352	0.044000	0.992000	0.076000	192.000000	0.000000	0.000000	0.000000	0.000000	0.000000	0.000000	0.000000	0.000000	0.000000	1761332297.966283	0.000000
161.000000	38582.597802	39418.888321	-187500.022352	-187500.022352	92596.437645	82751.298875	95195.990228	-187500.022352	0.044000	0.992000	0.076000	192.000000	0.000000	0.000000	0.000000	0.000000	0.000000	0.000000	0.000000	0.000000	0.000000	1761332297.966300	0.000000
162.000000	38632.151619	39485.451816	-187500.022352	-187500.022352	92527.616623	82835.028510	94849.538189	-187500.022352	0.044000	0.992000	0.076000	192.000000	0.000000	0.000000	0.000000	0.000000	0.000000	0.000000	0.000000	0.000000	0.000000	1761332297.966325	0.000000
163.000000	38593.952488	39445.911580	-187500.022352	-187500.022352	92634.972052	83096.700382	94779.040787	-187500.022352	0.044000	0.992000	0.076000	192.000000	0.000000	0.000000	0.000000	0.000000	0.000000	0.000000	0.000000	0.000000	0.000000	1761332297.966342	0.000000
164.000000	38559.016712	39398.369419	-187500.022352	-187500.022352	92687.118672	82993.189453	95070.775756	-187500.022352	0.044000	0.992000	0.076000	192.000000	0.000000	0.000000	0.000000	0.000000	0.000000	0.000000	0.000000	0.000000	0.000000	1761332297.966359	0.000000
165.000000	38576.004037	39422.956338	-187500.022352	-187500.022352	92610.608651	82772.331866	95208.954240	-187500.022352	0.044000	0.992000	0.076000	192.000000	0.000000	0.000000	0.000000	0.000000	0.000000	0.000000	0.000000	0.000000	0.000000	1761332297.966376	0.000000
166.000000	38607.855273	39480.869708	-187500.022352	-187500.022352	92522.878054	82797.835207	94902.601230	-187500.022352	0.044000	0.992000	0.076000	192.000000	0.000000	0.000000	0.000000	0.000000	0.000000	0.000000	0.000000	0.000000	0.000000	1761332297.966418	0.000000
167.000000	38580.072055	39455.187554	-187500.022352	-187500.022352	92614.095523	83079.936573	94778.526697	-187500.022352	0.044000	0.992000	0.076000	192.000000	0.000000	0.000000	0.000000	0.000000	0.000000	0.000000	0.000000	0.000000	0.000000	1761332297.966435	0.000000
168.000000	38552.154726	39409.724106	-187500.022352	-187500.022352	92685.710512	83037.468259	95040.802066	-187500.022352	0.044000	1.002000	0.068000	192.000000	1.000000	96.000000	31.000000	80.000000	2.000000	32.000000	0.000000	0.000000	0.000000	1761332297.966452	0.000000
169.000000	38584.855328	39437.283806	-187500.022352	-187500.022352	92628.870026	82802.707887	95236.558644	-187500.022352	0.044000	1.002000	0.068000	192.000000	0.000000	0.000000	0.000000	0.000000	0.000000	0.000000	0.000000	0.000000	0.000000	1761332297.966470	0.000000
170.000000	38621.311023	39492.872595	-187500.022352	-187500.022352	92525.627318	82772.443625	94982.531069	-187500.022352	0.044000	1.002000	0.068000	192.000000	0.000000	0.000000	0.000000	0.000000	0.000000	0.000000	0.000000	0.000000	0.000000	1761332297.966487	0.000000
171.000000	38606.447113	39493.386685	-187500.022352	-187500.022352	92583.004246	83033.891980	94767.440232	-187500.022352	0.044000	1.002000	0.068000	192.000000	0.000000	0.000000	0.000000	0.000000	0.000000	0.000000	0.000000	0.000000	0.000000	1761332297.966504	0.000000
172.000000	38575.400540	39456.707472	-187500.022352	-187500.022352	92677.216849	83069.319495	94969.410595	-187500.022352	0.044000	1.002000	0.068000	192.000000	0.000000	0.000000	0.000000	0.000000	0.000000	0.000000	0.000000	0.000000	0.000000	1761332297.966521	0.000000
173.000000	38587.246965	39472.756025	-187500.022352	-187500.022352	92636.983709	82827.205399	95219.727781	-187500.022352	0.044000	1.002000	0.068000	192.000000	0.000000	0.000000	0.000000	0.000000	0.000000	0.000000	0.000000	0.000000	0.000000	1761332297.966538	0.000000
174.000000	38622.205093	39515.224339	-187500.022352	-187500.022352	92530.745868	82756.797404	95059.845753	-187500.022352	0.044000	1.002000	0.068000	192.000000	0.000000	0.000000	0.000000	0.000000	0.000000	0.000000	0.000000	0.000000	0.000000	1761332297.966554	0.000000
175.000000	38622.830942	39518.890025	-187500.022352	-187500.022352	92553.298778	82987.467407	94776.716206	-187500.022352	0.044000	1.002000	0.068000	192.000000	0.000000	0.000000	0.000000	0.000000	0.000000	0.000000	0.000000	0.000000	0.000000	1761332297.966572	0.000000
176.000000	38577.233383	39480.847356	-187500.022352	-187500.022352	92672.992369	83108.703269	94932.284347	-187500.022352	0.044000	1.002000	0.068000	192.000000	0.000000	0.000000	0.000000	0.000000	0.000000	0.000000	0.000000	0.000000	0.000000	1761332297.966589	0.000000
177.000000	38562.324770	39474.454758	-187500.022352	-187500.022352	92661.123593	82885.230528	95229.875473	-187500.022352	0.044000	1.002000	0.068000	192.000000	0.000000	0.000000	0.000000	0.000000	0.000000	0.000000	0.000000	0.000000	0.000000	1761332297.966606	0.000000
178.000000	38595.807683	39505.054296	-187500.022352	-187500.022352	92541.117077	82743.028729	95127.146855	-187500.022352	0.040000	1.000000	0.068000	192.000000	1.000000	64.000000	31.000000	64.000000	2.000000	32.000000	0.000000	0.000000	0.000000	1761332297.966622	0.000000
179.000000	38618.740573	39531.429354	-187500.022352	-187500.022352	92521.156969	82920.501580	94784.561668	-187500.022352	0.040000	1.000000	0.068000	192.000000	0.000000	0.000000	0.000000	0.000000	0.000000	0.000000	0.000000	0.000000	0.000000	1761332297.966640	0.000000
180.000000	38573.925325	39493.833720	-187500.022352	-187500.022352	92644.918578	83106.378687	94859.596474	-187500.022352	0.040000	1.000000	0.068000	192.000000	0.000000	0.000000	0.000000	0.000000	0.000000	0.000000	0.000000	0.000000	0.000000	1761332297.966658	0.000000
181.000000	38568.247982	39482.300220	-187500.022352	-187500.022352	92655.379195	82915.025403	95168.072899	-187500.022352	0.040000	1.000000	0.068000	192.000000	0.000000	0.000000	0.000000	0.000000	0.000000	0.000000	0.000000	0.000000	0.000000	1761332297.966697	0.000000
182.000000	38612.817360	39532.837514	-187500.022352	-187500.022352	92559.937246	82749.242514	95168.251713	-187500.022352	0.040000	1.000000	0.068000	192.000000	0.000000	0.000000	0.000000	0.000000	0.000000	0.000000	0.000000	0.000000	0.000000	1761332297.966714	0.000000
183.000000	38633.269207	39572.042474	-187500.022352	-187500.022352	92511.031629	82881.766007	94828.438142	-187500.022352	0.040000	1.000000	0.068000	192.000000	0.000000	0.000000	0.000000	0.000000	0.000000	0.000000	0.000000	0.000000	0.000000	1761332297.966730	0.000000
184.000000	38595.561814	39534.737412	-187500.022352	-187500.022352	92619.728162	83108.055068	94815.384724	-187500.022352	0.040000	1.000000	0.068000	192.000000	0.000000	0.000000	0.000000	0.000000	0.000000	0.000000	0.000000	0.000000	0.000000	1761332297.966748	0.000000
185.000000	38572.695979	39500.874519	-187500.022352	-187500.022352	92649.187761	82949.178868	95105.420960	-187500.022352	0.040000	1.000000	0.068000	192.000000	0.000000	0.000000	0.000000	0.000000	0.000000	0.000000	0.000000	0.000000	0.000000	1761332297.966764	0.000000
186.000000	38604.748381	39538.917189	-187500.022352	-187500.022352	92567.156859	82752.170593	95182.020388	-187500.022352	0.040000	1.000000	0.068000	192.000000	0.000000	0.000000	0.000000	0.000000	0.000000	0.000000	0.000000	0.000000	0.000000	1761332297.966781	0.000000
187.000000	38616.326584	39562.408872	-187500.022352	-187500.022352	92495.854794	82828.255931	94868.581875	-187500.022352	0.040000	1.000000	0.068000	192.000000	0.000000	0.000000	0.000000	0.000000	0.000000	0.000000	0.000000	0.000000	0.000000	1761332297.966798	0.000000
188.000000	38605.284823	39554.630465	-187500.022352	-187500.022352	92605.311287	83094.912242	94784.002874	-187500.022352	0.046000	1.002000	0.066000	192.000000	1.000000	112.000000	31.000000	80.000000	2.000000	16.000000	0.000000	0.000000	0.000000	1761332297.966815	0.000000
189.000000	38584.698866	39521.661642	-187500.022352	-187500.022352	92662.352939	83003.001869	95052.335567	-187500.022352	0.046000	1.002000	0.066000	192.000000	0.000000	0.000000	0.000000	0.000000	0.000000	0.000000	0.000000	0.000000	0.000000	1761332297.966833	0.000000
190.000000	38592.477273	39530.579988	-187500.022352	-187500.022352	92594.470691	82785.698209	95219.012525	-187500.022352	0.046000	1.002000	0.066000	192.000000	0.000000	0.000000	0.000000	0.000000	0.000000	0.000000	0.000000	0.000000	0.000000	1761332297.966850	0.000000
191.000000	38642.321663	39593.723666	-187500.022352	-187500.022352	92504.571975	82799.668050	94925.489417	-187500.022352	0.046000	1.002000	0.066000	192.000000	0.000000	0.000000	0.000000	0.000000	0.000000	0.000000	0.000000	0.000000	0.000000	1761332297.966867	0.000000
192.000000	38628.910617	39584.917079	-187500.022352	-187500.022352	92592.704903	83079.333076	94771.754118	-187500.022352	0.046000	1.002000	0.066000	192.000000	0.000000	0.000000	0.000000	0.000000	0.000000	0.000000	0.000000	0.000000	0.000000	1761332297.966884	0.000000
193.000000	38604.837788	39552.149421	-187500.022352	-187500.022352	92674.288770	83054.902620	95015.231671	-187500.022352	0.046000	1.002000	0.066000	192.000000	0.000000	0.000000	0.000000	0.000000	0.000000	0.000000	0.000000	0.000000	0.000000	1761332297.966901	0.000000
194.000000	38610.872759	39562.990017	-187500.022352	-187500.022352	92617.425933	82814.084925	95226.075676	-187500.022352	0.046000	1.002000	0.066000	192.000000	0.000000	0.000000	0.000000	0.000000	0.000000	0.000000	0.000000	0.000000	0.000000	1761332297.966918	0.000000
195.000000	38654.391605	39608.699335	-187500.022352	-187500.022352	92521.469894	82780.110273	95012.325944	-187500.022352	0.046000	1.002000	0.066000	192.000000	0.000000	0.000000	0.000000	0.000000	0.000000	0.000000	0.000000	0.000000	0.000000	1761332297.966935	0.000000
196.000000	38657.923181	39613.929643	-187500.022352	-187500.022352	92568.654426	83033.623759	94765.048595	-187500.022352	0.046000	1.002000	0.066000	192.000000	0.000000	0.000000	0.000000	0.000000	0.000000	0.000000	0.000000	0.000000	0.000000	1761332297.966973	0.000000
197.000000	38620.662823	39568.265029	-187500.022352	-187500.022352	92671.405395	83092.632364	94959.017033	-187500.022352	0.046000	1.002000	0.066000	192.000000	0.000000	0.000000	0.000000	0.000000	0.000000	0.000000	0.000000	0.000000	0.000000	1761332297.966990	0.000000
198.000000	38626.854256	39572.802433	-187500.022352	-187500.022352	92639.330642	82854.988617	95223.996964	-187500.022352	0.046000	1.002000	0.066000	192.000000	0.000000	0.000000	0.000000	0.000000	0.000000	0.000000	0.000000	0.000000	0.000000	1761332297.967007	0.000000
199.000000	38653.877515	39612.521483	-187500.022352	-187500.022352	92534.389202	82757.646770	95072.541544	-187500.022352	0.042000	1.002000	0.058000	192.000000	1.000000	80.000000	31.000000	80.000000	1.000000	208.000000	0.000000	0.000000	0.000000	1761332297.967025	0.000000
200.000000	38658.705492	39615.047230	-187500.022352	-187500.022352	92545.788592	82975.442168	94770.614179	-187500.022352	0.042000	1.002000	0.058000	192.000000	0.000000	0.000000	0.000000	0.000000	0.000000	0.000000	0.000000	0.000000	0.000000	1761332297.967042	0.000000
201.000000	38630.698756	39570.321389	-187500.022352	-187500.022352	92661.347110	83106.646908	94904.746998	-187500.022352	0.042000	1.002000	0.058000	192.000000	0.000000	0.000000	0.000000	0.000000	0.000000	0.000000	0.000000	0.000000	0.000000	1761332297.967059	0.000000
202.000000	38634.453849	39565.895744	-187500.022352	-187500.022352	92651.937026	82883.710609	95188.614153	-187500.022352	0.042000	1.002000	0.058000	192.000000	0.000000	0.000000	0.000000	0.000000	0.000000	0.000000	0.000000	0.000000	0.000000	1761332297.967076	0.000000
203.000000	38667.646190	39607.782913	-187500.022352	-187500.022352	92558.685548	82761.468918	95138.725059	-187500.022352	0.042000	1.002000	0.058000	192.000000	0.000000	0.000000	0.000000	0.000000	0.000000	0.000000	0.000000	0.000000	0.000000	1761332297.967093	0.000000
204.000000	38685.035847	39639.768259	-187500.022352	-187500.022352	92538.412516	82933.599703	94798.956191	-187500.022352	0.042000	1.002000	0.058000	192.000000	0.000000	0.000000	0.000000	0.000000	0.000000	0.000000	0.000000	0.000000	0.000000	1761332297.967109	0.000000
205.000000	38641.382890	39593.768369	-187500.022352	-187500.022352	92662.442346	83134.519533	94872.202858	-187500.022352	0.042000	1.002000	0.058000	192.000000	0.000000	0.000000	0.000000	0.000000	0.000000	0.000000	0.000000	0.000000	0.000000	1761332297.967126	0.000000
206.000000	38639.728861	39578.010390	-187500.022352	-187500.022352	92669.594904	82939.746432	95169.682225	-187500.022352	0.042000	1.002000	0.058000	192.000000	0.000000	0.000000	0.000000	0.000000	0.000000	0.000000	0.000000	0.000000	0.000000	1761332297.967143	0.000000
207.000000	38659.666617	39604.676021	-187500.022352	-187500.022352	92576.231668	82764.464052	95194.559717	-187500.022352	0.042000	1.002000	0.058000	192.000000	0.000000	0.000000	0.000000	0.000000	0.000000	0.000000	0.000000	0.000000	0.000000	1761332297.967159	0.000000
208.000000	38686.868690	39652.039367	-187500.022352	-187500.022352	92525.515559	82873.026475	94839.882236	-187500.022352	0.042000	1.002000	0.058000	192.000000	0.000000	0.000000	0.000000	0.000000	0.000000	0.000000	0.000000	0.000000	0.000000	1761332297.967176	0.000000
209.000000	38652.849335	39618.422344	-187500.022352	-187500.022352	92641.856389	83118.202760	94816.725828	-187500.022352	0.040000	1.002000	0.064000	192.000000	1.000000	64.000000	31.000000	80.000000	2.000000	0.000000	0.000000	0.000000	0.000000	1761332297.967193	0.000000
210.000000	38628.240064	39582.525442	-187500.022352	-187500.022352	92675.339302	82973.318752	95111.210061	-187500.022352	0.040000	1.002000	0.064000	192.000000	0.000000	0.000000	0.000000	0.000000	0.000000	0.000000	0.000000	0.000000	0.000000	1761332297.967210	0.000000
211.000000	38655.978579	39611.113323	-187500.022352	-187500.022352	92596.147072	82766.699227	95222.074714	-187500.022352	0.040000	1.002000	0.064000	192.000000	0.000000	0.000000	0.000000	0.000000	0.000000	0.000000	0.000000	0.000000	0.000000	1761332297.967227	0.000000
212.000000	38690.400266	39656.509716	-187500.022352	-187500.022352	92517.290117	82823.003271	94893.861698	-187500.022352	0.040000	1.002000	0.064000	192.000000	0.000000	0.000000	0.000000	0.000000	0.000000	0.000000	0.000000	0.000000	0.000000	1761332297.967265	0.000000
213.000000	38669.411977	39640.014129	-187500.022352	-187500.022352	92616.822435	83092.788827	94787.377988	-187500.022352	0.040000	1.002000	0.064000	192.000000	0.000000	0.000000	0.000000	0.000000	0.000000	0.000000	0.000000	0.000000	0.000000	1761332297.967293	0.000000
214.000000	38640.622931	39607.358230	-187500.022352	-187500.022352	92694.539451	83033.959035	95089.595925	-187500.022352	0.040000	1.002000	0.064000	192.000000	0.000000	0.000000	0.000000	0.000000	0.000000	0.000000	0.000000	0.000000	0.000000	1761332297.967309	0.000000
215.000000	38662.885268	39625.016108	-187500.022352	-187500.022352	92628.422991	82802.462018	95259.759755	-187500.022352	0.040000	1.002000	0.064000	192.000000	0.000000	0.000000	0.000000	0.000000	0.000000	0.000000	0.000000	0.000000	0.000000	1761332297.967326	0.000000
216.000000	38696.055257	39665.696283	-187500.022352	-187500.022352	92528.488341	82789.945041	94961.095746	-187500.022352	0.040000	1.002000	0.064000	192.000000	0.000000	0.000000	0.000000	0.000000	0.000000	0.000000	0.000000	0.000000	0.000000	1761332297.967343	0.000000
217.000000	38671.758911	39642.517524	-187500.022352	-187500.022352	92595.521223	83054.835564	94772.335264	-187500.022352	0.040000	1.002000	0.064000	192.000000	0.000000	0.000000	0.000000	0.000000	0.000000	0.000000	0.000000	0.000000	0.000000	1761332297.967359	0.000000
218.000000	38642.165201	39608.855797	-187500.022352	-187500.022352	92686.157547	83058.680065	95018.249156	-187500.022352	0.040000	1.002000	0.064000	192.000000	0.000000	0.000000	0.000000	0.000000	0.000000	0.000000	0.000000	0.000000	0.000000	1761332297.967376	0.000000
219.000000	38661.007722	39622.356251	-187500.022352	-187500.022352	92645.946759	82832.972149	95267.873438	-187500.022352	0.044000	1.002000	0.066000	192.000000	1.000000	96.000000	31.000000	80.000000	2.000000	16.000000	0.000000	0.000000	0.000000	1761332297.967393	0.000000
220.000000	38700.927937	39671.731254	-187500.022352	-187500.022352	92533.450429	82769.962581	95035.191779	-187500.022352	0.044000	1.002000	0.066000	192.000000	0.000000	0.000000	0.000000	0.000000	0.000000	0.000000	0.000000	0.000000	0.000000	1761332297.967411	0.000000
221.000000	38692.791902	39677.296838	-187500.022352	-187500.022352	92563.245304	83005.415857	94763.416918	-187500.022352	0.044000	1.002000	0.066000	192.000000	0.000000	0.000000	0.000000	0.000000	0.000000	0.000000	0.000000	0.000000	0.000000	1761332297.967427	0.000000
222.000000	38645.182686	39623.496190	-187500.022352	-187500.022352	92679.921410	83092.632364	94964.023824	-187500.022352	0.044000	1.002000	0.066000	192.000000	0.000000	0.000000	0.000000	0.000000	0.000000	0.000000	0.000000	0.000000	0.000000	1761332298.166780	0.000000
223.000000	38639.192419	39616.634204	-187500.022352	-187500.022352	92662.174125	82876.178071	95269.795688	-187500.022352	0.044000	1.002000	0.066000	192.000000	0.000000	0.000000	0.000000	0.000000	0.000000	0.000000	0.000000	0.000000	0.000000	1761332298.166844	0.000000
224.000000	38700.659716	39689.232670	-187500.022352	-187500.022352	92556.025691	82767.526241	95125.023440	-187500.022352	0.044000	1.002000	0.066000	192.000000	0.000000	0.000000	0.000000	0.000000	0.000000	0.000000	0.000000	0.000000	0.000000	1761332298.166872	0.000000
225.000000	38702.559614	39700.140321	-187500.022352	-187500.022352	92540.714746	82954.610342	94776.380930	-187500.022352	0.044000	1.002000	0.066000	192.000000	0.000000	0.000000	0.000000	0.000000	0.000000	0.000000	0.000000	0.000000	0.000000	1761332298.166899	0.000000
226.000000	38667.981466	39657.962579	-187500.022352	-187500.022352	92658.709605	83105.752838	94891.246544	-187500.022352	0.044000	1.002000	0.066000	192.000000	0.000000	0.000000	0.000000	0.000000	0.000000	0.000000	0.000000	0.000000	0.000000	1761332298.166935	0.000000
227.000000	38661.946495	39644.260960	-187500.022352	-187500.022352	92662.263532	82905.145932	95205.132092	-187500.022352	0.044000	1.002000	0.066000	192.000000	0.000000	0.000000	0.000000	0.000000	0.000000	0.000000	0.000000	0.000000	0.000000	1761332298.167122	0.000000
228.000000	38691.294335	39681.342504	-187500.022352	-187500.022352	92566.888638	82766.319247	95169.436356	-187500.022352	0.044000	1.002000	0.066000	192.000000	0.000000	0.000000	0.000000	0.000000	0.000000	0.000000	0.000000	0.000000	0.000000	1761332298.167150	0.000000
229.000000	38708.102847	39705.795313	-187500.022352	-187500.022352	92523.995641	82908.431638	94800.923145	-187500.022352	0.044000	0.998000	0.074000	192.000000	1.000000	96.000000	31.000000	48.000000	2.000000	80.000000	0.000000	0.000000	0.000000	1761332298.167178	0.000000
230.000000	38655.620951	39645.691472	-187500.022352	-187500.022352	92641.141133	83118.828609	94848.487657	-187500.022352	0.044000	0.998000	0.074000	192.000000	0.000000	0.000000	0.000000	0.000000	0.000000	0.000000	0.000000	0.000000	0.000000	1761332298.167208	0.000000
231.000000	38658.079643	39643.031614	-187500.022352	-187500.022352	92662.867029	82940.282874	95160.719175	-187500.022352	0.044000	0.998000	0.074000	192.000000	0.000000	0.000000	0.000000	0.000000	0.000000	0.000000	0.000000	0.000000	0.000000	1761332298.167242	0.000000
232.000000	38688.053332	39674.793443	-187500.022352	-187500.022352	92572.878906	82758.965523	95201.645220	-187500.022352	0.044000	0.998000	0.074000	192.000000	0.000000	0.000000	0.000000	0.000000	0.000000	0.000000	0.000000	0.000000	0.000000	1761332298.167269	0.000000
233.000000	38704.303051	39703.090752	-187500.022352	-187500.022352	92507.678867	82851.747614	94850.208741	-187500.022352	0.044000	0.998000	0.074000	192.000000	0.000000	0.000000	0.000000	0.000000	0.000000	0.000000	0.000000	0.000000	0.000000	1761332298.167295	0.000000
234.000000	38675.379893	39677.341542	-187500.022352	-187500.022352	92619.661107	83098.734391	94799.962020	-187500.022352	0.044000	0.998000	0.074000	192.000000	0.000000	0.000000	0.000000	0.000000	0.000000	0.000000	0.000000	0.000000	0.000000	1761332298.167322	0.000000
235.000000	38654.346902	39649.848896	-187500.022352	-187500.022352	92664.878686	82978.012619	95101.084721	-187500.022352	0.044000	0.998000	0.074000	192.000000	0.000000	0.000000	0.000000	0.000000	0.000000	0.000000	0.000000	0.000000	0.000000	1761332298.167349	0.000000
236.000000	38678.732655	39678.459129	-187500.022352	-187500.022352	92597.085845	82781.093750	95243.152409	-187500.022352	0.044000	0.998000	0.074000	192.000000	0.000000	0.000000	0.000000	0.000000	0.000000	0.000000	0.000000	0.000000	0.000000	1761332298.167376	0.000000
237.000000	38714.070763	39727.454153	-187500.022352	-187500.022352	92511.501016	82821.505704	94913.888861	-187500.022352	0.044000	0.998000	0.074000	192.000000	0.000000	0.000000	0.000000	0.000000	0.000000	0.000000	0.000000	0.000000	0.000000	1761332298.167402	0.000000
238.000000	38690.467321	39705.102409	-187500.022352	-187500.022352	92596.504700	83080.450664	94767.529639	-187500.022352	0.044000	0.998000	0.074000	192.000000	0.000000	0.000000	0.000000	0.000000	0.000000	0.000000	0.000000	0.000000	0.000000	1761332298.167428	0.000000
240.000000	38677.235088	39686.550461	-187500.022352	-187500.022352	92622.119799	82817.549445	95260.273845	-187500.022352	0.044000	0.998000	0.074000	192.000000	0.000000	0.000000	0.000000	0.000000	0.000000	0.000000	0.000000	0.000000	0.000000	1761332298.167454	0.000000
241.000000	38715.277757	39739.412336	-187500.022352	-187500.022352	92516.843083	82796.963489	94979.692397	-187500.022352	0.044000	0.998000	0.074000	192.000000	0.000000	0.000000	0.000000	0.000000	0.000000	0.000000	0.000000	0.000000	0.000000	1761332298.167481	0.000000
242.000000	38699.251556	39733.310310	-187500.022352	-187500.022352	92568.140336	83049.426442	94749.402374	-187500.022352	0.044000	0.998000	0.074000	192.000000	0.000000	0.000000	0.000000	0.000000	0.000000	0.000000	0.000000	0.000000	0.000000	1761332298.167507	0.000000
243.000000	38662.393530	39688.562118	-187500.022352	-187500.022352	92673.841736	83076.807329	94997.283220	-187500.022352	0.044000	0.998000	0.074000	192.000000	0.000000	0.000000	0.000000	0.000000	0.000000	0.000000	0.000000	0.000000	0.000000	1761332298.167552	0.000000
244.000000	38657.207925	39681.230745	-187500.022352	-187500.022352	92637.408392	82849.601847	95269.505116	-187500.022352	0.044000	0.998000	0.074000	192.000000	0.000000	0.000000	0.000000	0.000000	0.000000	0.000000	0.000000	0.000000	0.000000	1761332298.167578	0.000000
245.000000	38701.620841	39735.456078	-187500.022352	-187500.022352	92529.874150	82778.478596	95062.192686	-187500.022352	0.044000	0.998000	0.074000	192.000000	0.000000	0.000000	0.000000	0.000000	0.000000	0.000000	0.000000	0.000000	0.000000	1761332298.167605	0.000000
246.000000	38704.548920	39749.425918	-187500.022352	-187500.022352	92555.377490	83003.158331	94756.957264	-187500.022352	0.044000	0.998000	0.074000	192.000000	0.000000	0.000000	0.000000	0.000000	0.000000	0.000000	0.000000	0.000000	0.000000	1761332298.167631	0.000000
247.000000	38657.923181	39695.245289	-187500.022352	-187500.022352	92667.918523	83103.517664	94925.556472	-187500.022352	0.044000	0.998000	0.074000	192.000000	0.000000	0.000000	0.000000	0.000000	0.000000	0.000000	0.000000	0.000000	0.000000	1761332298.167658	0.000000
248.000000	38659.979541	39692.250155	-187500.022352	-187500.022352	92656.005044	82888.292717	95228.847293	-187500.022352	0.044000	0.998000	0.074000	192.000000	0.000000	0.000000	0.000000	0.000000	0.000000	0.000000	0.000000	0.000000	0.000000	1761332298.167684	0.000000
249.000000	38706.314708	39743.480354	-187500.022352	-187500.022352	92547.308510	82775.058779	95104.728056	-187500.022352	0.042000	1.000000	0.060000	192.000000	1.000000	80.000000	31.000000	64.000000	1.000000	224.000000	0.000000	0.000000	0.000000	1761332298.167711	0.000000
250.000000	38701.307917	39750.990540	-187500.022352	-187500.022352	92532.288138	82954.543287	94759.348900	-187500.022352	0.042000	1.000000	0.060000	192.000000	0.000000	0.000000	0.000000	0.000000	0.000000	0.000000	0.000000	0.000000	0.000000	1761332298.167739	0.000000
251.000000	38654.525716	39696.541690	-187500.022352	-187500.022352	92655.312139	83122.293129	94874.728605	-187500.022352	0.042000	1.000000	0.060000	192.000000	0.000000	0.000000	0.000000	0.000000	0.000000	0.000000	0.000000	0.000000	0.000000	1761332298.167765	0.000000
252.000000	38651.485878	39687.735103	-187500.022352	-187500.022352	92663.090546	82921.462705	95196.884298	-187500.022352	0.042000	1.000000	0.060000	192.000000	0.000000	0.000000	0.000000	0.000000	0.000000	0.000000	0.000000	0.000000	0.000000	1761332298.167791	0.000000
253.000000	38696.077609	39735.344319	-187500.022352	-187500.022352	92569.950827	82770.387265	95174.979588	-187500.022352	0.042000	1.000000	0.060000	192.000000	0.000000	0.000000	0.000000	0.000000	0.000000	0.000000	0.000000	0.000000	0.000000	1761332298.167818	0.000000
254.000000	38713.534321	39764.736863	-187500.022352	-187500.022352	92523.034516	82906.442333	94816.055276	-187500.022352	0.042000	1.000000	0.060000	192.000000	0.000000	0.000000	0.000000	0.000000	0.000000	0.000000	0.000000	0.000000	0.000000	1761332298.167844	0.000000
255.000000	38676.519832	39735.165505	-187500.022352	-187500.022352	92644.940930	83125.265911	94837.289433	-187500.022352	0.042000	1.000000	0.060000	192.000000	0.000000	0.000000	0.000000	0.000000	0.000000	0.000000	0.000000	0.000000	0.000000	1761332298.167870	0.000000
0.000000	38661.857088	39705.951775	-187500.022352	-187500.022352	92677.708587	82960.578258	95150.660890	-187500.022352	0.042000	1.000000	0.060000	192.000000	0.000000	0.000000	0.000000	0.000000	0.000000	0.000000	0.000000	0.000000	0.000000	1761332298.167897	0.000000
1.000000	38682.934783	39729.599920	-187500.022352	-187500.022352	92586.982857	82769.850823	95213.983382	-187500.022352	0.042000	1.000000	0.060000	192.000000	0.000000	0.000000	0.000000	0.000000	0.000000	0.000000	0.000000	0.000000	0.000000	1761332298.167922	0.000000
2.000000	38694.825911	39761.451156	-187500.022352	-187500.022352	92513.847949	82849.333626	94857.629521	-187500.022352	0.042000	1.000000	0.060000	192.000000	0.000000	0.000000	0.000000	0.000000	0.000000	0.000000	0.000000	0.000000	0.000000	1761332298.167950	0.000000
3.000000	38680.654905	39740.239351	-187500.022352	-187500.022352	92616.934194	83098.734391	94780.068967	-187500.022352	0.040000	0.998000	0.058000	192.000000	1.000000	64.000000	31.000000	48.000000	1.000000	208.000000	0.000000	0.000000	0.000000	1761332298.167990	0.000000
4.000000	38661.767681	39707.382286	-187500.022352	-187500.022352	92685.062311	83011.808456	95107.276154	-187500.022352	0.040000	0.998000	0.058000	192.000000	0.000000	0.000000	0.000000	0.000000	0.000000	0.000000	0.000000	0.000000	0.000000	1761332298.168018	0.000000
5.000000	38694.423580	39740.976958	-187500.022352	-187500.022352	92619.661107	82808.586396	95265.325339	-187500.022352	0.040000	0.998000	0.058000	192.000000	0.000000	0.000000	0.000000	0.000000	0.000000	0.000000	0.000000	0.000000	0.000000	1761332298.168045	0.000000
6.000000	38729.180542	39782.059465	-187500.022352	-187500.022352	92522.319260	82820.678690	94936.732344	-187500.022352	0.040000	0.998000	0.058000	192.000000	0.000000	0.000000	0.000000	0.000000	0.000000	0.000000	0.000000	0.000000	0.000000	1761332298.168071	0.000000
7.000000	38700.011516	39751.974017	-187500.022352	-187500.022352	92592.615496	83076.114425	94766.680272	-187500.022352	0.040000	0.998000	0.058000	192.000000	0.000000	0.000000	0.000000	0.000000	0.000000	0.000000	0.000000	0.000000	0.000000	1761332298.168097	0.000000
8.000000	38662.572344	39714.333679	-187500.022352	-187500.022352	92684.347055	83042.273884	95039.192741	-187500.022352	0.040000	0.998000	0.058000	192.000000	0.000000	0.000000	0.000000	0.000000	0.000000	0.000000	0.000000	0.000000	0.000000	1761332298.168124	0.000000
9.000000	38677.011571	39737.668900	-187500.022352	-187500.022352	92653.166372	82840.907018	95285.017226	-187500.022352	0.040000	0.998000	0.058000	192.000000	0.000000	0.000000	0.000000	0.000000	0.000000	0.000000	0.000000	0.000000	0.000000	1761332298.168150	0.000000
10.000000	38716.417696	39780.874822	-187500.022352	-187500.022352	92551.734156	82815.068402	95036.532883	-187500.022352	0.040000	0.998000	0.058000	192.000000	0.000000	0.000000	0.000000	0.000000	0.000000	0.000000	0.000000	0.000000	0.000000	1761332298.168177	0.000000
11.000000	38703.073705	39762.501688	-187500.022352	-187500.022352	92587.675761	83046.118384	94777.565572	-187500.022352	0.040000	0.998000	0.058000	192.000000	0.000000	0.000000	0.000000	0.000000	0.000000	0.000000	0.000000	0.000000	0.000000	1761332298.168203	0.000000
12.000000	38658.481974	39713.081981	-187500.022352	-187500.022352	92686.202250	83075.712094	94993.908107	-187500.022352	0.040000	0.998000	0.058000	192.000000	0.000000	0.000000	0.000000	0.000000	0.000000	0.000000	0.000000	0.000000	0.000000	1761332298.168232	0.000000
13.000000	38665.366312	39721.016851	-187500.022352	-187500.022352	92654.708642	82855.681521	95276.925895	-187500.022352	0.040000	1.002000	0.058000	192.000000	1.000000	64.000000	31.000000	80.000000	1.000000	208.000000	0.000000	0.000000	0.000000	1761332298.168260	0.000000
14.000000	38700.749123	39752.935142	-187500.022352	-187500.022352	92537.764315	82770.342561	95085.594962	-187500.022352	0.040000	1.002000	0.058000	192.000000	0.000000	0.000000	0.000000	0.000000	0.000000	0.000000	0.000000	0.000000	0.000000	1761332298.168289	0.000000
15.000000	38718.764629	39779.265497	-187500.022352	-187500.022352	92547.822600	82983.108817	94763.327511	-187500.022352	0.040000	1.002000	0.058000	192.000000	0.000000	0.000000	0.000000	0.000000	0.000000	0.000000	0.000000	0.000000	0.000000	1761332298.208672	0.000000
16.000000	38664.293428	39720.189836	-187500.022352	-187500.022352	92659.626026	83095.091056	94918.158045	-187500.022352	0.040000	1.002000	0.058000	192.000000	0.000000	0.000000	0.000000	0.000000	0.000000	0.000000	0.000000	0.000000	0.000000	1761332298.208736	0.000000
17.000000	38654.659826	39704.610670	-187500.022352	-187500.022352	92655.110974	82892.092513	95252.696604	-187500.022352	0.040000	1.002000	0.058000	192.000000	0.000000	0.000000	0.000000	0.000000	0.000000	0.000000	0.000000	0.000000	0.000000	1761332298.208764	0.000000
18.000000	38689.416789	39744.217961	-187500.022352	-187500.022352	92545.609778	82766.140433	95153.901893	-187500.022352	0.040000	1.002000	0.058000	192.000000	0.000000	0.000000	0.000000	0.000000	0.000000	0.000000	0.000000	0.000000	0.000000	1761332298.208828	0.000000
19.000000	38699.698591	39760.400624	-187500.022352	-187500.022352	92512.998582	82923.004976	94791.334247	-187500.022352	0.040000	1.002000	0.058000	192.000000	0.000000	0.000000	0.000000	0.000000	0.000000	0.000000	0.000000	0.000000	0.000000	1761332298.208855	0.000000
20.000000	38664.785166	39718.066420	-187500.022352	-187500.022352	92628.557101	83091.246556	94858.121259	-187500.022352	0.040000	1.002000	0.058000	192.000000	0.000000	0.000000	0.000000	0.000000	0.000000	0.000000	0.000000	0.000000	0.000000	1761332298.208881	0.000000
21.000000	38661.722977	39706.354106	-187500.022352	-187500.022352	92657.904942	82916.344156	95201.511109	-187500.022352	0.040000	1.002000	0.058000	192.000000	0.000000	0.000000	0.000000	0.000000	0.000000	0.000000	0.000000	0.000000	0.000000	1761332298.208907	0.000000
22.000000	38695.205891	39752.197534	-187500.022352	-187500.022352	92560.049005	82760.708959	95201.600516	-187500.022352	0.040000	1.002000	0.058000	192.000000	0.000000	0.000000	0.000000	0.000000	0.000000	0.000000	0.000000	0.000000	0.000000	1761332298.564206	0.000000
23.000000	38724.643138	39799.337363	-187500.022352	-187500.022352	92502.426207	82877.206251	94825.197139	-187500.022352	0.038000	0.996000	0.054000	192.000000	1.000000	48.000000	31.000000	32.000000	1.000000	176.000000	0.000000	0.000000	0.000000	1761332298.564248	0.000000
24.000000	38677.257440	39753.113956	-187500.022352	-187500.022352	92620.801046	83103.182388	94821.240881	-187500.022352	0.038000	0.996000	0.054000	192.000000	0.000000	0.000000	0.000000	0.000000	0.000000	0.000000	0.000000	0.000000	0.000000	1761332298.564270	0.000000
25.000000	38666.014512	39729.197589	-187500.022352	-187500.022352	92669.259628	82963.618095	95156.315882	-187500.022352	0.038000	0.996000	0.054000	192.000000	0.000000	0.000000	0.000000	0.000000	0.000000	0.000000	0.000000	0.000000	0.000000	1761332298.564290	0.000000
26.000000	38705.353583	39768.223735	-187500.022352	-187500.022352	92588.972162	82776.601049	95245.454639	-187500.022352	0.038000	0.996000	0.054000	192.000000	0.000000	0.000000	0.000000	0.000000	0.000000	0.000000	0.000000	0.000000	0.000000	1761332298.564309	0.000000
27.000000	38737.741260	39810.692049	-187500.022352	-187500.022352	92505.644859	82839.275341	94891.380655	-187500.022352	0.038000	0.996000	0.054000	192.000000	0.000000	0.000000	0.000000	0.000000	0.000000	0.000000	0.000000	0.000000	0.000000	1761332298.564328	0.000000
28.000000	38715.724792	39776.359770	-187500.022352	-187500.022352	92590.000342	83072.180518	94767.619046	-187500.022352	0.038000	0.996000	0.054000	192.000000	0.000000	0.000000	0.000000	0.000000	0.000000	0.000000	0.000000	0.000000	0.000000	1761332298.564347	0.000000
29.000000	38675.916335	39733.489124	-187500.022352	-187500.022352	92656.295616	82985.232232	95063.220866	-187500.022352	0.038000	0.996000	0.054000	192.000000	0.000000	0.000000	0.000000	0.000000	0.000000	0.000000	0.000000	0.000000	0.000000	1761332298.564366	0.000000
30.000000	38690.601431	39749.582380	-187500.022352	-187500.022352	92597.778749	82785.854672	95253.478915	-187500.022352	0.038000	0.996000	0.054000	192.000000	0.000000	0.000000	0.000000	0.000000	0.000000	0.000000	0.000000	0.000000	0.000000	1761332298.564385	0.000000
31.000000	38729.292301	39801.036096	-187500.022352	-187500.022352	92509.936393	82809.435762	94955.396051	-187500.022352	0.038000	0.996000	0.054000	192.000000	0.000000	0.000000	0.000000	0.000000	0.000000	0.000000	0.000000	0.000000	0.000000	1761332298.564403	0.000000
32.000000	38712.975527	39803.293622	-187500.022352	-187500.022352	92584.345351	83070.973524	94769.608351	-187500.022352	0.038000	0.996000	0.054000	192.000000	0.000000	0.000000	0.000000	0.000000	0.000000	0.000000	0.000000	0.000000	0.000000	1761332298.564422	0.000000
33.000000	38677.771530	39768.916639	-187500.022352	-187500.022352	92673.618218	83049.337035	95028.240386	-187500.022352	0.038000	0.986000	0.050000	192.000000	1.000000	48.000000	30.000000	208.000000	1.000000	144.000000	0.000000	0.000000	0.000000	1761332298.564485	0.000000
34.000000	38714.674260	39768.938991	-187500.022352	-187500.022352	92639.017718	82836.347262	95276.903543	-187500.022352	0.038000	0.986000	0.050000	192.000000	0.000000	0.000000	0.000000	0.000000	0.000000	0.000000	0.000000	0.000000	0.000000	1761332298.564505	0.000000
35.000000	38729.851094	39789.994334	-187500.022352	-187500.022352	92518.206539	82784.737084	95021.870139	-187500.022352	0.038000	0.986000	0.050000	192.000000	0.000000	0.000000	0.000000	0.000000	0.000000	0.000000	0.000000	0.000000	0.000000	1761332298.564524	0.000000
36.000000	38722.899702	39789.033209	-187500.022352	-187500.022352	92546.056813	83004.700602	94731.275109	-187500.022352	0.038000	0.986000	0.050000	192.000000	0.000000	0.000000	0.000000	0.000000	0.000000	0.000000	0.000000	0.000000	0.000000	1761332298.564543	0.000000
37.000000	38695.071780	39763.887496	-187500.022352	-187500.022352	92669.393738	83077.187309	94953.317339	-187500.022352	0.038000	0.986000	0.050000	192.000000	0.000000	0.000000	0.000000	0.000000	0.000000	0.000000	0.000000	0.000000	0.000000	1761332298.564561	0.000000
38.000000	38687.807463	39755.460889	-187500.022352	-187500.022352	92651.355881	82871.238336	95268.789860	-187500.022352	0.038000	0.986000	0.050000	192.000000	0.000000	0.000000	0.000000	0.000000	0.000000	0.000000	0.000000	0.000000	0.000000	1761332298.564579	0.000000
39.000000	38721.402135	39800.790227	-187500.022352	-187500.022352	92528.734211	82769.783767	95095.295619	-187500.022352	0.038000	0.986000	0.050000	192.000000	0.000000	0.000000	0.000000	0.000000	0.000000	0.000000	0.000000	0.000000	0.000000	1761332298.564598	0.000000
40.000000	38730.275778	39819.990375	-187500.022352	-187500.022352	92519.525292	82959.438319	94743.948548	-187500.022352	0.038000	0.986000	0.050000	192.000000	0.000000	0.000000	0.000000	0.000000	0.000000	0.000000	0.000000	0.000000	0.000000	1761332298.564616	0.000000
41.000000	38690.355562	39778.125558	-187500.022352	-187500.022352	92650.059479	83092.408847	94891.447710	-187500.022352	0.038000	0.986000	0.050000	192.000000	0.000000	0.000000	0.000000	0.000000	0.000000	0.000000	0.000000	0.000000	0.000000	1761332298.564635	0.000000
42.000000	38677.324495	39766.390892	-187500.022352	-187500.022352	92650.551218	82890.550243	95220.308926	-187500.022352	0.038000	0.986000	0.050000	192.000000	0.000000	0.000000	0.000000	0.000000	0.000000	0.000000	0.000000	0.000000	0.000000	1761332298.564654	0.000000
43.000000	38729.068783	39815.967061	-187500.022352	-187500.022352	92545.766240	82757.713825	95147.486943	-187500.022352	0.032000	1.002000	0.048000	192.000000	1.000000	0.000000	31.000000	80.000000	1.000000	128.000000	0.000000	0.000000	0.000000	1761332298.564672	0.000000
44.000000	38761.411758	39849.159402	-187500.022352	-187500.022352	92520.821693	82920.300415	94785.031055	-187500.022352	0.032000	1.002000	0.048000	192.000000	0.000000	0.000000	0.000000	0.000000	0.000000	0.000000	0.000000	0.000000	0.000000	1761332298.564692	0.000000
45.000000	38721.558597	39802.824235	-187500.022352	-187500.022352	92643.666881	83109.977318	94848.644119	-187500.022352	0.032000	1.002000	0.048000	192.000000	0.000000	0.000000	0.000000	0.000000	0.000000	0.000000	0.000000	0.000000	0.000000	1761332298.564710	0.000000
46.000000	38697.753989	39763.216944	-187500.022352	-187500.022352	92663.023491	82929.263464	95188.457690	-187500.022352	0.032000	1.002000	0.048000	192.000000	0.000000	0.000000	0.000000	0.000000	0.000000	0.000000	0.000000	0.000000	0.000000	1761332298.564728	0.000000
47.000000	38742.680996	39808.412171	-187500.022352	-187500.022352	92581.126700	82770.968410	95225.092199	-187500.022352	0.032000	1.002000	0.048000	192.000000	0.000000	0.000000	0.000000	0.000000	0.000000	0.000000	0.000000	0.000000	0.000000	1761332298.564747	0.000000
48.000000	38772.900554	39847.483021	-187500.022352	-187500.022352	92518.228891	82875.775740	94847.861808	-187500.022352	0.032000	1.002000	0.048000	192.000000	0.000000	0.000000	0.000000	0.000000	0.000000	0.000000	0.000000	0.000000	0.000000	1761332298.564765	0.000000
49.000000	38731.572179	39807.339288	-187500.022352	-187500.022352	92633.273319	83109.686745	94817.172863	-187500.022352	0.032000	1.002000	0.048000	192.000000	0.000000	0.000000	0.000000	0.000000	0.000000	0.000000	0.000000	0.000000	0.000000	1761332298.564793	0.000000
50.000000	38698.223376	39767.195555	-187500.022352	-187500.022352	92680.904887	82977.364418	95145.855265	-187500.022352	0.032000	1.002000	0.048000	192.000000	0.000000	0.000000	0.000000	0.000000	0.000000	0.000000	0.000000	0.000000	0.000000	1761332298.564811	0.000000
51.000000	38735.930769	39803.248918	-187500.022352	-187500.022352	92605.087770	82785.027657	95261.100860	-187500.022352	0.032000	1.002000	0.048000	192.000000	0.000000	0.000000	0.000000	0.000000	0.000000	0.000000	0.000000	0.000000	0.000000	1761332298.564830	0.000000
52.000000	38781.237755	39852.199239	-187500.022352	-187500.022352	92523.012164	82841.689329	94913.754751	-187500.022352	0.032000	1.002000	0.048000	192.000000	0.000000	0.000000	0.000000	0.000000	0.000000	0.000000	0.000000	0.000000	0.000000	1761332298.564848	0.000000
53.000000	38745.497316	39816.257634	-187500.022352	-187500.022352	92607.389999	83087.089132	94779.443119	-187500.022352	0.034000	0.998000	0.054000	192.000000	1.000000	16.000000	31.000000	48.000000	1.000000	176.000000	0.000000	0.000000	0.000000	1761332298.564867	0.000000
54.000000	38704.593623	39775.175127	-187500.022352	-187500.022352	92684.503518	83022.894922	95082.979808	-187500.022352	0.034000	0.998000	0.054000	192.000000	0.000000	0.000000	0.000000	0.000000	0.000000	0.000000	0.000000	0.000000	0.000000	1761332298.564886	0.000000
55.000000	38748.000711	39809.350945	-187500.022352	-187500.022352	92639.174180	82827.495972	95297.847128	-187500.022352	0.034000	0.998000	0.054000	192.000000	0.000000	0.000000	0.000000	0.000000	0.000000	0.000000	0.000000	0.000000	0.000000	1761332298.564904	0.000000
56.000000	38795.788741	39867.666646	-187500.022352	-187500.022352	92534.456257	82827.652434	95001.105368	-187500.022352	0.034000	0.998000	0.054000	192.000000	0.000000	0.000000	0.000000	0.000000	0.000000	0.000000	0.000000	0.000000	0.000000	1761332298.564923	0.000000
57.000000	38765.703293	39846.007806	-187500.022352	-187500.022352	92580.389092	83062.010474	94770.234200	-187500.022352	0.034000	0.998000	0.054000	192.000000	0.000000	0.000000	0.000000	0.000000	0.000000	0.000000	0.000000	0.000000	0.000000	1761332298.564941	0.000000
58.000000	38726.811257	39797.415113	-187500.022352	-187500.022352	92675.965151	83061.563440	95030.207340	-187500.022352	0.034000	0.998000	0.054000	192.000000	0.000000	0.000000	0.000000	0.000000	0.000000	0.000000	0.000000	0.000000	0.000000	1761332298.564960	0.000000
59.000000	38740.468173	39804.746485	-187500.022352	-187500.022352	92633.698003	82835.207323	95275.271866	-187500.022352	0.034000	0.998000	0.054000	192.000000	0.000000	0.000000	0.000000	0.000000	0.000000	0.000000	0.000000	0.000000	0.000000	1761332298.564978	0.000000
60.000000	38777.862642	39850.947541	-187500.022352	-187500.022352	92525.560263	82784.222994	95048.334604	-187500.022352	0.034000	0.998000	0.054000	192.000000	0.000000	0.000000	0.000000	0.000000	0.000000	0.000000	0.000000	0.000000	0.000000	1761332298.564997	0.000000
61.000000	38753.879220	39841.559808	-187500.022352	-187500.022352	92547.688490	83006.466389	94764.042767	-187500.022352	0.034000	0.998000	0.054000	192.000000	0.000000	0.000000	0.000000	0.000000	0.000000	0.000000	0.000000	0.000000	0.000000	1761332298.565015	0.000000
62.000000	38726.543036	39801.371372	-187500.022352	-187500.022352	92669.997236	83091.648888	94971.891638	-187500.022352	0.034000	0.998000	0.054000	192.000000	0.000000	0.000000	0.000000	0.000000	0.000000	0.000000	0.000000	0.000000	0.000000	1761332298.565034	0.000000
63.000000	38738.568275	39804.657078	-187500.022352	-187500.022352	92661.570628	82881.855414	95290.292238	-187500.022352	0.040000	1.000000	0.058000	192.000000	1.000000	64.000000	31.000000	64.000000	1.000000	208.000000	0.000000	0.000000	0.000000	1761332298.565052	0.000000
64.000000	38764.272781	39838.743489	-187500.022352	-187500.022352	92532.086972	82759.345503	95116.686239	-187500.022352	0.040000	1.000000	0.058000	192.000000	0.000000	0.000000	0.000000	0.000000	0.000000	0.000000	0.000000	0.000000	0.000000	1761332298.565081	0.000000
65.000000	38757.343740	39838.564675	-187500.022352	-187500.022352	92519.771161	82944.708520	94763.483973	-187500.022352	0.040000	1.000000	0.058000	192.000000	0.000000	0.000000	0.000000	0.000000	0.000000	0.000000	0.000000	0.000000	0.000000	1761332298.565099	0.000000
66.000000	38719.993975	39796.744561	-187500.022352	-187500.022352	92646.863180	83104.143513	94903.964687	-187500.022352	0.040000	1.000000	0.058000	192.000000	0.000000	0.000000	0.000000	0.000000	0.000000	0.000000	0.000000	0.000000	0.000000	1761332298.565117	0.000000
67.000000	38720.441010	39781.567726	-187500.022352	-187500.022352	92655.334491	82915.695955	95248.673290	-187500.022352	0.040000	1.000000	0.058000	192.000000	0.000000	0.000000	0.000000	0.000000	0.000000	0.000000	0.000000	0.000000	0.000000	1761332298.565136	0.000000
68.000000	38758.751900	39822.471419	-187500.022352	-187500.022352	92556.472725	82780.914936	95215.436246	-187500.022352	0.040000	1.000000	0.058000	192.000000	0.000000	0.000000	0.000000	0.000000	0.000000	0.000000	0.000000	0.000000	0.000000	1761332298.565154	0.000000
69.000000	38789.977287	39864.537402	-187500.022352	-187500.022352	92508.707048	82917.372336	94823.610166	-187500.022352	0.040000	1.000000	0.058000	192.000000	0.000000	0.000000	0.000000	0.000000	0.000000	0.000000	0.000000	0.000000	0.000000	1761332298.565172	0.000000
70.000000	38746.950179	39812.860169	-187500.022352	-187500.022352	92634.435610	83128.305748	94868.358358	-187500.022352	0.040000	1.000000	0.058000	192.000000	0.000000	0.000000	0.000000	0.000000	0.000000	0.000000	0.000000	0.000000	0.000000	1761332298.565190	0.000000
71.000000	38737.920074	39795.962250	-187500.022352	-187500.022352	92660.497744	82953.649217	95191.072844	-187500.022352	0.040000	1.000000	0.058000	192.000000	0.000000	0.000000	0.000000	0.000000	0.000000	0.000000	0.000000	0.000000	0.000000	1761332298.565209	0.000000
72.000000	38769.234868	39832.395593	-187500.022352	-187500.022352	92572.476574	82781.719599	95240.470200	-187500.022352	0.040000	1.000000	0.058000	192.000000	0.000000	0.000000	0.000000	0.000000	0.000000	0.000000	0.000000	0.000000	0.000000	1761332298.565227	0.000000
73.000000	38788.457368	39866.414948	-187500.022352	-187500.022352	92506.829501	82870.232507	94871.465250	-187500.022352	0.044000	1.002000	0.060000	192.000000	1.000000	96.000000	31.000000	80.000000	1.000000	224.000000	0.000000	0.000000	0.000000	1761332298.565245	0.000000
74.000000	38760.204763	39833.893160	-187500.022352	-187500.022352	92611.323906	83099.337888	94805.661715	-187500.022352	0.044000	1.002000	0.060000	192.000000	0.000000	0.000000	0.000000	0.000000	0.000000	0.000000	0.000000	0.000000	0.000000	1761332298.565264	0.000000
75.000000	38753.208667	39807.853378	-187500.022352	-187500.022352	92673.081776	82998.151541	95151.063222	-187500.022352	0.044000	1.002000	0.060000	192.000000	0.000000	0.000000	0.000000	0.000000	0.000000	0.000000	0.000000	0.000000	0.000000	1761332298.565282	0.000000
76.000000	38782.131825	39834.206085	-187500.022352	-187500.022352	92606.965316	82805.077172	95295.813119	-187500.022352	0.044000	1.002000	0.060000	192.000000	0.000000	0.000000	0.000000	0.000000	0.000000	0.000000	0.000000	0.000000	0.000000	1761332298.565300	0.000000
77.000000	38794.939374	39859.687073	-187500.022352	-187500.022352	92493.127882	82817.147114	94923.813036	-187500.022352	0.044000	1.002000	0.060000	192.000000	0.000000	0.000000	0.000000	0.000000	0.000000	0.000000	0.000000	0.000000	0.000000	1761332298.565319	0.000000
78.000000	38776.387426	39838.788192	-187500.022352	-187500.022352	92567.581542	83064.692684	94760.444136	-187500.022352	0.044000	1.002000	0.060000	192.000000	0.000000	0.000000	0.000000	0.000000	0.000000	0.000000	0.000000	0.000000	0.000000	1761332298.565337	0.000000
79.000000	38764.608057	39812.748410	-187500.022352	-187500.022352	92666.912695	83030.203942	95067.825325	-187500.022352	0.044000	1.002000	0.060000	192.000000	0.000000	0.000000	0.000000	0.000000	0.000000	0.000000	0.000000	0.000000	0.000000	1761332298.565355	0.000000
80.000000	38767.156156	39815.765895	-187500.022352	-187500.022352	92623.282090	82831.720451	95304.932631	-187500.022352	0.044000	1.002000	0.060000	192.000000	0.000000	0.000000	0.000000	0.000000	0.000000	0.000000	0.000000	0.000000	0.000000	1761332298.565383	0.000000
81.000000	38799.588537	39861.788137	-187500.022352	-187500.022352	92523.526254	82815.560140	95025.178197	-187500.022352	0.044000	1.002000	0.060000	192.000000	0.000000	0.000000	0.000000	0.000000	0.000000	0.000000	0.000000	0.000000	0.000000	1761332298.565402	0.000000
82.000000	38777.840290	39839.034061	-187500.022352	-187500.022352	92561.501868	83044.531410	94767.909618	-187500.022352	0.044000	1.002000	0.060000	192.000000	0.000000	0.000000	0.000000	0.000000	0.000000	0.000000	0.000000	0.000000	0.000000	1761332298.565420	0.000000
83.000000	38746.704310	39798.800921	-187500.022352	-187500.022352	92657.815535	83062.457509	95002.379418	-187500.022352	0.050000	0.994000	0.056000	192.000000	1.000000	144.000000	31.000000	16.000000	1.000000	192.000000	0.000000	0.000000	0.000000	1761332298.565439	0.000000
84.000000	38765.882107	39813.128389	-187500.022352	-187500.022352	92637.386040	82850.227696	95283.586715	-187500.022352	0.050000	0.994000	0.056000	192.000000	0.000000	0.000000	0.000000	0.000000	0.000000	0.000000	0.000000	0.000000	0.000000	1761332298.565458	0.000000
85.000000	38807.612813	39852.310998	-187500.022352	-187500.022352	92535.015051	82792.224919	95088.679503	-187500.022352	0.050000	0.994000	0.056000	192.000000	0.000000	0.000000	0.000000	0.000000	0.000000	0.000000	0.000000	0.000000	0.000000	1761332298.565476	0.000000
86.000000	38791.765427	39838.050585	-187500.022352	-187500.022352	92531.014089	82982.617078	94754.610330	-187500.022352	0.050000	0.994000	0.056000	192.000000	0.000000	0.000000	0.000000	0.000000	0.000000	0.000000	0.000000	0.000000	0.000000	1761332298.565494	0.000000
87.000000	38752.672226	39790.329610	-187500.022352	-187500.022352	92639.554160	83067.464300	94920.236757	-187500.022352	0.050000	0.994000	0.056000	192.000000	0.000000	0.000000	0.000000	0.000000	0.000000	0.000000	0.000000	0.000000	0.000000	1761332298.565513	0.000000
88.000000	38747.374862	39782.417093	-187500.022352	-187500.022352	92639.956491	82860.800071	95252.517790	-187500.022352	0.050000	0.994000	0.056000	192.000000	0.000000	0.000000	0.000000	0.000000	0.000000	0.000000	0.000000	0.000000	0.000000	1761332298.565531	0.000000
89.000000	38799.163854	39842.677396	-187500.022352	-187500.022352	92551.823563	82782.613669	95166.441222	-187500.022352	0.050000	0.994000	0.056000	192.000000	0.000000	0.000000	0.000000	0.000000	0.000000	0.000000	0.000000	0.000000	0.000000	1761332298.565549	0.000000
90.000000	38806.674040	39855.686111	-187500.022352	-187500.022352	92524.621490	82945.244961	94794.329380	-187500.022352	0.050000	0.994000	0.056000	192.000000	0.000000	0.000000	0.000000	0.000000	0.000000	0.000000	0.000000	0.000000	0.000000	1761332298.565567	0.000000
91.000000	38756.002635	39794.889366	-187500.022352	-187500.022352	92626.657203	83077.991972	94871.107623	-187500.022352	0.050000	0.994000	0.056000	192.000000	0.000000	0.000000	0.000000	0.000000	0.000000	0.000000	0.000000	0.000000	0.000000	1761332298.565585	0.000000
92.000000	38758.215458	39798.823273	-187500.022352	-187500.022352	92646.706718	82894.841778	95212.351705	-187500.022352	0.050000	0.994000	0.056000	192.000000	0.000000	0.000000	0.000000	0.000000	0.000000	0.000000	0.000000	0.000000	0.000000	1761332298.565602	0.000000
93.000000	38790.692543	39832.261483	-187500.022352	-187500.022352	92554.751641	82754.450471	95190.558754	-187500.022352	0.046000	0.994000	0.058000	192.000000	1.000000	112.000000	31.000000	16.000000	1.000000	208.000000	0.000000	0.000000	0.000000	1761332298.565620	0.000000
94.000000	38794.827616	39841.783326	-187500.022352	-187500.022352	92503.320277	82889.365600	94816.278793	-187500.022352	0.046000	0.994000	0.058000	192.000000	0.000000	0.000000	0.000000	0.000000	0.000000	0.000000	0.000000	0.000000	0.000000	1761332298.565638	0.000000
95.000000	38755.555601	39802.377200	-187500.022352	-187500.022352	92616.353049	83091.604184	94825.375953	-187500.022352	0.046000	0.994000	0.058000	192.000000	0.000000	0.000000	0.000000	0.000000	0.000000	0.000000	0.000000	0.000000	0.000000	1761332298.565665	0.000000
96.000000	38736.310749	39782.037113	-187500.022352	-187500.022352	92645.924407	82924.480191	95147.196370	-187500.022352	0.046000	0.994000	0.058000	192.000000	0.000000	0.000000	0.000000	0.000000	0.000000	0.000000	0.000000	0.000000	0.000000	1761332298.565683	0.000000
97.000000	38767.536136	39821.398535	-187500.022352	-187500.022352	92566.240438	82754.629285	95227.103856	-187500.022352	0.046000	0.994000	0.058000	192.000000	0.000000	0.000000	0.000000	0.000000	0.000000	0.000000	0.000000	0.000000	0.000000	1761332298.565700	0.000000
98.000000	38809.624470	39871.153518	-187500.022352	-187500.022352	92510.025800	82856.150908	94887.647913	-187500.022352	0.046000	0.994000	0.058000	192.000000	0.000000	0.000000	0.000000	0.000000	0.000000	0.000000	0.000000	0.000000	0.000000	1761332298.565718	0.000000
99.000000	38771.246525	39831.233303	-187500.022352	-187500.022352	92613.536729	83091.850053	94805.035866	-187500.022352	0.046000	0.994000	0.058000	192.000000	0.000000	0.000000	0.000000	0.000000	0.000000	0.000000	0.000000	0.000000	0.000000	1761332298.565735	0.000000
100.000000	38737.316577	39786.686276	-187500.022352	-187500.022352	92676.211020	82989.277898	95128.622070	-187500.022352	0.046000	0.994000	0.058000	192.000000	0.000000	0.000000	0.000000	0.000000	0.000000	0.000000	0.000000	0.000000	0.000000	1761332298.565753	0.000000
101.000000	38771.291229	39809.641517	-187500.022352	-187500.022352	92615.213110	82800.159788	95302.362180	-187500.022352	0.046000	0.994000	0.058000	192.000000	0.000000	0.000000	0.000000	0.000000	0.000000	0.000000	0.000000	0.000000	0.000000	1761332298.565770	0.000000
102.000000	38819.526293	39862.838669	-187500.022352	-187500.022352	92509.243489	82807.804085	94952.959711	-187500.022352	0.046000	0.994000	0.058000	192.000000	0.000000	0.000000	0.000000	0.000000	0.000000	0.000000	0.000000	0.000000	0.000000	1761332298.565788	0.000000
103.000000	38786.937450	39843.415003	-187500.022352	-187500.022352	92563.960560	83030.896846	94735.253720	-187500.022352	0.034000	0.992000	0.062000	192.000000	1.000000	16.000000	31.000000	0.000000	1.000000	240.000000	0.000000	0.000000	0.000000	1761332298.565806	0.000000
104.000000	38747.553676	39799.784398	-187500.022352	-187500.022352	92664.275189	83015.295329	95042.903130	-187500.022352	0.034000	0.992000	0.062000	192.000000	0.000000	0.000000	0.000000	0.000000	0.000000	0.000000	0.000000	0.000000	0.000000	1761332298.565824	0.000000
105.000000	38780.321333	39831.568579	-187500.022352	-187500.022352	92628.221825	82810.218073	95288.749968	-187500.022352	0.034000	0.992000	0.062000	192.000000	0.000000	0.000000	0.000000	0.000000	0.000000	0.000000	0.000000	0.000000	0.000000	1761332298.565842	0.000000
106.000000	38812.016107	39875.087425	-187500.022352	-187500.022352	92526.744905	82777.159843	95018.115046	-187500.022352	0.034000	0.992000	0.062000	192.000000	0.000000	0.000000	0.000000	0.000000	0.000000	0.000000	0.000000	0.000000	0.000000	1761332298.565859	0.000000
107.000000	38802.829540	39870.393559	-187500.022352	-187500.022352	92574.622342	83022.626701	94760.421784	-187500.022352	0.034000	0.992000	0.062000	192.000000	0.000000	0.000000	0.000000	0.000000	0.000000	0.000000	0.000000	0.000000	0.000000	1761332298.565876	0.000000
108.000000	38746.994882	39806.646384	-187500.022352	-187500.022352	92667.739709	83051.974541	94979.781804	-187500.022352	0.034000	0.992000	0.062000	192.000000	0.000000	0.000000	0.000000	0.000000	0.000000	0.000000	0.000000	0.000000	0.000000	1761332298.565907	0.000000
109.000000	38772.989961	39814.849474	-187500.022352	-187500.022352	92644.091564	82838.090698	95276.657674	-187500.022352	0.034000	0.992000	0.062000	192.000000	0.000000	0.000000	0.000000	0.000000	0.000000	0.000000	0.000000	0.000000	0.000000	1761332298.565925	0.000000
110.000000	38817.648747	39879.736588	-187500.022352	-187500.022352	92536.914949	82762.675913	95084.320913	-187500.022352	0.034000	0.992000	0.062000	192.000000	0.000000	0.000000	0.000000	0.000000	0.000000	0.000000	0.000000	0.000000	0.000000	1761332298.565954	0.000000
111.000000	38803.835369	39881.882355	-187500.022352	-187500.022352	92549.387222	82977.252659	94775.598618	-187500.022352	0.034000	0.992000	0.062000	192.000000	0.000000	0.000000	0.000000	0.000000	0.000000	0.000000	0.000000	0.000000	0.000000	1761332298.565972	0.000000
112.000000	38757.723720	39819.990375	-187500.022352	-187500.022352	92664.096375	83090.598356	94951.640958	-187500.022352	0.034000	0.992000	0.062000	192.000000	0.000000	0.000000	0.000000	0.000000	0.000000	0.000000	0.000000	0.000000	0.000000	1761332298.565990	0.000000
113.000000	38763.266952	39805.126465	-187500.022352	-187500.022352	92662.934084	82878.659115	95273.819002	-187500.022352	0.020000	0.990000	0.072000	192.000000	0.000000	160.000000	30.000000	240.000000	2.000000	64.000000	0.000000	0.000000	0.000000	1761332298.566008	0.000000
114.000000	38807.277537	39856.535477	-187500.022352	-187500.022352	92569.392034	82763.726445	95175.046644	-187500.022352	0.020000	0.990000	0.072000	192.000000	0.000000	0.000000	0.000000	0.000000	0.000000	0.000000	0.000000	0.000000	0.000000	1761332298.566026	0.000000
115.000000	38817.648747	39882.709370	-187500.022352	-187500.022352	92539.686565	82924.837819	94802.867747	-187500.022352	0.020000	0.990000	0.072000	192.000000	0.000000	0.000000	0.000000	0.000000	0.000000	0.000000	0.000000	0.000000	0.000000	1761332299.028944	0.000000
116.000000	38772.967610	39835.569541	-187500.022352	-187500.022352	92654.149849	83084.451626	94874.505088	-187500.022352	0.020000	0.990000	0.072000	192.000000	0.000000	0.000000	0.000000	0.000000	0.000000	0.000000	0.000000	0.000000	0.000000	1761332299.029044	0.000000
117.000000	38756.539077	39816.570558	-187500.022352	-187500.022352	92690.739654	82930.738679	95243.197112	-187500.022352	0.020000	0.990000	0.072000	192.000000	0.000000	0.000000	0.000000	0.000000	0.000000	0.000000	0.000000	0.000000	0.000000	1761332299.029131	0.000000
118.000000	38797.241604	39855.328483	-187500.022352	-187500.022352	92608.954621	82794.460093	95259.759755	-187500.022352	0.020000	0.990000	0.072000	192.000000	0.000000	0.000000	0.000000	0.000000	0.000000	0.000000	0.000000	0.000000	0.000000	1761332299.029158	0.000000
119.000000	38799.275613	39864.425643	-187500.022352	-187500.022352	92534.746830	82892.807769	94867.643102	-187500.022352	0.020000	0.990000	0.072000	192.000000	0.000000	0.000000	0.000000	0.000000	0.000000	0.000000	0.000000	0.000000	0.000000	1761332299.029183	0.000000
120.000000	38771.939429	39840.956311	-187500.022352	-187500.022352	92641.543465	83102.735353	94847.772401	-187500.022352	0.020000	0.990000	0.072000	192.000000	0.000000	0.000000	0.000000	0.000000	0.000000	0.000000	0.000000	0.000000	0.000000	1761332299.029210	0.000000
121.000000	38782.601211	39828.305224	-187500.022352	-187500.022352	92693.377160	82970.033046	95180.969856	-187500.022352	0.020000	0.990000	0.072000	192.000000	0.000000	0.000000	0.000000	0.000000	0.000000	0.000000	0.000000	0.000000	0.000000	1761332299.029235	0.000000
122.000000	38784.657572	39851.215762	-187500.022352	-187500.022352	92612.977935	82780.557308	95258.351595	-187500.022352	0.020000	0.990000	0.072000	192.000000	0.000000	0.000000	0.000000	0.000000	0.000000	0.000000	0.000000	0.000000	0.000000	1761332299.029263	0.000000
123.000000	38812.753715	39889.169024	-187500.022352	-187500.022352	92530.790571	82850.495917	94901.573050	-187500.022352	0.016000	0.992000	0.064000	192.000000	0.000000	128.000000	31.000000	0.000000	2.000000	0.000000	0.000000	0.000000	0.000000	1761332299.029290	0.000000
124.000000	38779.919002	39843.549114	-187500.022352	-187500.022352	92608.440531	83070.370027	94777.610275	-187500.022352	0.016000	0.992000	0.064000	192.000000	0.000000	0.000000	0.000000	0.000000	0.000000	0.000000	0.000000	0.000000	0.000000	1761332299.029318	0.000000
125.000000	38756.829650	39807.339288	-187500.022352	-187500.022352	92680.837832	82990.216671	95092.501651	-187500.022352	0.016000	0.992000	0.064000	192.000000	0.000000	0.000000	0.000000	0.000000	0.000000	0.000000	0.000000	0.000000	0.000000	1761332299.029345	0.000000
126.000000	38776.610944	39838.430564	-187500.022352	-187500.022352	92639.263587	82813.392021	95308.911241	-187500.022352	0.016000	0.992000	0.064000	192.000000	0.000000	0.000000	0.000000	0.000000	0.000000	0.000000	0.000000	0.000000	0.000000	1761332299.029433	0.000000
127.000000	38842.593293	39920.260301	-187500.022352	-187500.022352	92559.378452	82843.030434	95004.726351	-187500.022352	0.016000	0.992000	0.064000	192.000000	0.000000	0.000000	0.000000	0.000000	0.000000	0.000000	0.000000	0.000000	0.000000	1761332299.029460	0.000000
128.000000	38817.536988	39895.114588	-187500.022352	-187500.022352	92614.766075	83077.477882	94801.146662	-187500.022352	0.016000	0.992000	0.064000	192.000000	0.000000	0.000000	0.000000	0.000000	0.000000	0.000000	0.000000	0.000000	0.000000	1761332299.029487	0.000000
129.000000	38754.013330	39814.894177	-187500.022352	-187500.022352	92684.816442	83043.145602	95070.015796	-187500.022352	0.016000	0.992000	0.064000	192.000000	0.000000	0.000000	0.000000	0.000000	0.000000	0.000000	0.000000	0.000000	0.000000	1761332299.029514	0.000000
130.000000	38764.093967	39824.103096	-187500.022352	-187500.022352	92635.776715	82822.556236	95308.978296	-187500.022352	0.016000	0.992000	0.064000	192.000000	0.000000	0.000000	0.000000	0.000000	0.000000	0.000000	0.000000	0.000000	0.000000	1761332299.029540	0.000000
131.000000	38818.922796	39893.281745	-187500.022352	-187500.022352	92526.476684	82782.345448	95044.735973	-187500.022352	0.016000	0.992000	0.064000	192.000000	0.000000	0.000000	0.000000	0.000000	0.000000	0.000000	0.000000	0.000000	0.000000	1761332299.029567	0.000000
132.000000	38803.254223	39887.380885	-187500.022352	-187500.022352	92565.078147	83013.484837	94775.755081	-187500.022352	0.016000	0.992000	0.064000	192.000000	0.000000	0.000000	0.000000	0.000000	0.000000	0.000000	0.000000	0.000000	0.000000	1761332299.029594	0.000000
133.000000	38771.961781	39840.375166	-187500.022352	-187500.022352	92669.527849	83064.357408	94984.833298	-187500.022352	0.024000	0.992000	0.060000	192.000000	0.000000	192.000000	31.000000	0.000000	1.000000	224.000000	0.000000	0.000000	0.000000	1761332299.029620	0.000000
134.000000	38776.096854	39838.609378	-187500.022352	-187500.022352	92655.781526	82860.755367	95285.330151	-187500.022352	0.024000	0.992000	0.060000	192.000000	0.000000	0.000000	0.000000	0.000000	0.000000	0.000000	0.000000	0.000000	0.000000	1761332299.029648	0.000000
135.000000	38822.007337	39898.579109	-187500.022352	-187500.022352	92565.145202	82795.845901	95140.513198	-187500.022352	0.024000	0.992000	0.060000	192.000000	0.000000	0.000000	0.000000	0.000000	0.000000	0.000000	0.000000	0.000000	0.000000	1761332299.029674	0.000000
136.000000	38823.817828	39913.197149	-187500.022352	-187500.022352	92562.015958	82988.652049	94802.867747	-187500.022352	0.024000	0.992000	0.060000	192.000000	0.000000	0.000000	0.000000	0.000000	0.000000	0.000000	0.000000	0.000000	0.000000	1761332299.029701	0.000000
137.000000	38782.265935	39855.350835	-187500.022352	-187500.022352	92678.893230	83105.886949	94951.819772	-187500.022352	0.024000	0.992000	0.060000	192.000000	0.000000	0.000000	0.000000	0.000000	0.000000	0.000000	0.000000	0.000000	0.000000	1761332299.029728	0.000000
138.000000	38800.840235	39867.823108	-187500.022352	-187500.022352	92695.053541	82913.438429	95285.263096	-187500.022352	0.024000	0.992000	0.060000	192.000000	0.000000	0.000000	0.000000	0.000000	0.000000	0.000000	0.000000	0.000000	0.000000	1761332299.029754	0.000000
139.000000	38810.071505	39890.599536	-187500.022352	-187500.022352	92574.465880	82769.537898	95191.855155	-187500.022352	0.024000	0.992000	0.060000	192.000000	0.000000	0.000000	0.000000	0.000000	0.000000	0.000000	0.000000	0.000000	0.000000	1761332299.029781	0.000000
140.000000	38823.616662	39908.503283	-187500.022352	-187500.022352	92536.177341	82910.398592	94805.438197	-187500.022352	0.024000	0.992000	0.060000	192.000000	0.000000	0.000000	0.000000	0.000000	0.000000	0.000000	0.000000	0.000000	0.000000	1761332299.029807	0.000000
141.000000	38792.078351	39875.333294	-187500.022352	-187500.022352	92666.622122	83095.828664	94866.816088	-187500.022352	0.024000	0.992000	0.060000	192.000000	0.000000	0.000000	0.000000	0.000000	0.000000	0.000000	0.000000	0.000000	0.000000	1761332299.029859	0.000000
142.000000	38758.304865	39847.818297	-187500.022352	-187500.022352	92692.460739	82928.950540	95217.157330	-187500.022352	0.024000	0.992000	0.060000	192.000000	0.000000	0.000000	0.000000	0.000000	0.000000	0.000000	0.000000	0.000000	0.000000	1761332299.029885	0.000000
143.000000	38807.188130	39888.498472	-187500.022352	-187500.022352	92593.353104	82764.888735	95237.385659	-187500.022352	0.032000	0.996000	0.068000	192.000000	1.000000	0.000000	31.000000	32.000000	2.000000	32.000000	0.000000	0.000000	0.000000	1761332299.029912	0.000000
144.000000	38832.043270	39918.047478	-187500.022352	-187500.022352	92517.379524	82850.004178	94836.752991	-187500.022352	0.032000	0.996000	0.068000	192.000000	0.000000	0.000000	0.000000	0.000000	0.000000	0.000000	0.000000	0.000000	0.000000	1761332299.029940	0.000000
145.000000	38806.606985	39900.009620	-187500.022352	-187500.022352	92642.705756	83091.425370	94814.200081	-187500.022352	0.032000	0.996000	0.068000	192.000000	0.000000	0.000000	0.000000	0.000000	0.000000	0.000000	0.000000	0.000000	0.000000	1761332299.029965	0.000000
146.000000	38778.175566	39865.319713	-187500.022352	-187500.022352	92708.084608	82990.306078	95178.868792	-187500.022352	0.032000	0.996000	0.068000	192.000000	0.000000	0.000000	0.000000	0.000000	0.000000	0.000000	0.000000	0.000000	0.000000	1761332299.029992	0.000000
147.000000	38812.329032	39888.498472	-187500.022352	-187500.022352	92633.250968	82796.516454	95293.712055	-187500.022352	0.032000	0.996000	0.068000	192.000000	0.000000	0.000000	0.000000	0.000000	0.000000	0.000000	0.000000	0.000000	0.000000	1761332299.030018	0.000000
148.000000	38819.101610	39908.145655	-187500.022352	-187500.022352	92539.485400	82838.090698	94936.955862	-187500.022352	0.032000	0.996000	0.068000	192.000000	0.000000	0.000000	0.000000	0.000000	0.000000	0.000000	0.000000	0.000000	0.000000	1761332299.030044	0.000000
149.000000	38794.782912	39883.983419	-187500.022352	-187500.022352	92628.445343	83088.318478	94804.454721	-187500.022352	0.032000	0.996000	0.068000	192.000000	0.000000	0.000000	0.000000	0.000000	0.000000	0.000000	0.000000	0.000000	0.000000	1761332299.030070	0.000000
150.000000	38800.616717	39875.400350	-187500.022352	-187500.022352	92703.614259	83024.012509	95108.773721	-187500.022352	0.032000	0.996000	0.068000	192.000000	0.000000	0.000000	0.000000	0.000000	0.000000	0.000000	0.000000	0.000000	0.000000	1761332299.030098	0.000000
151.000000	38813.916005	39895.606327	-187500.022352	-187500.022352	92647.041994	82824.970224	95307.972468	-187500.022352	0.032000	0.996000	0.068000	192.000000	0.000000	0.000000	0.000000	0.000000	0.000000	0.000000	0.000000	0.000000	0.000000	1761332299.030126	0.000000
152.000000	38812.977232	39904.301155	-187500.022352	-187500.022352	92536.937301	82809.055782	95008.146168	-187500.022352	0.032000	0.996000	0.068000	192.000000	0.000000	0.000000	0.000000	0.000000	0.000000	0.000000	0.000000	0.000000	0.000000	1761332299.030154	0.000000
153.000000	38783.718799	39870.281800	-187500.022352	-187500.022352	92585.552345	83035.881285	94789.747273	-187500.022352	0.034000	0.996000	0.060000	192.000000	1.000000	16.000000	31.000000	32.000000	1.000000	224.000000	0.000000	0.000000	0.000000	1761332299.030182	0.000000
154.000000	38757.544906	39836.262445	-187500.022352	-187500.022352	92681.821308	83036.462431	95046.077078	-187500.022352	0.034000	0.996000	0.060000	192.000000	0.000000	0.000000	0.000000	0.000000	0.000000	0.000000	0.000000	0.000000	0.000000	1761332299.030212	0.000000
155.000000	38788.323258	39866.347893	-187500.022352	-187500.022352	92657.748480	82835.408489	95319.237747	-187500.022352	0.034000	0.996000	0.060000	192.000000	0.000000	0.000000	0.000000	0.000000	0.000000	0.000000	0.000000	0.000000	0.000000	1761332299.030240	0.000000
156.000000	38842.012148	39927.658728	-187500.022352	-187500.022352	92555.064566	82797.142303	95093.619239	-187500.022352	0.034000	0.996000	0.060000	192.000000	0.000000	0.000000	0.000000	0.000000	0.000000	0.000000	0.000000	0.000000	0.000000	1761332299.030283	0.000000
157.000000	38812.753715	39912.817170	-187500.022352	-187500.022352	92570.420214	82996.944546	94782.371197	-187500.022352	0.034000	0.996000	0.060000	192.000000	0.000000	0.000000	0.000000	0.000000	0.000000	0.000000	0.000000	0.000000	0.000000	1761332299.030312	0.000000
158.000000	38799.521482	39886.039780	-187500.022352	-187500.022352	92679.921410	83064.938553	94962.481554	-187500.022352	0.034000	0.996000	0.060000	192.000000	0.000000	0.000000	0.000000	0.000000	0.000000	0.000000	0.000000	0.000000	0.000000	1761332299.030340	0.000000
159.000000	38821.627357	39908.816208	-187500.022352	-187500.022352	92678.736768	82877.586231	95286.358331	-187500.022352	0.034000	0.996000	0.060000	192.000000	0.000000	0.000000	0.000000	0.000000	0.000000	0.000000	0.000000	0.000000	0.000000	1761332299.030368	0.000000
160.000000	38836.021881	39937.091164	-187500.022352	-187500.022352	92576.835165	82791.196739	95153.790135	-187500.022352	0.034000	0.996000	0.060000	192.000000	0.000000	0.000000	0.000000	0.000000	0.000000	0.000000	0.000000	0.000000	0.000000	1761332299.030396	0.000000
161.000000	38840.179305	39927.368155	-187500.022352	-187500.022352	92547.643786	82953.984493	94781.991217	-187500.022352	0.034000	0.996000	0.060000	192.000000	0.000000	0.000000	0.000000	0.000000	0.000000	0.000000	0.000000	0.000000	0.000000	1761332299.030424	0.000000
162.000000	38790.513729	39876.808509	-187500.022352	-187500.022352	92659.536619	83078.617821	94896.186280	-187500.022352	0.034000	0.996000	0.060000	192.000000	0.000000	0.000000	0.000000	0.000000	0.000000	0.000000	0.000000	0.000000	0.000000	1761332299.030452	0.000000
163.000000	38774.934563	39847.863000	-187500.022352	-187500.022352	92672.143003	82902.933109	95254.663557	-187500.022352	0.036000	0.996000	0.050000	192.000000	1.000000	32.000000	31.000000	32.000000	1.000000	144.000000	0.000000	0.000000	0.000000	1761332299.030480	0.000000
164.000000	38826.298872	39907.340992	-187500.022352	-187500.022352	92575.114080	82765.894564	95200.549984	-187500.022352	0.036000	0.996000	0.050000	192.000000	0.000000	0.000000	0.000000	0.000000	0.000000	0.000000	0.000000	0.000000	0.000000	1761332299.030510	0.000000
165.000000	38833.697299	39934.766583	-187500.022352	-187500.022352	92533.606891	82902.709592	94817.150511	-187500.022352	0.036000	0.996000	0.050000	192.000000	0.000000	0.000000	0.000000	0.000000	0.000000	0.000000	0.000000	0.000000	0.000000	1761332299.030537	0.000000
166.000000	38763.758691	39846.968931	-187500.022352	-187500.022352	92631.395773	83084.228108	94862.122221	-187500.022352	0.036000	0.996000	0.050000	192.000000	0.000000	0.000000	0.000000	0.000000	0.000000	0.000000	0.000000	0.000000	0.000000	1761332299.030566	0.000000
167.000000	38789.686714	39866.616114	-187500.022352	-187500.022352	92687.521003	82946.004921	95237.966804	-187500.022352	0.036000	0.996000	0.050000	192.000000	0.000000	0.000000	0.000000	0.000000	0.000000	0.000000	0.000000	0.000000	0.000000	1761332299.030612	0.000000
168.000000	38832.423250	39919.008603	-187500.022352	-187500.022352	92610.385133	82788.738047	95292.393302	-187500.022352	0.036000	0.996000	0.050000	192.000000	0.000000	0.000000	0.000000	0.000000	0.000000	0.000000	0.000000	0.000000	0.000000	1761332299.030641	0.000000
169.000000	38862.598105	39963.287409	-187500.022352	-187500.022352	92537.317280	82877.675638	94902.243603	-187500.022352	0.036000	0.996000	0.050000	192.000000	0.000000	0.000000	0.000000	0.000000	0.000000	0.000000	0.000000	0.000000	0.000000	1761332299.030669	0.000000
170.000000	38822.141447	39907.899786	-187500.022352	-187500.022352	92637.766020	83098.600280	94842.095058	-187500.022352	0.036000	0.996000	0.050000	192.000000	0.000000	0.000000	0.000000	0.000000	0.000000	0.000000	0.000000	0.000000	0.000000	1761332299.030698	0.000000
171.000000	38776.208612	39846.320730	-187500.022352	-187500.022352	92678.468547	82972.916421	95167.111774	-187500.022352	0.036000	0.996000	0.050000	192.000000	0.000000	0.000000	0.000000	0.000000	0.000000	0.000000	0.000000	0.000000	0.000000	1761332299.030726	0.000000
172.000000	38786.535118	39866.034969	-187500.022352	-187500.022352	92608.239366	82788.760398	95310.833491	-187500.022352	0.036000	0.996000	0.050000	192.000000	0.000000	0.000000	0.000000	0.000000	0.000000	0.000000	0.000000	0.000000	0.000000	1761332299.030770	0.000000
173.000000	38817.961671	39915.924062	-187500.022352	-187500.022352	92530.187074	82829.641739	94962.414499	-187500.022352	0.042000	0.994000	0.046000	192.000000	1.000000	80.000000	31.000000	16.000000	1.000000	112.000000	0.000000	0.000000	0.000000	1761332299.030799	0.000000
174.000000	38801.734305	39896.522748	-187500.022352	-187500.022352	92620.063438	83068.201908	94808.299221	-187500.022352	0.042000	0.994000	0.046000	192.000000	0.000000	0.000000	0.000000	0.000000	0.000000	0.000000	0.000000	0.000000	0.000000	1761332299.030828	0.000000
175.000000	38803.544796	39894.600498	-187500.022352	-187500.022352	92727.150646	83049.761718	95142.614262	-187500.022352	0.042000	0.994000	0.046000	192.000000	0.000000	0.000000	0.000000	0.000000	0.000000	0.000000	0.000000	0.000000	0.000000	1761332299.030856	0.000000
176.000000	38825.270692	39919.701507	-187500.022352	-187500.022352	92670.801898	82852.149946	95368.545695	-187500.022352	0.042000	0.994000	0.046000	192.000000	0.000000	0.000000	0.000000	0.000000	0.000000	0.000000	0.000000	0.000000	0.000000	1761332299.030885	0.000000
177.000000	38835.574846	39933.380775	-187500.022352	-187500.022352	92544.648653	82817.772963	95049.586302	-187500.022352	0.042000	0.994000	0.046000	192.000000	0.000000	0.000000	0.000000	0.000000	0.000000	0.000000	0.000000	0.000000	0.000000	1761332299.030913	0.000000
178.000000	38801.019049	39896.701562	-187500.022352	-187500.022352	92575.494060	83032.506172	94801.996029	-187500.022352	0.042000	0.994000	0.046000	192.000000	0.000000	0.000000	0.000000	0.000000	0.000000	0.000000	0.000000	0.000000	0.000000	1761332299.030941	0.000000
179.000000	38794.693505	39877.926097	-187500.022352	-187500.022352	92678.669712	83049.538201	95050.592130	-187500.022352	0.042000	0.994000	0.046000	192.000000	0.000000	0.000000	0.000000	0.000000	0.000000	0.000000	0.000000	0.000000	0.000000	1761332299.030969	0.000000
180.000000	38795.721685	39887.984382	-187500.022352	-187500.022352	92665.035148	82849.601847	95340.717774	-187500.022352	0.042000	0.994000	0.046000	192.000000	0.000000	0.000000	0.000000	0.000000	0.000000	0.000000	0.000000	0.000000	0.000000	1761332299.030997	0.000000
181.000000	38844.604951	39933.581940	-187500.022352	-187500.022352	92548.806077	82785.072361	95115.456893	-187500.022352	0.042000	0.994000	0.046000	192.000000	0.000000	0.000000	0.000000	0.000000	0.000000	0.000000	0.000000	0.000000	0.000000	1761332299.031025	0.000000
182.000000	38854.842049	39962.773319	-187500.022352	-187500.022352	92582.020769	83016.412916	94814.088322	-187500.022352	0.042000	0.994000	0.046000	192.000000	0.000000	0.000000	0.000000	0.000000	0.000000	0.000000	0.000000	0.000000	0.000000	1761332299.031054	0.000000
183.000000	38792.458331	39902.065981	-187500.022352	-187500.022352	92690.739654	83088.497292	94982.575772	-187500.022352	0.038000	0.996000	0.048000	192.000000	1.000000	48.000000	31.000000	32.000000	1.000000	128.000000	0.000000	0.000000	0.000000	1761332299.031082	0.000000
184.000000	38769.704255	39857.965989	-187500.022352	-187500.022352	92671.986541	82874.255821	95299.367046	-187500.022352	0.038000	0.996000	0.048000	192.000000	0.000000	0.000000	0.000000	0.000000	0.000000	0.000000	0.000000	0.000000	0.000000	1761332299.031111	0.000000
185.000000	38830.031613	39928.910426	-187500.022352	-187500.022352	92577.796290	82777.629230	95184.590839	-187500.022352	0.038000	0.996000	0.048000	192.000000	0.000000	0.000000	0.000000	0.000000	0.000000	0.000000	0.000000	0.000000	0.000000	1761332299.031139	0.000000
186.000000	38861.525221	39963.041540	-187500.022352	-187500.022352	92573.392996	82972.536441	94850.029927	-187500.022352	0.038000	0.996000	0.048000	192.000000	0.000000	0.000000	0.000000	0.000000	0.000000	0.000000	0.000000	0.000000	0.000000	1761332299.031168	0.000000
187.000000	38809.959747	39904.547024	-187500.022352	-187500.022352	92682.022474	83105.439914	94934.810094	-187500.022352	0.038000	0.996000	0.048000	192.000000	0.000000	0.000000	0.000000	0.000000	0.000000	0.000000	0.000000	0.000000	0.000000	1761332299.031208	0.000000
188.000000	38795.051133	39880.049512	-187500.022352	-187500.022352	92702.921355	82924.077859	95274.713072	-187500.022352	0.038000	0.996000	0.048000	192.000000	0.000000	0.000000	0.000000	0.000000	0.000000	0.000000	0.000000	0.000000	0.000000	1761332299.031234	0.000000
189.000000	38829.472820	39936.286501	-187500.022352	-187500.022352	92616.822435	82797.008192	95257.926912	-187500.022352	0.038000	0.996000	0.048000	192.000000	0.000000	0.000000	0.000000	0.000000	0.000000	0.000000	0.000000	0.000000	0.000000	1761332299.031260	0.000000
190.000000	38843.241494	39960.336978	-187500.022352	-187500.022352	92555.824525	82925.284854	94865.296169	-187500.022352	0.038000	0.996000	0.048000	192.000000	0.000000	0.000000	0.000000	0.000000	0.000000	0.000000	0.000000	0.000000	0.000000	1761332299.031287	0.000000
191.000000	38801.667249	39911.565472	-187500.022352	-187500.022352	92673.841736	83112.257196	94881.747053	-187500.022352	0.038000	0.996000	0.048000	192.000000	0.000000	0.000000	0.000000	0.000000	0.000000	0.000000	0.000000	0.000000	0.000000	1761332299.031314	0.000000
192.000000	38775.783929	39870.348855	-187500.022352	-187500.022352	92723.440257	82966.009732	95240.179627	-187500.022352	0.038000	0.996000	0.048000	192.000000	0.000000	0.000000	0.000000	0.000000	0.000000	0.000000	0.000000	0.000000	0.000000	1761332299.031340	0.000000
193.000000	38827.952901	39928.753964	-187500.022352	-187500.022352	92645.924407	82802.238500	95307.748950	-187500.022352	0.032000	0.990000	0.042000	192.000000	1.000000	0.000000	30.000000	240.000000	1.000000	80.000000	0.000000	0.000000	0.000000	1761332299.031366	0.000000
194.000000	38854.618532	39967.847165	-187500.022352	-187500.022352	92562.194772	82879.195557	94921.801379	-187500.022352	0.032000	0.990000	0.042000	192.000000	0.000000	0.000000	0.000000	0.000000	0.000000	0.000000	0.000000	0.000000	0.000000	1761332299.031394	0.000000
195.000000	38810.540892	39895.874547	-187500.022352	-187500.022352	92649.500686	83103.852940	94832.282642	-187500.022352	0.032000	0.990000	0.042000	192.000000	0.000000	0.000000	0.000000	0.000000	0.000000	0.000000	0.000000	0.000000	0.000000	1761332299.031420	0.000000
196.000000	38762.931676	39841.425698	-187500.022352	-187500.022352	92715.192463	83002.219558	95152.694899	-187500.022352	0.032000	0.990000	0.042000	192.000000	0.000000	0.000000	0.000000	0.000000	0.000000	0.000000	0.000000	0.000000	0.000000	1761332299.031446	0.000000
197.000000	38789.686714	39886.442111	-187500.022352	-187500.022352	92668.522020	82833.463887	95333.744029	-187500.022352	0.032000	0.990000	0.042000	192.000000	0.000000	0.000000	0.000000	0.000000	0.000000	0.000000	0.000000	0.000000	0.000000	1761332299.031473	0.000000
198.000000	38838.592331	39953.273827	-187500.022352	-187500.022352	92595.856499	82879.173205	95019.567909	-187500.022352	0.032000	0.990000	0.042000	192.000000	0.000000	0.000000	0.000000	0.000000	0.000000	0.000000	0.000000	0.000000	0.000000	1761332299.031499	0.000000
199.000000	38808.640994	39906.469274	-187500.022352	-187500.022352	92646.460849	83098.980260	94844.397288	-187500.022352	0.032000	0.990000	0.042000	192.000000	0.000000	0.000000	0.000000	0.000000	0.000000	0.000000	0.000000	0.000000	0.000000	1761332299.031526	0.000000
200.000000	38794.514691	39877.836690	-187500.022352	-187500.022352	92730.950443	83048.755890	95122.162416	-187500.022352	0.032000	0.990000	0.042000	192.000000	0.000000	0.000000	0.000000	0.000000	0.000000	0.000000	0.000000	0.000000	0.000000	1761332299.031552	0.000000
201.000000	38834.099631	39902.825940	-187500.022352	-187500.022352	92707.570518	82859.101338	95350.060803	-187500.022352	0.032000	0.990000	0.042000	192.000000	0.000000	0.000000	0.000000	0.000000	0.000000	0.000000	0.000000	0.000000	0.000000	1761332299.031579	0.000000
202.000000	38841.967445	39904.077638	-187500.022352	-187500.022352	92608.641697	82855.145080	95102.872861	-187500.022352	0.032000	0.990000	0.042000	192.000000	0.000000	0.000000	0.000000	0.000000	0.000000	0.000000	0.000000	0.000000	0.000000	1761332299.031620	0.000000
203.000000	38824.667194	39894.332277	-187500.022352	-187500.022352	92635.977880	83076.583812	94848.085326	-187500.022352	0.030000	1.000000	0.048000	192.000000	0.000000	240.000000	31.000000	64.000000	1.000000	128.000000	0.000000	0.000000	0.000000	1761332299.031647	0.000000
204.000000	38791.854834	39860.715253	-187500.022352	-187500.022352	92740.159361	83102.444780	95081.772814	-187500.022352	0.030000	1.000000	0.048000	192.000000	0.000000	0.000000	0.000000	0.000000	0.000000	0.000000	0.000000	0.000000	0.000000	1761332299.031674	0.000000
205.000000	38805.869377	39867.309018	-187500.022352	-187500.022352	92715.259518	82880.134330	95344.048183	-187500.022352	0.030000	1.000000	0.048000	192.000000	0.000000	0.000000	0.000000	0.000000	0.000000	0.000000	0.000000	0.000000	0.000000	1761332299.031701	0.000000
206.000000	38855.736119	39920.640280	-187500.022352	-187500.022352	92615.146055	82829.485277	95161.389728	-187500.022352	0.030000	1.000000	0.048000	192.000000	0.000000	0.000000	0.000000	0.000000	0.000000	0.000000	0.000000	0.000000	0.000000	1761332299.031728	0.000000
207.000000	38848.360044	39912.571301	-187500.022352	-187500.022352	92618.878796	83038.563495	94865.877314	-187500.022352	0.030000	1.000000	0.048000	192.000000	0.000000	0.000000	0.000000	0.000000	0.000000	0.000000	0.000000	0.000000	0.000000	1761332299.031758	0.000000
208.000000	38804.662383	39862.682207	-187500.022352	-187500.022352	92735.040812	83129.803315	95036.443476	-187500.022352	0.030000	1.000000	0.048000	192.000000	0.000000	0.000000	0.000000	0.000000	0.000000	0.000000	0.000000	0.000000	0.000000	1761332299.031784	0.000000
209.000000	38804.215348	39855.797870	-187500.022352	-187500.022352	92738.035946	82937.935941	95353.972358	-187500.022352	0.030000	1.000000	0.048000	192.000000	0.000000	0.000000	0.000000	0.000000	0.000000	0.000000	0.000000	0.000000	0.000000	1761332299.031811	0.000000
210.000000	38830.568055	39886.218594	-187500.022352	-187500.022352	92612.955584	82802.529073	95230.367211	-187500.022352	0.030000	1.000000	0.048000	192.000000	0.000000	0.000000	0.000000	0.000000	0.000000	0.000000	0.000000	0.000000	0.000000	1761332299.031838	0.000000
211.000000	38868.364855	39946.501249	-187500.022352	-187500.022352	92603.657258	82995.737552	94901.774216	-187500.022352	0.030000	1.000000	0.048000	192.000000	0.000000	0.000000	0.000000	0.000000	0.000000	0.000000	0.000000	0.000000	0.000000	1761332299.031864	0.000000
212.000000	38790.312563	39856.334312	-187500.022352	-187500.022352	92706.296469	83140.330987	94980.385301	-187500.022352	0.030000	1.000000	0.048000	192.000000	0.000000	0.000000	0.000000	0.000000	0.000000	0.000000	0.000000	0.000000	0.000000	1761332299.031892	0.000000
213.000000	38788.189147	39836.754183	-187500.022352	-187500.022352	92727.307108	82957.806642	95316.287317	-187500.022352	0.026000	0.992000	0.050000	192.000000	0.000000	208.000000	31.000000	0.000000	1.000000	144.000000	0.000000	0.000000	0.000000	1761332299.031918	0.000000
214.000000	38850.014073	39906.938661	-187500.022352	-187500.022352	92651.199418	82828.255931	95313.448645	-187500.022352	0.026000	0.992000	0.050000	192.000000	0.000000	0.000000	0.000000	0.000000	0.000000	0.000000	0.000000	0.000000	0.000000	1761332299.031946	0.000000
215.000000	38860.161765	39926.339975	-187500.022352	-187500.022352	92598.046970	82956.800813	94958.391185	-187500.022352	0.026000	0.992000	0.050000	192.000000	0.000000	0.000000	0.000000	0.000000	0.000000	0.000000	0.000000	0.000000	0.000000	1761332299.031974	0.000000
216.000000	38821.113267	39876.964972	-187500.022352	-187500.022352	92706.676448	83162.928601	94966.795441	-187500.022352	0.026000	0.992000	0.050000	192.000000	0.000000	0.000000	0.000000	0.000000	0.000000	0.000000	0.000000	0.000000	0.000000	1761332299.032000	0.000000
217.000000	38784.143482	39831.479172	-187500.022352	-187500.022352	92744.830876	83008.366288	95295.701360	-187500.022352	0.026000	0.992000	0.050000	192.000000	0.000000	0.000000	0.000000	0.000000	0.000000	0.000000	0.000000	0.000000	0.000000	1761332299.032040	0.000000
218.000000	38831.573883	39876.875565	-187500.022352	-187500.022352	92664.051672	82815.314271	95357.816858	-187500.022352	0.026000	0.992000	0.050000	192.000000	0.000000	0.000000	0.000000	0.000000	0.000000	0.000000	0.000000	0.000000	0.000000	1761332299.032067	0.000000
219.000000	38827.505866	39906.178702	-187500.022352	-187500.022352	92565.905162	82875.172243	94978.150127	-187500.022352	0.026000	0.992000	0.050000	192.000000	0.000000	0.000000	0.000000	0.000000	0.000000	0.000000	0.000000	0.000000	0.000000	1761332299.032093	0.000000
220.000000	38846.326035	39922.964862	-187500.022352	-187500.022352	92678.110919	83141.292112	94913.710047	-187500.022352	0.026000	0.992000	0.050000	192.000000	0.000000	0.000000	0.000000	0.000000	0.000000	0.000000	0.000000	0.000000	0.000000	1761332299.032120	0.000000
221.000000	38817.916968	39881.390617	-187500.022352	-187500.022352	92750.664681	83065.653809	95232.244758	-187500.022352	0.026000	0.992000	0.050000	192.000000	0.000000	0.000000	0.000000	0.000000	0.000000	0.000000	0.000000	0.000000	0.000000	1761332299.032146	0.000000
222.000000	38809.646822	39874.059245	-187500.022352	-187500.022352	92691.030227	82863.526984	95405.269612	-187500.022352	0.026000	0.992000	0.050000	192.000000	0.000000	0.000000	0.000000	0.000000	0.000000	0.000000	0.000000	0.000000	0.000000	1761332299.032173	0.000000
223.000000	38833.809058	39903.854120	-187500.022352	-187500.022352	92574.912915	82862.632914	95068.361767	-187500.022352	0.034000	0.996000	0.060000	192.000000	1.000000	16.000000	31.000000	32.000000	1.000000	224.000000	0.000000	0.000000	0.000000	1761332299.032199	0.000000
224.000000	38820.487418	39878.708408	-187500.022352	-187500.022352	92643.733936	83109.440876	94904.411722	-187500.022352	0.034000	0.996000	0.060000	192.000000	0.000000	0.000000	0.000000	0.000000	0.000000	0.000000	0.000000	0.000000	0.000000	1761332299.032227	0.000000
225.000000	38798.470950	39846.901875	-187500.022352	-187500.022352	92745.076745	83085.680972	95180.098138	-187500.022352	0.034000	0.996000	0.060000	192.000000	0.000000	0.000000	0.000000	0.000000	0.000000	0.000000	0.000000	0.000000	0.000000	1761332299.032254	0.000000
226.000000	38811.054982	39869.186565	-187500.022352	-187500.022352	92703.323687	82873.652324	95392.104434	-187500.022352	0.034000	0.996000	0.060000	192.000000	0.000000	0.000000	0.000000	0.000000	0.000000	0.000000	0.000000	0.000000	0.000000	1761332299.032280	0.000000
227.000000	38846.817773	39927.658728	-187500.022352	-187500.022352	92601.176214	82855.033321	95152.985472	-187500.022352	0.034000	0.996000	0.060000	192.000000	0.000000	0.000000	0.000000	0.000000	0.000000	0.000000	0.000000	0.000000	0.000000	1761332299.032307	0.000000
228.000000	38844.962578	39912.794818	-187500.022352	-187500.022352	92630.457000	83088.206719	94918.202748	-187500.022352	0.034000	0.996000	0.060000	192.000000	0.000000	0.000000	0.000000	0.000000	0.000000	0.000000	0.000000	0.000000	0.000000	1761332299.032334	0.000000
229.000000	38784.545813	39851.573390	-187500.022352	-187500.022352	92727.418867	83116.593434	95133.181826	-187500.022352	0.034000	0.996000	0.060000	192.000000	0.000000	0.000000	0.000000	0.000000	0.000000	0.000000	0.000000	0.000000	0.000000	1761332299.032360	0.000000
230.000000	38791.743075	39862.078710	-187500.022352	-187500.022352	92705.871785	82900.966156	95393.579649	-187500.022352	0.034000	0.996000	0.060000	192.000000	0.000000	0.000000	0.000000	0.000000	0.000000	0.000000	0.000000	0.000000	0.000000	1761332299.032386	0.000000
231.000000	38842.705052	39920.193245	-187500.022352	-187500.022352	92605.847729	82829.574684	95208.037818	-187500.022352	0.034000	0.996000	0.060000	192.000000	0.000000	0.000000	0.000000	0.000000	0.000000	0.000000	0.000000	0.000000	0.000000	1761332299.032413	0.000000
232.000000	38837.050061	39909.531463	-187500.022352	-187500.022352	92602.629078	83026.493553	94896.610963	-187500.022352	0.034000	0.996000	0.060000	192.000000	0.000000	0.000000	0.000000	0.000000	0.000000	0.000000	0.000000	0.000000	0.000000	1761332299.032439	0.000000
233.000000	38822.141447	39891.627716	-187500.022352	-187500.022352	92721.875634	83136.240618	95044.132476	-187500.022352	0.038000	0.994000	0.072000	192.000000	1.000000	48.000000	31.000000	16.000000	2.000000	64.000000	0.000000	0.000000	0.000000	1761332299.032482	0.000000
234.000000	38805.869377	39892.074751	-187500.022352	-187500.022352	92748.653024	82955.347950	95375.318274	-187500.022352	0.038000	0.994000	0.072000	192.000000	0.000000	0.000000	0.000000	0.000000	0.000000	0.000000	0.000000	0.000000	0.000000	1761332299.032510	0.000000
235.000000	38831.037442	39924.440077	-187500.022352	-187500.022352	92627.774790	82821.773925	95277.752909	-187500.022352	0.038000	0.994000	0.072000	192.000000	0.000000	0.000000	0.000000	0.000000	0.000000	0.000000	0.000000	0.000000	0.000000	1761332299.509321	0.000000
236.000000	38851.936323	39946.210676	-187500.022352	-187500.022352	92582.624266	82968.557831	94922.784856	-187500.022352	0.038000	0.994000	0.072000	192.000000	0.000000	0.000000	0.000000	0.000000	0.000000	0.000000	0.000000	0.000000	0.000000	1761332299.509398	0.000000
237.000000	38809.065677	39892.968821	-187500.022352	-187500.022352	92700.507367	83135.279493	94997.149110	-187500.022352	0.038000	0.994000	0.072000	192.000000	0.000000	0.000000	0.000000	0.000000	0.000000	0.000000	0.000000	0.000000	0.000000	1761332299.509430	0.000000
238.000000	38790.178453	39877.590821	-187500.022352	-187500.022352	92734.191446	82971.597668	95327.932576	-187500.022352	0.038000	0.994000	0.072000	192.000000	0.000000	0.000000	0.000000	0.000000	0.000000	0.000000	0.000000	0.000000	0.000000	1761332299.509462	0.000000
239.000000	38818.229892	39918.181588	-187500.022352	-187500.022352	92642.526942	82814.978995	95319.975355	-187500.022352	0.038000	0.994000	0.072000	192.000000	0.000000	0.000000	0.000000	0.000000	0.000000	0.000000	0.000000	0.000000	0.000000	1761332299.509494	0.000000
240.000000	38842.705052	39950.122231	-187500.022352	-187500.022352	92577.595124	82928.570560	94964.493211	-187500.022352	0.038000	0.994000	0.072000	192.000000	0.000000	0.000000	0.000000	0.000000	0.000000	0.000000	0.000000	0.000000	0.000000	1761332299.509512	0.000000
241.000000	38807.255186	39917.980423	-187500.022352	-187500.022352	92677.172146	83140.532153	94952.624435	-187500.022352	0.038000	0.994000	0.072000	192.000000	0.000000	0.000000	0.000000	0.000000	0.000000	0.000000	0.000000	0.000000	0.000000	1761332299.509529	0.000000
242.000000	38777.549717	39886.531518	-187500.022352	-187500.022352	92736.739544	83009.975613	95277.842316	-187500.022352	0.038000	0.994000	0.072000	192.000000	0.000000	0.000000	0.000000	0.000000	0.000000	0.000000	0.000000	0.000000	0.000000	1761332299.509547	0.000000
243.000000	38806.338764	39907.788027	-187500.022352	-187500.022352	92670.980712	82836.056690	95378.447518	-187500.022352	0.038000	0.994000	0.072000	192.000000	1.000000	48.000000	31.000000	16.000000	2.000000	64.000000	0.000000	0.000000	0.000000	1761332299.509565	0.000000
244.000000	38837.497096	39911.029030	-187500.022352	-187500.022352	92559.669025	82878.547356	95019.299688	-187500.022352	0.038000	0.994000	0.072000	192.000000	0.000000	0.000000	0.000000	0.000000	0.000000	0.000000	0.000000	0.000000	0.000000	1761332299.509602	0.000000
245.000000	38805.109418	39879.557774	-187500.022352	-187500.022352	92640.537636	83119.230940	94913.285364	-187500.022352	0.038000	0.994000	0.072000	192.000000	0.000000	0.000000	0.000000	0.000000	0.000000	0.000000	0.000000	0.000000	0.000000	1761332299.509620	0.000000
246.000000	38801.689601	39868.381902	-187500.022352	-187500.022352	92742.506295	83057.428367	95235.776333	-187500.022352	0.038000	0.994000	0.072000	192.000000	0.000000	0.000000	0.000000	0.000000	0.000000	0.000000	0.000000	0.000000	0.000000	1761332299.509638	0.000000
247.000000	38824.063697	39897.394466	-187500.022352	-187500.022352	92686.805747	82854.116899	95398.966420	-187500.022352	0.038000	0.994000	0.072000	192.000000	0.000000	0.000000	0.000000	0.000000	0.000000	0.000000	0.000000	0.000000	0.000000	1761332299.509655	0.000000
248.000000	38865.526183	39948.892885	-187500.022352	-187500.022352	92581.439624	82871.841833	95097.128462	-187500.022352	0.038000	0.994000	0.072000	192.000000	0.000000	0.000000	0.000000	0.000000	0.000000	0.000000	0.000000	0.000000	0.000000	1761332299.509720	0.000000
249.000000	38821.157971	39912.839522	-187500.022352	-187500.022352	92617.269470	83092.721771	94881.903515	-187500.022352	0.038000	0.994000	0.072000	192.000000	0.000000	0.000000	0.000000	0.000000	0.000000	0.000000	0.000000	0.000000	0.000000	1761332299.509738	0.000000
250.000000	38790.133749	39846.186620	-187500.022352	-187500.022352	92716.131236	83075.756797	95138.725059	-187500.022352	0.038000	0.994000	0.072000	192.000000	0.000000	0.000000	0.000000	0.000000	0.000000	0.000000	0.000000	0.000000	0.000000	1761332299.509755	0.000000
251.000000	38771.514746	39832.596759	-187500.022352	-187500.022352	92686.738692	82869.405492	95377.039358	-187500.022352	0.038000	0.994000	0.072000	192.000000	0.000000	0.000000	0.000000	0.000000	0.000000	0.000000	0.000000	0.000000	0.000000	1761332299.509777	0.000000
252.000000	38809.982098	39881.032989	-187500.022352	-187500.022352	92577.103386	82824.344376	95144.402402	-187500.022352	0.038000	0.994000	0.072000	192.000000	0.000000	0.000000	0.000000	0.000000	0.000000	0.000000	0.000000	0.000000	0.000000	1761332299.509794	0.000000
253.000000	38826.164761	39901.462484	-187500.022352	-187500.022352	92578.489194	83038.652901	94854.746146	-187500.022352	0.038000	0.994000	0.068000	192.000000	1.000000	48.000000	31.000000	16.000000	2.000000	32.000000	0.000000	0.000000	0.000000	1761332299.509811	0.000000
254.000000	38791.474854	39869.745358	-187500.022352	-187500.022352	92717.181768	83118.135705	95079.314122	-187500.022352	0.038000	0.994000	0.068000	192.000000	0.000000	0.000000	0.000000	0.000000	0.000000	0.000000	0.000000	0.000000	0.000000	1761332299.509829	0.000000
255.000000	38775.426301	39846.588951	-187500.022352	-187500.022352	92744.450896	82936.393671	95410.701085	-187500.022352	0.038000	0.994000	0.068000	192.000000	0.000000	0.000000	0.000000	0.000000	0.000000	0.000000	0.000000	0.000000	0.000000	1761332299.509846	0.000000
0.000000	38818.229892	39894.153463	-187500.022352	-187500.022352	92629.495875	82842.829268	95253.456563	-187500.022352	0.038000	0.994000	0.068000	192.000000	0.000000	0.000000	0.000000	0.000000	0.000000	0.000000	0.000000	0.000000	0.000000	1761332299.509863	0.000000
1.000000	38822.655537	39899.517882	-187500.022352	-187500.022352	92598.695171	83027.611140	94925.712934	-187500.022352	0.038000	0.994000	0.068000	192.000000	0.000000	0.000000	0.000000	0.000000	0.000000	0.000000	0.000000	0.000000	0.000000	1761332299.509879	0.000000
2.000000	38749.565333	39817.598738	-187500.022352	-187500.022352	92694.986486	83126.092926	95042.769020	-187500.022352	0.038000	0.994000	0.068000	192.000000	0.000000	0.000000	0.000000	0.000000	0.000000	0.000000	0.000000	0.000000	0.000000	1761332299.509896	0.000000
3.000000	38748.492449	39828.439334	-187500.022352	-187500.022352	92738.661795	82941.199296	95367.003425	-187500.022352	0.038000	0.994000	0.068000	192.000000	0.000000	0.000000	0.000000	0.000000	0.000000	0.000000	0.000000	0.000000	0.000000	1761332299.509913	0.000000
4.000000	38800.057924	39904.658783	-187500.022352	-187500.022352	92651.020604	82840.661149	95315.192081	-187500.022352	0.038000	0.994000	0.068000	192.000000	0.000000	0.000000	0.000000	0.000000	0.000000	0.000000	0.000000	0.000000	0.000000	1761332299.509930	0.000000
5.000000	38823.706069	39938.007586	-187500.022352	-187500.022352	92566.329845	82962.098177	94927.702239	-187500.022352	0.038000	0.994000	0.068000	192.000000	0.000000	0.000000	0.000000	0.000000	0.000000	0.000000	0.000000	0.000000	0.000000	1761332299.509946	0.000000
6.000000	38787.563299	39889.906632	-187500.022352	-187500.022352	92666.935047	83125.601187	94969.209429	-187500.022352	0.038000	0.994000	0.068000	192.000000	0.000000	0.000000	0.000000	0.000000	0.000000	0.000000	0.000000	0.000000	0.000000	1761332299.509964	0.000000
7.000000	38762.954028	39867.711349	-187500.022352	-187500.022352	92734.549074	82974.346933	95314.007439	-187500.022352	0.044000	0.998000	0.070000	192.000000	1.000000	96.000000	31.000000	48.000000	2.000000	48.000000	0.000000	0.000000	0.000000	1761332299.509990	0.000000
8.000000	38789.463197	39899.651992	-187500.022352	-187500.022352	92663.112898	82830.178181	95346.037489	-187500.022352	0.044000	0.998000	0.070000	192.000000	0.000000	0.000000	0.000000	0.000000	0.000000	0.000000	0.000000	0.000000	0.000000	1761332299.510008	0.000000
9.000000	38831.976215	39948.915237	-187500.022352	-187500.022352	92570.509621	82920.367470	94968.717691	-187500.022352	0.044000	0.998000	0.070000	192.000000	0.000000	0.000000	0.000000	0.000000	0.000000	0.000000	0.000000	0.000000	0.000000	1761332299.510025	0.000000
10.000000	38770.128938	39886.330353	-187500.022352	-187500.022352	92637.006061	83110.357298	94903.137672	-187500.022352	0.044000	0.998000	0.070000	192.000000	0.000000	0.000000	0.000000	0.000000	0.000000	0.000000	0.000000	0.000000	0.000000	1761332299.510042	0.000000
11.000000	38761.903496	39852.959198	-187500.022352	-187500.022352	92727.731791	83006.421686	95241.073697	-187500.022352	0.044000	0.998000	0.070000	192.000000	0.000000	0.000000	0.000000	0.000000	0.000000	0.000000	0.000000	0.000000	0.000000	1761332299.510059	0.000000
12.000000	38781.215403	39876.719102	-187500.022352	-187500.022352	92676.702759	82832.949797	95368.277474	-187500.022352	0.044000	0.998000	0.070000	192.000000	0.000000	0.000000	0.000000	0.000000	0.000000	0.000000	0.000000	0.000000	0.000000	1761332299.510076	0.000000
13.000000	38793.642973	39914.426495	-187500.022352	-187500.022352	92553.410536	82869.070216	95019.590261	-187500.022352	0.044000	0.998000	0.070000	192.000000	0.000000	0.000000	0.000000	0.000000	0.000000	0.000000	0.000000	0.000000	0.000000	1761332299.510092	0.000000
14.000000	38789.284383	39916.147580	-187500.022352	-187500.022352	92612.419142	83103.852940	94884.116338	-187500.022352	0.044000	0.998000	0.070000	192.000000	0.000000	0.000000	0.000000	0.000000	0.000000	0.000000	0.000000	0.000000	0.000000	1761332299.510110	0.000000
15.000000	38756.069691	39872.047588	-187500.022352	-187500.022352	92726.055411	83046.274846	95183.808527	-187500.022352	0.044000	0.998000	0.070000	192.000000	0.000000	0.000000	0.000000	0.000000	0.000000	0.000000	0.000000	0.000000	0.000000	1761332299.510127	0.000000
16.000000	38779.963706	39879.177794	-187500.022352	-187500.022352	92710.543300	82864.219888	95391.724454	-187500.022352	0.044000	0.998000	0.070000	192.000000	0.000000	0.000000	0.000000	0.000000	0.000000	0.000000	0.000000	0.000000	0.000000	1761332299.510143	0.000000
17.000000	38796.012258	39904.345859	-187500.022352	-187500.022352	92587.586354	82863.348170	95102.045846	-187500.022352	0.048000	1.002000	0.068000	192.000000	1.000000	128.000000	31.000000	80.000000	2.000000	32.000000	0.000000	0.000000	0.000000	1761332299.510160	0.000000
18.000000	38777.169737	39891.583013	-187500.022352	-187500.022352	92598.516357	83081.992934	94879.422471	-187500.022352	0.048000	1.002000	0.068000	192.000000	0.000000	0.000000	0.000000	0.000000	0.000000	0.000000	0.000000	0.000000	0.000000	1761332299.510178	0.000000
19.000000	38749.252409	39849.338216	-187500.022352	-187500.022352	92722.523835	83076.248536	95117.759123	-187500.022352	0.048000	1.002000	0.068000	192.000000	0.000000	0.000000	0.000000	0.000000	0.000000	0.000000	0.000000	0.000000	0.000000	1761332299.510195	0.000000
20.000000	38730.879275	39819.252767	-187500.022352	-187500.022352	92724.960175	82878.055618	95380.481527	-187500.022352	0.048000	1.002000	0.068000	192.000000	0.000000	0.000000	0.000000	0.000000	0.000000	0.000000	0.000000	0.000000	0.000000	1761332299.510212	0.000000
21.000000	38781.953011	39879.289553	-187500.022352	-187500.022352	92603.523148	82840.817611	95183.540307	-187500.022352	0.048000	1.002000	0.068000	192.000000	0.000000	0.000000	0.000000	0.000000	0.000000	0.000000	0.000000	0.000000	0.000000	1761332299.510229	0.000000
22.000000	38787.518595	39886.218594	-187500.022352	-187500.022352	92570.777842	83039.032881	94892.051207	-187500.022352	0.048000	1.002000	0.068000	192.000000	0.000000	0.000000	0.000000	0.000000	0.000000	0.000000	0.000000	0.000000	0.000000	1761332299.510246	0.000000
23.000000	38764.585705	39865.699692	-187500.022352	-187500.022352	92708.956326	83115.855827	95085.527907	-187500.022352	0.048000	1.002000	0.068000	192.000000	0.000000	0.000000	0.000000	0.000000	0.000000	0.000000	0.000000	0.000000	0.000000	1761332299.510271	0.000000
24.000000	38756.717891	39852.780384	-187500.022352	-187500.022352	92756.252617	82928.257636	95394.429015	-187500.022352	0.048000	1.002000	0.068000	192.000000	0.000000	0.000000	0.000000	0.000000	0.000000	0.000000	0.000000	0.000000	0.000000	1761332299.510288	0.000000
25.000000	38792.257165	39883.424626	-187500.022352	-187500.022352	92638.794200	82844.907981	95264.297159	-187500.022352	0.048000	1.002000	0.068000	192.000000	0.000000	0.000000	0.000000	0.000000	0.000000	0.000000	0.000000	0.000000	0.000000	1761332299.510305	0.000000
26.000000	38808.149255	39911.610176	-187500.022352	-187500.022352	92575.158784	83007.695735	94914.313545	-187500.022352	0.048000	1.002000	0.068000	192.000000	0.000000	0.000000	0.000000	0.000000	0.000000	0.000000	0.000000	0.000000	0.000000	1761332299.510322	0.000000
27.000000	38756.203801	39851.036948	-187500.022352	-187500.022352	92694.539451	83127.054051	95021.356049	-187500.022352	0.042000	1.002000	0.060000	192.000000	1.000000	80.000000	31.000000	80.000000	1.000000	224.000000	0.000000	0.000000	0.000000	1761332299.510339	0.000000
28.000000	38730.387536	39802.354849	-187500.022352	-187500.022352	92734.973757	82926.827124	95320.824721	-187500.022352	0.042000	1.002000	0.060000	192.000000	0.000000	0.000000	0.000000	0.000000	0.000000	0.000000	0.000000	0.000000	0.000000	1761332299.510357	0.000000
29.000000	38777.281496	39870.885297	-187500.022352	-187500.022352	92658.843715	82829.150001	95309.850014	-187500.022352	0.042000	1.002000	0.060000	192.000000	0.000000	0.000000	0.000000	0.000000	0.000000	0.000000	0.000000	0.000000	0.000000	1761332299.510374	0.000000
30.000000	38848.918837	39953.989083	-187500.022352	-187500.022352	92576.969275	82982.214747	94961.587484	-187500.022352	0.042000	1.002000	0.060000	192.000000	0.000000	0.000000	0.000000	0.000000	0.000000	0.000000	0.000000	0.000000	0.000000	1761332299.510390	0.000000
31.000000	38824.823657	39929.022184	-187500.022352	-187500.022352	92670.153698	83142.163830	94964.448507	-187500.022352	0.042000	1.002000	0.060000	192.000000	0.000000	0.000000	0.000000	0.000000	0.000000	0.000000	0.000000	0.000000	0.000000	1761332299.510408	0.000000
32.000000	38763.222249	39864.917381	-187500.022352	-187500.022352	92754.620940	82995.804607	95302.272773	-187500.022352	0.042000	1.002000	0.060000	192.000000	0.000000	0.000000	0.000000	0.000000	0.000000	0.000000	0.000000	0.000000	0.000000	1761332299.510424	0.000000
33.000000	38787.585650	39881.457672	-187500.022352	-187500.022352	92686.850451	82838.269512	95347.803277	-187500.022352	0.042000	1.002000	0.060000	192.000000	0.000000	0.000000	0.000000	0.000000	0.000000	0.000000	0.000000	0.000000	0.000000	1761332299.510441	0.000000
34.000000	38803.947127	39923.456600	-187500.022352	-187500.022352	92556.316263	82910.532702	94973.188039	-187500.022352	0.042000	1.002000	0.060000	192.000000	0.000000	0.000000	0.000000	0.000000	0.000000	0.000000	0.000000	0.000000	0.000000	1761332299.510458	0.000000
35.000000	38765.479775	39881.100044	-187500.022352	-187500.022352	92629.674689	83118.091001	94917.420437	-187500.022352	0.042000	1.002000	0.060000	192.000000	0.000000	0.000000	0.000000	0.000000	0.000000	0.000000	0.000000	0.000000	0.000000	1761332299.510475	0.000000
36.000000	38776.007447	39859.731777	-187500.022352	-187500.022352	92746.708423	83010.042669	95229.964880	-187500.022352	0.042000	1.002000	0.060000	192.000000	0.000000	0.000000	0.000000	0.000000	0.000000	0.000000	0.000000	0.000000	0.000000	1761332299.510492	0.000000
37.000000	38793.665325	39878.261373	-187500.022352	-187500.022352	92727.709440	82854.183954	95382.001446	-187500.022352	0.046000	1.000000	0.060000	192.000000	1.000000	112.000000	31.000000	64.000000	1.000000	224.000000	0.000000	0.000000	0.000000	1761332299.510509	0.000000
38.000000	38812.172569	39900.009620	-187500.022352	-187500.022352	92578.891525	82875.999257	95034.051840	-187500.022352	0.046000	1.000000	0.060000	192.000000	0.000000	0.000000	0.000000	0.000000	0.000000	0.000000	0.000000	0.000000	0.000000	1761332299.510535	0.000000
39.000000	38786.535118	39850.187582	-187500.022352	-187500.022352	92613.000287	83102.690649	94903.137672	-187500.022352	0.046000	1.000000	0.060000	192.000000	0.000000	0.000000	0.000000	0.000000	0.000000	0.000000	0.000000	0.000000	0.000000	1761332299.510552	0.000000
40.000000	38741.451650	39810.110904	-187500.022352	-187500.022352	92749.971777	83065.229126	95198.337161	-187500.022352	0.046000	1.000000	0.060000	192.000000	0.000000	0.000000	0.000000	0.000000	0.000000	0.000000	0.000000	0.000000	0.000000	1761332299.510569	0.000000
41.000000	38753.566295	39831.635634	-187500.022352	-187500.022352	92738.237111	82870.724245	95399.972248	-187500.022352	0.046000	1.000000	0.060000	192.000000	0.000000	0.000000	0.000000	0.000000	0.000000	0.000000	0.000000	0.000000	0.000000	1761332299.510602	0.000000
42.000000	38809.825636	39927.636376	-187500.022352	-187500.022352	92604.484273	82878.212080	95143.865960	-187500.022352	0.046000	1.000000	0.060000	192.000000	0.000000	0.000000	0.000000	0.000000	0.000000	0.000000	0.000000	0.000000	0.000000	1761332299.510619	0.000000
43.000000	38811.077334	39942.746156	-187500.022352	-187500.022352	92593.241345	83098.220300	94923.030725	-187500.022352	0.046000	1.000000	0.060000	192.000000	0.000000	0.000000	0.000000	0.000000	0.000000	0.000000	0.000000	0.000000	0.000000	1761332299.510636	0.000000
44.000000	38761.143537	39845.806640	-187500.022352	-187500.022352	92706.944669	83092.073571	95138.188617	-187500.022352	0.046000	1.000000	0.060000	192.000000	0.000000	0.000000	0.000000	0.000000	0.000000	0.000000	0.000000	0.000000	0.000000	1761332299.510653	0.000000
45.000000	38732.868580	39810.669698	-187500.022352	-187500.022352	92743.266254	82893.500673	95387.969361	-187500.022352	0.046000	1.000000	0.060000	192.000000	0.000000	0.000000	0.000000	0.000000	0.000000	0.000000	0.000000	0.000000	0.000000	1761332299.510670	0.000000
46.000000	38780.723665	39871.600553	-187500.022352	-187500.022352	92615.168406	82851.322931	95197.487795	-187500.022352	0.046000	1.000000	0.060000	192.000000	0.000000	0.000000	0.000000	0.000000	0.000000	0.000000	0.000000	0.000000	0.000000	1761332299.510687	0.000000
47.000000	38791.072523	39882.307039	-187500.022352	-187500.022352	92550.683624	83034.473125	94912.525405	-187500.022352	0.042000	0.996000	0.060000	192.000000	1.000000	80.000000	31.000000	32.000000	1.000000	224.000000	0.000000	0.000000	0.000000	1761332299.510704	0.000000
48.000000	38737.674205	39826.047698	-187500.022352	-187500.022352	92684.659980	83110.469056	95088.970076	-187500.022352	0.042000	0.996000	0.060000	192.000000	0.000000	0.000000	0.000000	0.000000	0.000000	0.000000	0.000000	0.000000	0.000000	1761332299.510722	0.000000
49.000000	38750.235885	39828.662852	-187500.022352	-187500.022352	92770.513030	82931.655101	95386.985885	-187500.022352	0.042000	0.996000	0.060000	192.000000	0.000000	0.000000	0.000000	0.000000	0.000000	0.000000	0.000000	0.000000	0.000000	1761332299.510739	0.000000
50.000000	38772.855851	39871.399387	-187500.022352	-187500.022352	92656.653244	82847.165507	95272.097918	-187500.022352	0.042000	0.996000	0.060000	192.000000	0.000000	0.000000	0.000000	0.000000	0.000000	0.000000	0.000000	0.000000	0.000000	1761332299.510756	0.000000
51.000000	38788.859700	39904.211748	-187500.022352	-187500.022352	92557.322092	82997.391581	94949.517542	-187500.022352	0.042000	0.996000	0.060000	192.000000	0.000000	0.000000	0.000000	0.000000	0.000000	0.000000	0.000000	0.000000	0.000000	1761332299.510773	0.000000
52.000000	38743.552714	39840.241056	-187500.022352	-187500.022352	92663.001140	83110.245539	95040.757363	-187500.022352	0.042000	0.996000	0.060000	192.000000	0.000000	0.000000	0.000000	0.000000	0.000000	0.000000	0.000000	0.000000	0.000000	1761332299.510790	0.000000
53.000000	38720.888045	39810.490884	-187500.022352	-187500.022352	92768.188449	82949.469441	95354.955835	-187500.022352	0.042000	0.996000	0.060000	192.000000	0.000000	0.000000	0.000000	0.000000	0.000000	0.000000	0.000000	0.000000	0.000000	1761332299.510806	0.000000
54.000000	38770.620676	39865.453823	-187500.022352	-187500.022352	92689.577364	82832.838039	95324.445704	-187500.022352	0.042000	0.996000	0.060000	192.000000	0.000000	0.000000	0.000000	0.000000	0.000000	0.000000	0.000000	0.000000	0.000000	1761332299.510833	0.000000
55.000000	38802.538967	39913.331260	-187500.022352	-187500.022352	92564.407595	82958.410139	94995.517432	-187500.022352	0.042000	0.996000	0.060000	192.000000	0.000000	0.000000	0.000000	0.000000	0.000000	0.000000	0.000000	0.000000	0.000000	1761332299.510850	0.000000
56.000000	38762.886973	39873.098120	-187500.022352	-187500.022352	92642.817514	83113.531245	95001.351237	-187500.022352	0.042000	0.996000	0.060000	192.000000	0.000000	0.000000	0.000000	0.000000	0.000000	0.000000	0.000000	0.000000	0.000000	1761332299.510867	0.000000
57.000000	38723.212626	39822.404363	-187500.022352	-187500.022352	92757.817240	82960.801776	95278.803441	-187500.022352	0.040000	0.996000	0.060000	192.000000	1.000000	64.000000	31.000000	32.000000	1.000000	224.000000	0.000000	0.000000	0.000000	1761332299.510884	0.000000
58.000000	38762.305827	39859.374149	-187500.022352	-187500.022352	92717.159416	82832.189838	95341.656547	-187500.022352	0.040000	0.996000	0.060000	192.000000	0.000000	0.000000	0.000000	0.000000	0.000000	0.000000	0.000000	0.000000	0.000000	1761332299.510902	0.000000
59.000000	38769.972476	39897.014486	-187500.022352	-187500.022352	92566.218086	82911.896159	95038.991575	-187500.022352	0.040000	0.996000	0.060000	192.000000	0.000000	0.000000	0.000000	0.000000	0.000000	0.000000	0.000000	0.000000	0.000000	1761332299.510919	0.000000
60.000000	38773.414644	39907.877434	-187500.022352	-187500.022352	92621.449247	83113.620652	94984.810947	-187500.022352	0.040000	0.996000	0.060000	192.000000	0.000000	0.000000	0.000000	0.000000	0.000000	0.000000	0.000000	0.000000	0.000000	1761332299.510936	0.000000
61.000000	38746.346682	39873.321637	-187500.022352	-187500.022352	92746.194332	83013.797762	95241.923063	-187500.022352	0.040000	0.996000	0.060000	192.000000	0.000000	0.000000	0.000000	0.000000	0.000000	0.000000	0.000000	0.000000	0.000000	1761332299.510952	0.000000
62.000000	38737.808315	39876.428530	-187500.022352	-187500.022352	92738.862960	82857.134385	95383.186088	-187500.022352	0.040000	0.996000	0.060000	192.000000	0.000000	0.000000	0.000000	0.000000	0.000000	0.000000	0.000000	0.000000	0.000000	1761332299.510971	0.000000
63.000000	38760.897668	39906.424571	-187500.022352	-187500.022352	92567.268618	82864.264591	95076.810727	-187500.022352	0.040000	0.996000	0.060000	192.000000	0.000000	0.000000	0.000000	0.000000	0.000000	0.000000	0.000000	0.000000	0.000000	1761332299.510988	0.000000
64.000000	38764.786871	39910.179664	-187500.022352	-187500.022352	92586.245249	83076.896736	94938.274615	-187500.022352	0.040000	0.996000	0.060000	192.000000	0.000000	0.000000	0.000000	0.000000	0.000000	0.000000	0.000000	0.000000	0.000000	1761332299.511005	0.000000
65.000000	38760.651798	39893.907594	-187500.022352	-187500.022352	92757.593722	83069.878288	95215.056266	-187500.022352	0.040000	0.996000	0.060000	192.000000	0.000000	0.000000	0.000000	0.000000	0.000000	0.000000	0.000000	0.000000	0.000000	1761332299.511022	0.000000
66.000000	38755.309731	39901.440132	-187500.022352	-187500.022352	92771.630618	82883.174167	95382.582591	-187500.022352	0.040000	0.996000	0.060000	192.000000	0.000000	0.000000	0.000000	0.000000	0.000000	0.000000	0.000000	0.000000	0.000000	1761332299.511039	0.000000
67.000000	38790.692543	39937.627606	-187500.022352	-187500.022352	92616.420104	82862.856431	95141.295509	-187500.022352	0.032000	0.994000	0.058000	192.000000	1.000000	0.000000	31.000000	16.000000	1.000000	208.000000	0.000000	0.000000	0.000000	1761332299.511056	0.000000
68.000000	38781.640086	39929.893903	-187500.022352	-187500.022352	92583.428929	83067.911335	94946.991795	-187500.022352	0.032000	0.994000	0.058000	192.000000	0.000000	0.000000	0.000000	0.000000	0.000000	0.000000	0.000000	0.000000	0.000000	1761332299.511074	0.000000
69.000000	38744.938522	39880.787120	-187500.022352	-187500.022352	92715.170111	83073.387512	95130.700783	-187500.022352	0.032000	0.994000	0.058000	192.000000	0.000000	0.000000	0.000000	0.000000	0.000000	0.000000	0.000000	0.000000	0.000000	1761332299.511100	0.000000
70.000000	38717.177655	39851.573390	-187500.022352	-187500.022352	92761.840554	82879.419074	95346.372765	-187500.022352	0.032000	0.994000	0.058000	192.000000	0.000000	0.000000	0.000000	0.000000	0.000000	0.000000	0.000000	0.000000	0.000000	1761332299.511117	0.000000
71.000000	38770.061883	39905.888129	-187500.022352	-187500.022352	92645.969110	82844.907981	95196.034932	-187500.022352	0.032000	0.994000	0.058000	192.000000	0.000000	0.000000	0.000000	0.000000	0.000000	0.000000	0.000000	0.000000	0.000000	1761332299.511134	0.000000
72.000000	38786.110435	39947.663539	-187500.022352	-187500.022352	92596.348238	83042.184477	94968.382414	-187500.022352	0.032000	0.994000	0.058000	192.000000	0.000000	0.000000	0.000000	0.000000	0.000000	0.000000	0.000000	0.000000	0.000000	1761332299.511151	0.000000
73.000000	38746.436089	39901.149559	-187500.022352	-187500.022352	92725.250748	83115.699365	95102.068198	-187500.022352	0.032000	0.994000	0.058000	192.000000	0.000000	0.000000	0.000000	0.000000	0.000000	0.000000	0.000000	0.000000	0.000000	1761332299.511168	0.000000
74.000000	38715.881254	39862.279876	-187500.022352	-187500.022352	92770.960065	82909.459819	95304.999686	-187500.022352	0.032000	0.994000	0.058000	192.000000	0.000000	0.000000	0.000000	0.000000	0.000000	0.000000	0.000000	0.000000	0.000000	1761332299.511184	0.000000
75.000000	38749.252409	39891.471254	-187500.022352	-187500.022352	92657.122631	82812.006213	95196.280801	-187500.022352	0.032000	0.994000	0.058000	192.000000	0.000000	0.000000	0.000000	0.000000	0.000000	0.000000	0.000000	0.000000	0.000000	1761332299.511202	0.000000
76.000000	38783.942316	39941.963845	-187500.022352	-187500.022352	92598.650467	82991.155445	94955.485458	-187500.022352	0.032000	0.994000	0.058000	192.000000	0.000000	0.000000	0.000000	0.000000	0.000000	0.000000	0.000000	0.000000	0.000000	1761332299.511219	0.000000
77.000000	38757.880182	39910.246719	-187500.022352	-187500.022352	92707.078780	83121.287301	95042.545502	-187500.022352	0.036000	1.000000	0.058000	192.000000	1.000000	32.000000	31.000000	64.000000	1.000000	208.000000	0.000000	0.000000	0.000000	1761332299.511236	0.000000
78.000000	38746.279627	39883.134053	-187500.022352	-187500.022352	92774.066958	82947.547191	95269.974502	-187500.022352	0.036000	1.000000	0.058000	192.000000	0.000000	0.000000	0.000000	0.000000	0.000000	0.000000	0.000000	0.000000	0.000000	1761332299.511254	0.000000
79.000000	38770.754787	39915.901710	-187500.022352	-187500.022352	92693.265402	82836.146097	95243.867665	-187500.022352	0.036000	1.000000	0.058000	192.000000	0.000000	0.000000	0.000000	0.000000	0.000000	0.000000	0.000000	0.000000	0.000000	1761332299.511272	0.000000
80.000000	38772.922906	39934.766583	-187500.022352	-187500.022352	92593.487214	82967.887279	95001.351237	-187500.022352	0.036000	1.000000	0.058000	192.000000	0.000000	0.000000	0.000000	0.000000	0.000000	0.000000	0.000000	0.000000	0.000000	1761332299.511288	0.000000
81.000000	38721.178618	39877.613172	-187500.022352	-187500.022352	92668.566724	83132.172600	95031.436685	-187500.022352	0.036000	1.000000	0.058000	192.000000	0.000000	0.000000	0.000000	0.000000	0.000000	0.000000	0.000000	0.000000	0.000000	1761332299.511305	0.000000
82.000000	38729.605225	39869.231268	-187500.022352	-187500.022352	92760.342987	82988.897918	95248.852104	-187500.022352	0.036000	1.000000	0.058000	192.000000	0.000000	0.000000	0.000000	0.000000	0.000000	0.000000	0.000000	0.000000	0.000000	1761332299.511322	0.000000
83.000000	38784.858738	39939.348690	-187500.022352	-187500.022352	92713.337268	82853.558106	95285.039578	-187500.022352	0.036000	1.000000	0.058000	192.000000	0.000000	0.000000	0.000000	0.000000	0.000000	0.000000	0.000000	0.000000	0.000000	1761332299.511339	0.000000
84.000000	38791.050171	39954.011435	-187500.022352	-187500.022352	92600.013924	82930.425755	95025.558177	-187500.022352	0.036000	1.000000	0.058000	192.000000	0.000000	0.000000	0.000000	0.000000	0.000000	0.000000	0.000000	0.000000	0.000000	1761332299.511365	0.000000
85.000000	38751.956970	39906.201053	-187500.022352	-187500.022352	92659.558971	83134.877161	95002.357066	-187500.022352	0.036000	1.000000	0.058000	192.000000	0.000000	0.000000	0.000000	0.000000	0.000000	0.000000	0.000000	0.000000	0.000000	1761332299.511382	0.000000
86.000000	38718.898740	39867.264315	-187500.022352	-187500.022352	92734.616129	83020.369175	95208.976592	-187500.022352	0.036000	1.000000	0.058000	192.000000	0.000000	0.000000	0.000000	0.000000	0.000000	0.000000	0.000000	0.000000	0.000000	1761332299.511399	0.000000
87.000000	38739.104717	39900.523710	-187500.022352	-187500.022352	92691.633724	82837.867181	95284.011398	-187500.022352	0.034000	0.992000	0.066000	192.000000	1.000000	16.000000	31.000000	0.000000	2.000000	16.000000	0.000000	0.000000	0.000000	1761332299.511415	0.000000
88.000000	38778.846118	39960.985179	-187500.022352	-187500.022352	92598.583412	82902.597833	95065.500744	-187500.022352	0.034000	0.992000	0.066000	192.000000	0.000000	0.000000	0.000000	0.000000	0.000000	0.000000	0.000000	0.000000	0.000000	1761332299.511434	0.000000
89.000000	38776.610944	39940.667443	-187500.022352	-187500.022352	92641.811686	83125.511780	94997.037351	-187500.022352	0.034000	0.992000	0.066000	192.000000	0.000000	0.000000	0.000000	0.000000	0.000000	0.000000	0.000000	0.000000	0.000000	1761332299.511450	0.000000
90.000000	38750.794679	39902.311850	-187500.022352	-187500.022352	92728.469399	83064.692684	95158.439297	-187500.022352	0.034000	0.992000	0.066000	192.000000	0.000000	0.000000	0.000000	0.000000	0.000000	0.000000	0.000000	0.000000	0.000000	1761332299.511468	0.000000
91.000000	38757.231981	39916.460504	-187500.022352	-187500.022352	92708.196367	82885.945783	95269.393357	-187500.022352	0.034000	0.992000	0.066000	192.000000	0.000000	0.000000	0.000000	0.000000	0.000000	0.000000	0.000000	0.000000	0.000000	1761332299.511485	0.000000
92.000000	38762.708159	39937.471144	-187500.022352	-187500.022352	92610.005153	82887.756275	95107.678486	-187500.022352	0.034000	0.992000	0.066000	192.000000	0.000000	0.000000	0.000000	0.000000	0.000000	0.000000	0.000000	0.000000	0.000000	1761332299.511502	0.000000
93.000000	38753.253371	39929.804496	-187500.022352	-187500.022352	92626.701907	83093.459379	94992.097615	-187500.022352	0.034000	0.992000	0.066000	192.000000	0.000000	0.000000	0.000000	0.000000	0.000000	0.000000	0.000000	0.000000	0.000000	1761332299.511519	0.000000
94.000000	38739.395289	39903.742362	-187500.022352	-187500.022352	92748.205989	83123.857751	95175.538382	-187500.022352	0.034000	0.992000	0.066000	192.000000	0.000000	0.000000	0.000000	0.000000	0.000000	0.000000	0.000000	0.000000	0.000000	1761332299.511536	0.000000
95.000000	38754.817993	39906.670440	-187500.022352	-187500.022352	92714.208986	82918.735792	95288.280581	-187500.022352	0.034000	0.992000	0.066000	192.000000	0.000000	0.000000	0.000000	0.000000	0.000000	0.000000	0.000000	0.000000	0.000000	1761332299.511553	0.000000
96.000000	38783.696447	39946.188324	-187500.022352	-187500.022352	92564.295836	82842.046957	95084.030340	-187500.022352	0.034000	0.992000	0.066000	192.000000	0.000000	0.000000	0.000000	0.000000	0.000000	0.000000	0.000000	0.000000	0.000000	1761332299.511570	0.000000
97.000000	38757.544906	39927.725783	-187500.022352	-187500.022352	92596.437645	83036.529486	94942.767315	-187500.022352	0.036000	0.998000	0.068000	192.000000	1.000000	32.000000	31.000000	48.000000	2.000000	32.000000	0.000000	0.000000	0.000000	1761332299.511611	0.000000
98.000000	38736.444859	39883.983419	-187500.022352	-187500.022352	92782.962952	83169.164737	95179.449937	-187500.022352	0.036000	0.998000	0.068000	192.000000	0.000000	0.000000	0.000000	0.000000	0.000000	0.000000	0.000000	0.000000	0.000000	1761332299.511629	0.000000
99.000000	38742.345720	39892.521786	-187500.022352	-187500.022352	92736.180751	82961.695845	95304.686761	-187500.022352	0.036000	0.998000	0.068000	192.000000	0.000000	0.000000	0.000000	0.000000	0.000000	0.000000	0.000000	0.000000	0.000000	1761332299.988834	0.000000
100.000000	38796.727514	39966.439005	-187500.022352	-187500.022352	92579.003284	82832.838039	95127.102152	-187500.022352	0.036000	0.998000	0.068000	192.000000	0.000000	0.000000	0.000000	0.000000	0.000000	0.000000	0.000000	0.000000	0.000000	1761332299.988933	0.000000
101.000000	38807.501055	39989.863633	-187500.022352	-187500.022352	92581.931362	83000.543177	94941.023879	-187500.022352	0.036000	0.998000	0.068000	192.000000	0.000000	0.000000	0.000000	0.000000	0.000000	0.000000	0.000000	0.000000	0.000000	1761332299.988954	0.000000
102.000000	38756.807298	39924.998870	-187500.022352	-187500.022352	92763.069899	83171.824595	95112.752332	-187500.022352	0.036000	0.998000	0.068000	192.000000	0.000000	0.000000	0.000000	0.000000	0.000000	0.000000	0.000000	0.000000	0.000000	1761332299.988972	0.000000
103.000000	38737.987129	39896.701562	-187500.022352	-187500.022352	92751.312882	82995.961070	95280.032787	-187500.022352	0.036000	0.998000	0.068000	192.000000	0.000000	0.000000	0.000000	0.000000	0.000000	0.000000	0.000000	0.000000	0.000000	1761332299.988989	0.000000
104.000000	38755.667359	39920.193245	-187500.022352	-187500.022352	92583.227764	82832.659225	95155.198295	-187500.022352	0.036000	0.998000	0.068000	192.000000	0.000000	0.000000	0.000000	0.000000	0.000000	0.000000	0.000000	0.000000	0.000000	1761332299.989006	0.000000
105.000000	38777.057979	39942.947321	-187500.022352	-187500.022352	92537.987833	82922.200313	94908.680905	-187500.022352	0.036000	0.998000	0.068000	192.000000	0.000000	0.000000	0.000000	0.000000	0.000000	0.000000	0.000000	0.000000	0.000000	1761332299.989024	0.000000
106.000000	38729.739336	39899.272013	-187500.022352	-187500.022352	92737.410097	83166.817804	95086.533736	-187500.022352	0.036000	0.998000	0.068000	192.000000	0.000000	0.000000	0.000000	0.000000	0.000000	0.000000	0.000000	0.000000	0.000000	1761332299.989041	0.000000
107.000000	38777.639124	39918.561568	-187500.022352	-187500.022352	92790.383731	83063.530393	95307.637192	-187500.022352	0.040000	0.996000	0.070000	192.000000	1.000000	64.000000	31.000000	32.000000	2.000000	48.000000	0.000000	0.000000	0.000000	1761332299.989058	0.000000
108.000000	38795.453464	39953.162069	-187500.022352	-187500.022352	92610.742761	82857.089681	95195.096158	-187500.022352	0.040000	0.996000	0.070000	192.000000	0.000000	0.000000	0.000000	0.000000	0.000000	0.000000	0.000000	0.000000	0.000000	1761332299.989077	0.000000
109.000000	38783.875261	39952.290350	-187500.022352	-187500.022352	92503.432036	82858.363731	94890.553640	-187500.022352	0.040000	0.996000	0.070000	192.000000	0.000000	0.000000	0.000000	0.000000	0.000000	0.000000	0.000000	0.000000	0.000000	1761332299.989094	0.000000
110.000000	38736.981301	39898.914385	-187500.022352	-187500.022352	92682.201288	83107.295109	94986.710845	-187500.022352	0.040000	0.996000	0.070000	192.000000	0.000000	0.000000	0.000000	0.000000	0.000000	0.000000	0.000000	0.000000	0.000000	1761332299.989111	0.000000
111.000000	38704.034830	39858.882410	-187500.022352	-187500.022352	92762.108774	83052.890963	95223.281708	-187500.022352	0.040000	0.996000	0.070000	192.000000	0.000000	0.000000	0.000000	0.000000	0.000000	0.000000	0.000000	0.000000	0.000000	1761332299.989128	0.000000
112.000000	38752.269894	39907.765676	-187500.022352	-187500.022352	92616.643622	82846.450251	95188.323580	-187500.022352	0.040000	0.996000	0.070000	192.000000	0.000000	0.000000	0.000000	0.000000	0.000000	0.000000	0.000000	0.000000	0.000000	1761332299.989145	0.000000
113.000000	38791.497206	39948.110574	-187500.022352	-187500.022352	92518.765333	82842.181068	94930.339745	-187500.022352	0.040000	0.996000	0.070000	192.000000	0.000000	0.000000	0.000000	0.000000	0.000000	0.000000	0.000000	0.000000	0.000000	1761332299.989162	0.000000
114.000000	38757.321388	39921.757868	-187500.022352	-187500.022352	92673.998198	83108.055068	94970.863458	-187500.022352	0.040000	0.996000	0.070000	192.000000	0.000000	0.000000	0.000000	0.000000	0.000000	0.000000	0.000000	0.000000	0.000000	1761332299.989178	0.000000
115.000000	38755.086214	39912.861873	-187500.022352	-187500.022352	92792.887127	83126.137629	95208.842481	-187500.022352	0.040000	0.996000	0.070000	192.000000	0.000000	0.000000	0.000000	0.000000	0.000000	0.000000	0.000000	0.000000	0.000000	1761332299.989206	0.000000
116.000000	38767.178508	39922.964862	-187500.022352	-187500.022352	92660.542448	82900.899100	95227.282670	-187500.022352	0.040000	0.996000	0.070000	192.000000	0.000000	0.000000	0.000000	0.000000	0.000000	0.000000	0.000000	0.000000	0.000000	1761332299.989223	0.000000
117.000000	38781.908307	39945.316606	-187500.022352	-187500.022352	92508.885862	82821.013966	94967.756566	-187500.022352	0.040000	0.996000	0.070000	192.000000	0.000000	0.000000	0.000000	0.000000	0.000000	0.000000	0.000000	0.000000	0.000000	1761332299.989240	0.000000
118.000000	38760.942371	39931.145600	-187500.022352	-187500.022352	92640.917616	83075.265059	94946.030670	-187500.022352	0.036000	1.000000	0.060000	192.000000	1.000000	32.000000	31.000000	64.000000	1.000000	224.000000	0.000000	0.000000	0.000000	1761332299.989257	0.000000
119.000000	38746.838420	39903.943527	-187500.022352	-187500.022352	92795.457577	83162.503918	95187.787138	-187500.022352	0.036000	1.000000	0.060000	192.000000	0.000000	0.000000	0.000000	0.000000	0.000000	0.000000	0.000000	0.000000	0.000000	1761332299.989275	0.000000
120.000000	38755.533249	39921.310833	-187500.022352	-187500.022352	92689.398550	82934.382014	95235.865740	-187500.022352	0.036000	1.000000	0.060000	192.000000	0.000000	0.000000	0.000000	0.000000	0.000000	0.000000	0.000000	0.000000	0.000000	1761332299.989292	0.000000
121.000000	38778.935525	39966.729577	-187500.022352	-187500.022352	92531.483475	82816.878893	95006.045104	-187500.022352	0.036000	1.000000	0.060000	192.000000	0.000000	0.000000	0.000000	0.000000	0.000000	0.000000	0.000000	0.000000	0.000000	1761332299.989309	0.000000
122.000000	38781.014238	39962.080415	-187500.022352	-187500.022352	92618.275299	83027.946416	94919.789722	-187500.022352	0.036000	1.000000	0.060000	192.000000	0.000000	0.000000	0.000000	0.000000	0.000000	0.000000	0.000000	0.000000	0.000000	1761332299.989326	0.000000
123.000000	38762.216420	39917.287519	-187500.022352	-187500.022352	92802.967763	83187.180243	95162.015577	-187500.022352	0.036000	1.000000	0.060000	192.000000	0.000000	0.000000	0.000000	0.000000	0.000000	0.000000	0.000000	0.000000	0.000000	1761332299.989343	0.000000
124.000000	38767.960819	39925.445905	-187500.022352	-187500.022352	92726.569501	82983.287630	95253.344804	-187500.022352	0.036000	1.000000	0.060000	192.000000	0.000000	0.000000	0.000000	0.000000	0.000000	0.000000	0.000000	0.000000	0.000000	1761332299.989360	0.000000
125.000000	38790.156101	39961.096938	-187500.022352	-187500.022352	92550.773031	82820.969262	95052.067346	-187500.022352	0.036000	1.000000	0.060000	192.000000	0.000000	0.000000	0.000000	0.000000	0.000000	0.000000	0.000000	0.000000	0.000000	1761332299.989377	0.000000
126.000000	38775.426301	39950.010473	-187500.022352	-187500.022352	92581.439624	82969.496604	94891.470062	-187500.022352	0.036000	1.000000	0.060000	192.000000	0.000000	0.000000	0.000000	0.000000	0.000000	0.000000	0.000000	0.000000	0.000000	1761332299.989394	0.000000
127.000000	38731.303958	39894.958126	-187500.022352	-187500.022352	92781.219516	83183.156929	95106.873823	-187500.022352	0.036000	1.000000	0.060000	192.000000	0.000000	0.000000	0.000000	0.000000	0.000000	0.000000	0.000000	0.000000	0.000000	1761332299.989411	0.000000
128.000000	38736.266045	39902.535367	-187500.022352	-187500.022352	92763.785155	83024.124268	95262.039633	-187500.022352	0.036000	0.992000	0.068000	192.000000	1.000000	32.000000	31.000000	0.000000	2.000000	32.000000	0.000000	0.000000	0.000000	1761332299.989428	0.000000
129.000000	38782.958839	39957.118327	-187500.022352	-187500.022352	92595.476520	82840.817611	95122.989431	-187500.022352	0.036000	0.992000	0.068000	192.000000	0.000000	0.000000	0.000000	0.000000	0.000000	0.000000	0.000000	0.000000	0.000000	1761332299.989445	0.000000
130.000000	38794.045305	39968.629476	-187500.022352	-187500.022352	92559.199638	82910.018612	94888.631390	-187500.022352	0.036000	0.992000	0.068000	192.000000	0.000000	0.000000	0.000000	0.000000	0.000000	0.000000	0.000000	0.000000	0.000000	1761332299.989574	0.000000
131.000000	38754.795641	39928.396336	-187500.022352	-187500.022352	92756.140859	83161.073406	95050.100392	-187500.022352	0.036000	0.992000	0.068000	192.000000	0.000000	0.000000	0.000000	0.000000	0.000000	0.000000	0.000000	0.000000	0.000000	1761332299.989592	0.000000
132.000000	38738.747089	39904.703487	-187500.022352	-187500.022352	92756.587894	83038.094108	95211.949374	-187500.022352	0.036000	0.992000	0.068000	192.000000	0.000000	0.000000	0.000000	0.000000	0.000000	0.000000	0.000000	0.000000	0.000000	1761332299.989609	0.000000
133.000000	38759.020121	39917.488684	-187500.022352	-187500.022352	92582.512508	82821.751573	95124.889329	-187500.022352	0.036000	0.992000	0.068000	192.000000	0.000000	0.000000	0.000000	0.000000	0.000000	0.000000	0.000000	0.000000	0.000000	1761332299.989792	0.000000
134.000000	38778.063807	39958.481784	-187500.022352	-187500.022352	92527.706030	82861.492975	94889.883088	-187500.022352	0.036000	0.992000	0.068000	192.000000	0.000000	0.000000	0.000000	0.000000	0.000000	0.000000	0.000000	0.000000	0.000000	1761332299.989874	0.000000
135.000000	38755.443842	39947.216504	-187500.022352	-187500.022352	92738.840608	83155.261952	95030.274395	-187500.022352	0.036000	0.992000	0.068000	192.000000	0.000000	0.000000	0.000000	0.000000	0.000000	0.000000	0.000000	0.000000	0.000000	1761332299.989900	0.000000
136.000000	38746.056109	39919.232120	-187500.022352	-187500.022352	92793.647086	83094.420504	95232.200054	-187500.022352	0.036000	0.992000	0.068000	192.000000	0.000000	0.000000	0.000000	0.000000	0.000000	0.000000	0.000000	0.000000	0.000000	1761332299.989918	0.000000
137.000000	38775.336894	39947.663539	-187500.022352	-187500.022352	92636.760192	82864.130481	95185.909591	-187500.022352	0.036000	0.992000	0.068000	192.000000	0.000000	0.000000	0.000000	0.000000	0.000000	0.000000	0.000000	0.000000	0.000000	1761332299.989935	0.000000
138.000000	38800.035572	39969.143566	-187500.022352	-187500.022352	92531.841103	82837.598960	94934.072487	-187500.022352	0.038000	0.992000	0.064000	192.000000	1.000000	48.000000	31.000000	0.000000	2.000000	0.000000	0.000000	0.000000	0.000000	1761332299.989952	0.000000
139.000000	38759.333045	39931.123248	-187500.022352	-187500.022352	92690.136157	83095.605146	94963.263865	-187500.022352	0.038000	0.992000	0.064000	192.000000	0.000000	0.000000	0.000000	0.000000	0.000000	0.000000	0.000000	0.000000	0.000000	1761332299.989971	0.000000
140.000000	38721.200969	39886.151539	-187500.022352	-187500.022352	92781.398330	83113.844170	95188.547097	-187500.022352	0.038000	0.992000	0.064000	192.000000	0.000000	0.000000	0.000000	0.000000	0.000000	0.000000	0.000000	0.000000	0.000000	1761332299.989988	0.000000
141.000000	38748.380691	39926.138809	-187500.022352	-187500.022352	92655.848581	82887.085722	95183.517955	-187500.022352	0.038000	0.992000	0.064000	192.000000	0.000000	0.000000	0.000000	0.000000	0.000000	0.000000	0.000000	0.000000	0.000000	1761332299.990005	0.000000
142.000000	38794.604098	39978.039560	-187500.022352	-187500.022352	92537.138466	82813.526131	94951.439792	-187500.022352	0.038000	0.992000	0.064000	192.000000	0.000000	0.000000	0.000000	0.000000	0.000000	0.000000	0.000000	0.000000	0.000000	1761332299.990022	0.000000
143.000000	38785.328124	39967.735406	-187500.022352	-187500.022352	92661.794145	83048.755890	94912.972440	-187500.022352	0.038000	0.992000	0.064000	192.000000	0.000000	0.000000	0.000000	0.000000	0.000000	0.000000	0.000000	0.000000	0.000000	1761332299.990039	0.000000
144.000000	38748.268932	39917.332222	-187500.022352	-187500.022352	92807.125188	83158.458252	95158.394594	-187500.022352	0.038000	0.992000	0.064000	192.000000	0.000000	0.000000	0.000000	0.000000	0.000000	0.000000	0.000000	0.000000	0.000000	1761332299.990056	0.000000
145.000000	38755.220324	39934.140734	-187500.022352	-187500.022352	92684.704683	82920.389822	95207.188452	-187500.022352	0.038000	0.992000	0.064000	192.000000	0.000000	0.000000	0.000000	0.000000	0.000000	0.000000	0.000000	0.000000	0.000000	1761332299.990072	0.000000
146.000000	38803.723610	39993.752836	-187500.022352	-187500.022352	92545.609778	82800.562120	95013.331772	-187500.022352	0.038000	0.992000	0.064000	192.000000	0.000000	0.000000	0.000000	0.000000	0.000000	0.000000	0.000000	0.000000	0.000000	1761332299.990140	0.000000
147.000000	38783.316467	39983.158110	-187500.022352	-187500.022352	92638.302462	83007.136942	94932.217292	-187500.022352	0.038000	0.992000	0.064000	192.000000	0.000000	0.000000	0.000000	0.000000	0.000000	0.000000	0.000000	0.000000	0.000000	1761332299.990158	0.000000
148.000000	38726.163057	39914.806475	-187500.022352	-187500.022352	92801.514900	83184.721552	95158.036966	-187500.022352	0.044000	0.992000	0.064000	192.000000	1.000000	96.000000	31.000000	0.000000	2.000000	0.000000	0.000000	0.000000	0.000000	1761332299.990175	0.000000
149.000000	38754.259199	39923.456600	-187500.022352	-187500.022352	92722.389725	82979.130206	95240.179627	-187500.022352	0.044000	0.992000	0.064000	192.000000	0.000000	0.000000	0.000000	0.000000	0.000000	0.000000	0.000000	0.000000	0.000000	1761332299.990194	0.000000
150.000000	38762.909325	39947.238856	-187500.022352	-187500.022352	92551.443583	82802.014983	95067.400642	-187500.022352	0.044000	0.992000	0.064000	192.000000	0.000000	0.000000	0.000000	0.000000	0.000000	0.000000	0.000000	0.000000	0.000000	1761332299.990211	0.000000
151.000000	38769.078406	39958.101804	-187500.022352	-187500.022352	92579.539726	82922.200313	94881.434128	-187500.022352	0.044000	0.992000	0.064000	192.000000	0.000000	0.000000	0.000000	0.000000	0.000000	0.000000	0.000000	0.000000	0.000000	1761332299.990228	0.000000
152.000000	38758.394272	39932.129077	-187500.022352	-187500.022352	92784.840499	83171.757540	95088.455986	-187500.022352	0.044000	0.992000	0.064000	192.000000	0.000000	0.000000	0.000000	0.000000	0.000000	0.000000	0.000000	0.000000	0.000000	1761332299.990245	0.000000
153.000000	38767.871412	39936.487667	-187500.022352	-187500.022352	92739.645271	83009.327413	95217.224385	-187500.022352	0.044000	0.992000	0.064000	192.000000	0.000000	0.000000	0.000000	0.000000	0.000000	0.000000	0.000000	0.000000	0.000000	1761332299.990263	0.000000
154.000000	38778.264973	39957.386548	-187500.022352	-187500.022352	92575.874040	82820.566931	95101.777625	-187500.022352	0.044000	0.992000	0.064000	192.000000	0.000000	0.000000	0.000000	0.000000	0.000000	0.000000	0.000000	0.000000	0.000000	1761332299.990279	0.000000
155.000000	38781.260107	39963.823851	-187500.022352	-187500.022352	92572.498926	82905.615318	94916.593422	-187500.022352	0.044000	0.992000	0.064000	192.000000	0.000000	0.000000	0.000000	0.000000	0.000000	0.000000	0.000000	0.000000	0.000000	1761332299.990297	0.000000
156.000000	38738.702385	39923.210731	-187500.022352	-187500.022352	92759.046585	83152.423281	95064.673730	-187500.022352	0.044000	0.992000	0.064000	192.000000	0.000000	0.000000	0.000000	0.000000	0.000000	0.000000	0.000000	0.000000	0.000000	1761332299.990314	0.000000
157.000000	38736.668377	39918.203940	-187500.022352	-187500.022352	92770.557734	83061.116405	95252.383679	-187500.022352	0.044000	0.992000	0.064000	192.000000	0.000000	0.000000	0.000000	0.000000	0.000000	0.000000	0.000000	0.000000	0.000000	1761332299.990331	0.000000
158.000000	38777.549717	39967.176612	-187500.022352	-187500.022352	92592.459034	82833.061556	95141.496675	-187500.022352	0.038000	0.996000	0.070000	192.000000	1.000000	48.000000	31.000000	32.000000	2.000000	48.000000	0.000000	0.000000	0.000000	1761332299.990348	0.000000
159.000000	38800.236738	39998.111427	-187500.022352	-187500.022352	92552.024728	82863.415225	94920.326164	-187500.022352	0.038000	0.996000	0.070000	192.000000	0.000000	0.000000	0.000000	0.000000	0.000000	0.000000	0.000000	0.000000	0.000000	1761332299.990366	0.000000
160.000000	38781.237755	39961.611028	-187500.022352	-187500.022352	92749.368280	83142.096775	95023.837092	-187500.022352	0.038000	0.996000	0.070000	192.000000	0.000000	0.000000	0.000000	0.000000	0.000000	0.000000	0.000000	0.000000	0.000000	1761332299.990383	0.000000
161.000000	38741.183429	39918.472161	-187500.022352	-187500.022352	92799.525595	83112.726583	95226.232138	-187500.022352	0.038000	0.996000	0.070000	192.000000	0.000000	0.000000	0.000000	0.000000	0.000000	0.000000	0.000000	0.000000	0.000000	1761332299.990424	0.000000
162.000000	38750.682920	39934.632472	-187500.022352	-187500.022352	92628.735915	82865.940972	95178.645274	-187500.022352	0.038000	0.996000	0.070000	192.000000	0.000000	0.000000	0.000000	0.000000	0.000000	0.000000	0.000000	0.000000	0.000000	1761332299.990442	0.000000
163.000000	38789.105569	39975.983200	-187500.022352	-187500.022352	92546.660310	82828.814725	94949.003452	-187500.022352	0.038000	0.996000	0.070000	192.000000	0.000000	0.000000	0.000000	0.000000	0.000000	0.000000	0.000000	0.000000	0.000000	1761332299.990459	0.000000
164.000000	38759.735377	39944.511943	-187500.022352	-187500.022352	92716.846492	83091.000687	94986.219106	-187500.022352	0.038000	0.996000	0.070000	192.000000	0.000000	0.000000	0.000000	0.000000	0.000000	0.000000	0.000000	0.000000	0.000000	1761332299.990476	0.000000
165.000000	38743.932693	39917.667498	-187500.022352	-187500.022352	92823.039630	83137.000577	95198.068940	-187500.022352	0.038000	0.996000	0.070000	192.000000	0.000000	0.000000	0.000000	0.000000	0.000000	0.000000	0.000000	0.000000	0.000000	1761332299.990493	0.000000
166.000000	38766.664418	39948.781127	-187500.022352	-187500.022352	92676.322779	82908.722211	95203.388656	-187500.022352	0.038000	0.996000	0.070000	192.000000	0.000000	0.000000	0.000000	0.000000	0.000000	0.000000	0.000000	0.000000	0.000000	1761332299.990510	0.000000
167.000000	38788.390313	39977.547822	-187500.022352	-187500.022352	92532.601062	82789.654468	94960.268731	-187500.022352	0.038000	0.996000	0.070000	192.000000	0.000000	0.000000	0.000000	0.000000	0.000000	0.000000	0.000000	0.000000	0.000000	1761332299.990527	0.000000
168.000000	38760.361226	39958.526487	-187500.022352	-187500.022352	92677.060387	83039.792840	94945.360118	-187500.022352	0.042000	0.992000	0.070000	192.000000	1.000000	80.000000	31.000000	0.000000	2.000000	48.000000	0.000000	0.000000	0.000000	1761332299.990544	0.000000
169.000000	38746.123164	39931.860856	-187500.022352	-187500.022352	92827.666441	83172.741016	95177.930019	-187500.022352	0.042000	0.992000	0.070000	192.000000	0.000000	0.000000	0.000000	0.000000	0.000000	0.000000	0.000000	0.000000	0.000000	1761332299.990562	0.000000
170.000000	38779.695485	39955.553705	-187500.022352	-187500.022352	92702.474320	82948.485964	95212.686981	-187500.022352	0.042000	0.992000	0.070000	192.000000	0.000000	0.000000	0.000000	0.000000	0.000000	0.000000	0.000000	0.000000	0.000000	1761332299.990579	0.000000
171.000000	38801.689601	39988.589583	-187500.022352	-187500.022352	92549.208408	82809.324003	95011.565985	-187500.022352	0.042000	0.992000	0.070000	192.000000	0.000000	0.000000	0.000000	0.000000	0.000000	0.000000	0.000000	0.000000	0.000000	1761332299.990596	0.000000
172.000000	38754.974455	39949.406975	-187500.022352	-187500.022352	92630.322889	82993.904709	94928.931585	-187500.022352	0.042000	0.992000	0.070000	192.000000	0.000000	0.000000	0.000000	0.000000	0.000000	0.000000	0.000000	0.000000	0.000000	1761332299.990613	0.000000
173.000000	38727.548865	39911.185492	-187500.022352	-187500.022352	92816.021182	83184.810958	95154.974777	-187500.022352	0.042000	0.992000	0.070000	192.000000	0.000000	0.000000	0.000000	0.000000	0.000000	0.000000	0.000000	0.000000	0.000000	1761332299.990630	0.000000
174.000000	38763.825746	39936.375908	-187500.022352	-187500.022352	92720.266309	82981.611250	95219.392505	-187500.022352	0.042000	0.992000	0.070000	192.000000	0.000000	0.000000	0.000000	0.000000	0.000000	0.000000	0.000000	0.000000	0.000000	1761332299.990647	0.000000
175.000000	38799.923813	39985.348581	-187500.022352	-187500.022352	92542.458182	82800.651527	95037.806933	-187500.022352	0.042000	0.992000	0.070000	192.000000	0.000000	0.000000	0.000000	0.000000	0.000000	0.000000	0.000000	0.000000	0.000000	1761332299.990664	0.000000
176.000000	38774.219307	39965.321417	-187500.022352	-187500.022352	92583.227764	82923.854342	94893.012332	-187500.022352	0.042000	0.992000	0.070000	192.000000	0.000000	0.000000	0.000000	0.000000	0.000000	0.000000	0.000000	0.000000	0.000000	1761332299.990702	0.000000
177.000000	38735.215513	39916.102876	-187500.022352	-187500.022352	92788.416778	83179.312429	95114.495768	-187500.022352	0.042000	0.992000	0.070000	192.000000	0.000000	0.000000	0.000000	0.000000	0.000000	0.000000	0.000000	0.000000	0.000000	1761332299.990720	0.000000
178.000000	38729.672281	39911.721934	-187500.022352	-187500.022352	92737.946539	83033.355538	95237.564473	-187500.022352	0.036000	0.998000	0.068000	192.000000	1.000000	32.000000	31.000000	48.000000	2.000000	32.000000	0.000000	0.000000	0.000000	1761332299.990737	0.000000
179.000000	38773.928735	39960.381682	-187500.022352	-187500.022352	92558.462031	82814.286091	95093.999218	-187500.022352	0.036000	0.998000	0.068000	192.000000	0.000000	0.000000	0.000000	0.000000	0.000000	0.000000	0.000000	0.000000	0.000000	1761332299.990756	0.000000
180.000000	38793.754732	39983.761607	-187500.022352	-187500.022352	92565.167554	82897.479284	94920.281460	-187500.022352	0.036000	0.998000	0.068000	192.000000	0.000000	0.000000	0.000000	0.000000	0.000000	0.000000	0.000000	0.000000	0.000000	1761332299.990774	0.000000
181.000000	38743.083327	39933.693699	-187500.022352	-187500.022352	92761.326463	83160.715778	95069.457003	-187500.022352	0.036000	0.998000	0.068000	192.000000	0.000000	0.000000	0.000000	0.000000	0.000000	0.000000	0.000000	0.000000	0.000000	1761332299.990791	0.000000
182.000000	38724.553731	39894.712257	-187500.022352	-187500.022352	92746.417850	83058.054216	95222.499397	-187500.022352	0.036000	0.998000	0.068000	192.000000	0.000000	0.000000	0.000000	0.000000	0.000000	0.000000	0.000000	0.000000	0.000000	1761332299.990808	0.000000
183.000000	38763.758691	39939.751022	-187500.022352	-187500.022352	92569.302627	82823.696175	95129.605547	-187500.022352	0.036000	0.998000	0.068000	192.000000	0.000000	0.000000	0.000000	0.000000	0.000000	0.000000	0.000000	0.000000	0.000000	1761332299.990826	0.000000
184.000000	38810.160912	40008.192063	-187500.022352	-187500.022352	92547.397917	82848.998350	94925.735286	-187500.022352	0.036000	0.998000	0.068000	192.000000	0.000000	0.000000	0.000000	0.000000	0.000000	0.000000	0.000000	0.000000	0.000000	1761332299.990844	0.000000
185.000000	38753.499240	39952.580923	-187500.022352	-187500.022352	92751.201123	83143.124955	95039.483313	-187500.022352	0.036000	0.998000	0.068000	192.000000	0.000000	0.000000	0.000000	0.000000	0.000000	0.000000	0.000000	0.000000	0.000000	1761332299.990861	0.000000
186.000000	38731.840400	39905.351687	-187500.022352	-187500.022352	92791.166042	83123.500123	95239.106743	-187500.022352	0.036000	0.998000	0.068000	192.000000	0.000000	0.000000	0.000000	0.000000	0.000000	0.000000	0.000000	0.000000	0.000000	1761332299.990879	0.000000
187.000000	38759.467156	39935.325376	-187500.022352	-187500.022352	92607.278241	82857.983751	95168.318769	-187500.022352	0.036000	0.998000	0.068000	192.000000	0.000000	0.000000	0.000000	0.000000	0.000000	0.000000	0.000000	0.000000	0.000000	1761332299.990896	0.000000
188.000000	38794.335877	39979.492423	-187500.022352	-187500.022352	92523.839179	82808.385230	94937.984042	-187500.022352	0.038000	1.002000	0.066000	192.000000	1.000000	48.000000	31.000000	80.000000	2.000000	16.000000	0.000000	0.000000	0.000000	1761332299.990914	0.000000
189.000000	38762.104662	39957.185383	-187500.022352	-187500.022352	92718.858149	83095.493388	95000.770092	-187500.022352	0.038000	1.002000	0.066000	192.000000	0.000000	0.000000	0.000000	0.000000	0.000000	0.000000	0.000000	0.000000	0.000000	1761332299.990932	0.000000
190.000000	38733.337967	39923.098972	-187500.022352	-187500.022352	92811.573185	83156.826574	95204.416836	-187500.022352	0.038000	1.002000	0.066000	192.000000	0.000000	0.000000	0.000000	0.000000	0.000000	0.000000	0.000000	0.000000	0.000000	1761332299.990950	0.000000
191.000000	38753.946275	39942.053252	-187500.022352	-187500.022352	92653.725166	82914.980699	95194.984400	-187500.022352	0.038000	1.002000	0.066000	192.000000	0.000000	0.000000	0.000000	0.000000	0.000000	0.000000	0.000000	0.000000	0.000000	1761332299.990966	0.000000
192.000000	38796.280479	39986.399113	-187500.022352	-187500.022352	92529.136542	82806.731201	94977.770147	-187500.022352	0.038000	1.002000	0.066000	192.000000	0.000000	0.000000	0.000000	0.000000	0.000000	0.000000	0.000000	0.000000	0.000000	1761332299.991007	0.000000
193.000000	38759.243638	39950.859839	-187500.022352	-187500.022352	92659.402509	83033.959035	94948.914045	-187500.022352	0.038000	1.002000	0.066000	192.000000	0.000000	0.000000	0.000000	0.000000	0.000000	0.000000	0.000000	0.000000	0.000000	1761332299.991024	0.000000
194.000000	38716.976490	39896.813321	-187500.022352	-187500.022352	92798.720932	83171.019932	95176.611266	-187500.022352	0.038000	1.002000	0.066000	192.000000	0.000000	0.000000	0.000000	0.000000	0.000000	0.000000	0.000000	0.000000	0.000000	1761332299.991041	0.000000
195.000000	38758.148403	39940.823906	-187500.022352	-187500.022352	92679.675541	82946.027272	95212.485816	-187500.022352	0.038000	1.002000	0.066000	192.000000	0.000000	0.000000	0.000000	0.000000	0.000000	0.000000	0.000000	0.000000	0.000000	1761332299.991057	0.000000
196.000000	38789.798473	39987.494348	-187500.022352	-187500.022352	92531.215254	82791.867291	95016.237499	-187500.022352	0.038000	1.002000	0.066000	192.000000	0.000000	0.000000	0.000000	0.000000	0.000000	0.000000	0.000000	0.000000	0.000000	1761332299.991074	0.000000
197.000000	38778.913174	39983.649848	-187500.022352	-187500.022352	92627.528921	82976.336238	94923.187187	-187500.022352	0.038000	1.002000	0.066000	192.000000	0.000000	0.000000	0.000000	0.000000	0.000000	0.000000	0.000000	0.000000	0.000000	1761332299.991091	0.000000
198.000000	38747.397214	39942.276769	-187500.022352	-187500.022352	92802.207804	83180.698238	95132.175998	-187500.022352	0.034000	1.000000	0.060000	192.000000	1.000000	16.000000	31.000000	64.000000	1.000000	224.000000	0.000000	0.000000	0.000000	1761332299.991108	0.000000
199.000000	38770.173641	39957.766528	-187500.022352	-187500.022352	92706.631745	82984.159349	95194.358551	-187500.022352	0.034000	1.000000	0.060000	192.000000	0.000000	0.000000	0.000000	0.000000	0.000000	0.000000	0.000000	0.000000	0.000000	1761332299.991126	0.000000
200.000000	38789.060866	39988.276659	-187500.022352	-187500.022352	92546.168571	82809.771038	95049.362785	-187500.022352	0.034000	1.000000	0.060000	192.000000	0.000000	0.000000	0.000000	0.000000	0.000000	0.000000	0.000000	0.000000	0.000000	1761332299.991143	0.000000
201.000000	38779.069636	39987.360238	-187500.022352	-187500.022352	92590.894412	82928.525857	94906.624544	-187500.022352	0.034000	1.000000	0.060000	192.000000	0.000000	0.000000	0.000000	0.000000	0.000000	0.000000	0.000000	0.000000	0.000000	1761332299.991160	0.000000
202.000000	38733.919112	39929.200998	-187500.022352	-187500.022352	92794.362342	83182.642839	95110.785378	-187500.022352	0.034000	1.000000	0.060000	192.000000	0.000000	0.000000	0.000000	0.000000	0.000000	0.000000	0.000000	0.000000	0.000000	1761332299.991176	0.000000
203.000000	38721.960929	39919.433286	-187500.022352	-187500.022352	92743.355661	83042.698567	95231.417743	-187500.022352	0.034000	1.000000	0.060000	192.000000	0.000000	0.000000	0.000000	0.000000	0.000000	0.000000	0.000000	0.000000	0.000000	1761332299.991193	0.000000
204.000000	38749.632388	39937.113516	-187500.022352	-187500.022352	92556.048042	82814.800181	95097.620201	-187500.022352	0.034000	1.000000	0.060000	192.000000	0.000000	0.000000	0.000000	0.000000	0.000000	0.000000	0.000000	0.000000	0.000000	1761332299.991210	0.000000
205.000000	38747.263103	39935.370080	-187500.022352	-187500.022352	92554.326958	82866.835042	94917.800417	-187500.022352	0.034000	1.000000	0.060000	192.000000	0.000000	0.000000	0.000000	0.000000	0.000000	0.000000	0.000000	0.000000	0.000000	1761332299.991227	0.000000
206.000000	38718.876388	39901.864815	-187500.022352	-187500.022352	92781.912420	83163.196822	95105.018628	-187500.022352	0.034000	1.000000	0.060000	192.000000	0.000000	0.000000	0.000000	0.000000	0.000000	0.000000	0.000000	0.000000	0.000000	1761332299.991244	0.000000
207.000000	38721.245673	39899.719048	-187500.022352	-187500.022352	92749.122411	83077.164957	95223.438170	-187500.022352	0.034000	1.000000	0.060000	192.000000	0.000000	0.000000	0.000000	0.000000	0.000000	0.000000	0.000000	0.000000	0.000000	1761332299.991282	0.000000
208.000000	38760.070653	39945.741289	-187500.022352	-187500.022352	92511.948050	82812.788524	95042.813723	-187500.022352	0.030000	0.998000	0.062000	192.000000	0.000000	240.000000	31.000000	48.000000	1.000000	240.000000	0.000000	0.000000	0.000000	1761332299.991299	0.000000
209.000000	38772.587630	39964.583810	-187500.022352	-187500.022352	92556.472725	82824.076155	94915.587594	-187500.022352	0.030000	0.998000	0.062000	192.000000	0.000000	0.000000	0.000000	0.000000	0.000000	0.000000	0.000000	0.000000	0.000000	1761332299.991318	0.000000
210.000000	38719.546940	39912.034859	-187500.022352	-187500.022352	92832.717935	83152.669150	95130.767838	-187500.022352	0.030000	0.998000	0.062000	192.000000	0.000000	0.000000	0.000000	0.000000	0.000000	0.000000	0.000000	0.000000	0.000000	1761332299.991336	0.000000
211.000000	38715.300109	39898.623812	-187500.022352	-187500.022352	92802.118397	83141.985016	95245.722860	-187500.022352	0.030000	0.998000	0.062000	192.000000	0.000000	0.000000	0.000000	0.000000	0.000000	0.000000	0.000000	0.000000	0.000000	1761332299.991353	0.000000
212.000000	38740.289359	39922.406068	-187500.022352	-187500.022352	92522.386315	82834.715585	95055.330700	-187500.022352	0.030000	0.998000	0.062000	192.000000	0.000000	0.000000	0.000000	0.000000	0.000000	0.000000	0.000000	0.000000	0.000000	1761332299.991371	0.000000
213.000000	38755.555601	39939.281635	-187500.022352	-187500.022352	92499.967515	82767.369779	94886.552678	-187500.022352	0.030000	0.998000	0.062000	192.000000	0.000000	0.000000	0.000000	0.000000	0.000000	0.000000	0.000000	0.000000	0.000000	1761332299.991388	0.000000
214.000000	38733.047394	39930.296234	-187500.022352	-187500.022352	92786.583935	83087.312649	95050.927407	-187500.022352	0.030000	0.998000	0.062000	192.000000	0.000000	0.000000	0.000000	0.000000	0.000000	0.000000	0.000000	0.000000	0.000000	1761332299.991405	0.000000
215.000000	38711.321498	39909.129132	-187500.022352	-187500.022352	92828.225235	83169.008275	95226.232138	-187500.022352	0.030000	0.998000	0.062000	192.000000	0.000000	0.000000	0.000000	0.000000	0.000000	0.000000	0.000000	0.000000	0.000000	1761332299.991422	0.000000
216.000000	38747.374862	39933.134905	-187500.022352	-187500.022352	92555.556304	82878.323839	95083.650361	-187500.022352	0.030000	0.998000	0.062000	192.000000	0.000000	0.000000	0.000000	0.000000	0.000000	0.000000	0.000000	0.000000	0.000000	1761332299.991440	0.000000
217.000000	38775.806281	39954.592580	-187500.022352	-187500.022352	92481.214402	82757.244439	94901.148367	-187500.022352	0.030000	0.998000	0.062000	192.000000	0.000000	0.000000	0.000000	0.000000	0.000000	0.000000	0.000000	0.000000	0.000000	1761332299.991457	0.000000
218.000000	38741.541057	39935.034804	-187500.022352	-187500.022352	92734.951405	83025.912407	95003.005267	-187500.022352	0.034000	0.996000	0.064000	192.000000	1.000000	16.000000	31.000000	32.000000	2.000000	0.000000	0.000000	0.000000	0.000000	1761332299.991474	0.000000
